ticker,dia,n_mensajes,finbert,probe,vader
CMG,2020-01-01,13,0.0123,0.1119,0.0245
CMG,2020-01-02,20,0.0624,0.3095,0.0087
CMG,2020-01-03,20,0.2557,0.4538,0.0332
CMG,2020-01-04,17,0.0786,0.4929,0.1099
CMG,2020-01-05,13,0.0224,0.4402,0.054
CMG,2020-01-06,20,0.1272,0.4876,-0.0119
CMG,2020-01-07,20,0.0129,0.177,0.017
CMG,2020-01-08,20,0.0991,0.3265,0.0357
CMG,2020-01-09,20,0.0951,0.4411,0.0456
CMG,2020-01-10,20,0.1935,0.4686,0.0548
CMG,2020-01-11,12,0.1719,0.2569,0.0485
CMG,2020-01-12,13,0.2901,0.3369,0.098
CMG,2020-01-13,20,0.0632,0.4147,0.0362
CMG,2020-01-14,20,0.0538,0.4623,0.0616
CMG,2020-01-15,20,0.155,0.3356,0.0765
CMG,2020-01-16,16,0.1795,0.3446,0.0806
CMG,2020-01-17,20,0.141,0.42,0.0717
CMG,2020-01-18,15,0.2162,0.4907,0.0751
CMG,2020-01-19,10,0.224,0.0377,0.0992
CMG,2020-01-20,6,0.095,0.6556,0.0945
CMG,2020-01-21,20,-0.1074,0.4634,0.0374
CMG,2020-01-22,20,0.1105,0.4228,0.0696
CMG,2020-01-23,11,0.2292,0.327,0.0316
CMG,2020-01-24,20,-0.0109,0.4362,0.0463
CMG,2020-01-25,10,0.4257,0.2502,0.0286
CMG,2020-01-26,9,0.5097,0.2688,0.0341
CMG,2020-01-27,20,0.2036,0.3544,0.0347
CMG,2020-01-28,20,-0.1471,0.4171,0.0262
CMG,2020-01-29,20,0.3028,0.0881,0.1367
CMG,2020-01-30,20,-0.0267,0.2878,0.0005
CMG,2020-01-31,20,0.1131,0.2573,-0.0534
CMG,2020-02-01,17,0.1981,0.4606,0.0795
CMG,2020-02-02,10,0.1687,0.0916,0.0154
CMG,2020-02-03,20,0.0375,0.2429,0.017
CMG,2020-02-04,20,0.0466,0.3368,0.0037
CMG,2020-02-05,20,0.0729,0.1614,0.064
CMG,2020-02-06,20,-0.0451,0.3063,0.0171
CMG,2020-02-07,20,-0.1209,0.1663,0.0024
CMG,2020-02-08,9,0.0583,0.1429,0.1091
CMG,2020-02-09,18,0.1629,0.3721,-0.0027
CMG,2020-02-10,20,0.0909,0.3745,0.0289
CMG,2020-02-11,20,-0.0445,0.5587,0.0828
CMG,2020-02-12,20,0.0082,0.2179,-0.0015
CMG,2020-02-13,20,0.0067,0.4352,0.0417
CMG,2020-02-14,20,0.0329,0.1323,0.0421
CMG,2020-02-15,16,0.0263,0.4962,0.0907
CMG,2020-02-16,11,0.046,0.2946,0.1149
CMG,2020-02-17,10,0.176,0.5568,0.1005
CMG,2020-02-18,20,0.1373,0.529,0.0394
CMG,2020-02-19,20,0.0944,0.2628,0.0501
CMG,2020-02-20,20,0.0374,0.3793,0.0539
CMG,2020-02-21,13,0.0251,0.4041,0.0606
CMG,2020-02-22,9,0.2631,0.4114,0.0512
CMG,2020-02-23,10,0.3101,0.3611,0.0678
CMG,2020-02-24,20,-0.0538,0.2196,0.0175
CMG,2020-02-25,20,-0.1025,0.0741,-0.0859
CMG,2020-02-26,20,0.0126,0.1302,0.0471
CMG,2020-02-27,20,-0.1546,0.2496,0.0675
CMG,2020-02-28,20,-0.0289,0.3792,-0.0008
CMG,2020-02-29,17,-0.0385,0.2877,0.0451
CMG,2020-03-01,8,0.0636,0.0765,0.0684
CMG,2020-03-02,20,-0.1766,0.2374,-0.0229
CMG,2020-03-03,20,0.0083,0.2444,0.0322
CMG,2020-03-04,20,0.034,0.3221,0.0641
CMG,2020-03-05,20,-0.0857,0.2922,-0.0175
CMG,2020-03-06,20,0.0341,0.3286,0.0792
CMG,2020-03-07,12,0.152,0.3276,0.0704
CMG,2020-03-08,10,0.1171,0.2189,0.0621
CMG,2020-03-09,20,-0.1599,0.3672,-0.0072
CMG,2020-03-10,20,-0.0847,0.2841,0.1627
CMG,2020-03-11,20,-0.0959,0.2168,-0.0093
CMG,2020-03-12,20,-0.2021,0.321,0.0191
CMG,2020-03-13,20,-0.2723,0.3087,-0.0306
CMG,2020-03-14,13,0.0961,0.2545,0.1162
CMG,2020-03-15,20,-0.2306,0.2863,-0.014
CMG,2020-03-16,20,-0.1199,0.2798,0.0887
CMG,2020-03-17,20,-0.2038,0.2289,0.0332
CMG,2020-03-18,20,-0.0046,0.2993,0.0698
CMG,2020-03-19,20,-0.0546,0.46,-0.0351
CMG,2020-03-20,20,-0.1868,0.3208,0.0148
CMG,2020-03-21,20,0.0819,0.2863,0.0856
CMG,2020-03-22,20,-0.1888,0.2643,0.0196
CMG,2020-03-23,20,-0.0862,0.3099,-0.0021
CMG,2020-03-24,20,-0.0882,0.4327,0.0924
CMG,2020-03-25,20,-0.107,0.2982,0.1432
CMG,2020-03-26,20,-0.2179,0.1093,0.0199
CMG,2020-03-27,20,-0.2051,0.2673,-0.0125
CMG,2020-03-28,12,-0.0473,0.2216,0.0599
CMG,2020-03-29,16,-0.158,-0.1262,0.008
CMG,2020-03-30,20,-0.2165,0.1186,0.0506
CMG,2020-03-31,20,-0.0346,0.2869,0.0586
CMG,2020-04-01,20,0.0131,0.0974,0.098
CMG,2020-04-02,20,-0.1749,0.3193,0.019
CMG,2020-04-03,20,-0.0827,0.3442,0.0711
CMG,2020-04-04,13,0.1422,0.3336,0.1215
CMG,2020-04-05,12,0.1991,0.2482,0.0828
CMG,2020-04-06,20,0.0041,0.4182,-0.0235
CMG,2020-04-07,20,0.0675,0.2953,0.1098
CMG,2020-04-08,20,-0.2044,0.1339,0.0338
CMG,2020-04-09,20,0.0544,0.5772,0.0238
CMG,2020-04-10,19,0.077,0.1807,0.1679
CMG,2020-04-11,16,0.0248,0.3737,0.1456
CMG,2020-04-12,15,-0.1009,0.4664,0.0909
CMG,2020-04-13,20,0.0442,0.2333,0.057
CMG,2020-04-14,20,-0.0556,0.2926,0.0157
CMG,2020-04-15,20,-0.1639,0.211,0.0008
CMG,2020-04-16,20,-0.2064,0.2409,0.0
CMG,2020-04-17,20,-0.0111,0.3483,0.0116
CMG,2020-04-18,20,-0.0195,0.2749,0.0766
CMG,2020-04-19,20,0.1064,0.34,0.0467
CMG,2020-04-20,20,-0.1537,0.1419,0.0078
CMG,2020-04-21,20,-0.1685,0.2754,-0.0145
CMG,2020-04-22,20,-0.1443,0.178,0.02
CMG,2020-04-23,20,-0.0753,0.2595,0.0285
CMG,2020-04-24,20,0.1581,0.4227,0.0507
CMG,2020-04-25,20,0.0535,0.1902,0.0836
CMG,2020-04-26,20,-0.0313,0.1388,0.0651
CMG,2020-04-27,20,-0.2011,0.0916,-0.0305
CMG,2020-04-28,20,0.112,0.261,0.042
CMG,2020-04-29,20,0.0898,0.2917,0.0512
CMG,2020-04-30,20,-0.07,0.2922,-0.0262
CMG,2020-05-01,20,-0.0641,0.191,-0.0089
CMG,2020-05-02,13,0.0097,0.3596,0.0692
CMG,2020-05-03,20,0.0405,0.3296,0.1239
CMG,2020-05-04,20,-0.0019,0.1945,0.1131
CMG,2020-05-05,20,0.0574,0.3462,0.0604
CMG,2020-05-06,20,0.0895,0.0803,0.0306
CMG,2020-05-07,20,0.0507,0.4832,-0.0094
CMG,2020-05-08,20,0.1052,0.5323,0.045
CMG,2020-05-09,20,0.1049,0.3425,0.1169
CMG,2020-05-10,20,0.0107,0.2752,0.0894
CMG,2020-05-11,20,0.0503,0.1761,0.0676
CMG,2020-05-12,20,-0.0934,0.2123,0.0964
CMG,2020-05-13,20,-0.1261,-0.0203,0.012
CMG,2020-05-14,20,0.0564,0.3951,0.0256
CMG,2020-05-15,20,-0.0166,0.4197,0.0622
CMG,2020-05-16,20,-0.0524,0.3224,0.0502
CMG,2020-05-17,20,0.0172,0.3513,0.0817
CMG,2020-05-18,20,-0.0299,0.418,0.0587
CMG,2020-05-19,20,-0.0497,0.2692,0.0269
CMG,2020-05-20,20,-0.0198,0.2888,0.0077
CMG,2020-05-21,20,-0.0288,0.3412,-0.0121
CMG,2020-05-22,20,0.0028,0.4524,0.06
CMG,2020-05-23,20,0.1181,0.5283,0.1478
CMG,2020-05-24,20,-0.1139,0.2906,0.0366
CMG,2020-05-25,20,-0.1158,0.1063,0.086
CMG,2020-05-26,20,0.056,0.4183,0.0863
CMG,2020-05-27,20,-0.0391,0.4923,0.0231
CMG,2020-05-28,20,-0.0294,0.3265,-0.0168
CMG,2020-05-29,20,0.0161,0.2653,0.0193
CMG,2020-05-30,17,-0.0845,0.19,0.0484
CMG,2020-05-31,18,0.0385,0.3422,0.0998
CMG,2020-06-01,20,0.1756,0.4033,0.06
CMG,2020-06-02,20,0.0607,0.1609,0.0279
CMG,2020-06-03,20,0.1224,0.3284,0.0979
CMG,2020-06-04,20,-0.019,0.1775,0.05
CMG,2020-06-05,20,-0.0452,0.1753,0.0355
CMG,2020-06-06,20,0.1731,0.3329,0.053
CMG,2020-06-07,18,0.1491,0.3225,0.0669
CMG,2020-06-08,20,-0.0009,0.4558,-0.0308
CMG,2020-06-09,20,0.0048,0.3756,0.0605
CMG,2020-06-10,20,-0.1053,0.3185,0.0019
CMG,2020-06-11,20,-0.0401,0.3368,0.021
CMG,2020-06-12,20,0.0209,0.4721,0.059
CMG,2020-06-13,14,0.0204,0.3392,0.0781
CMG,2020-06-14,11,0.2394,0.4758,0.1603
CMG,2020-06-15,20,-0.0337,0.4695,0.0184
CMG,2020-06-16,20,-0.0521,0.3409,0.0558
CMG,2020-06-17,20,0.0851,0.3303,0.0506
CMG,2020-06-18,20,0.0074,0.3022,-0.0636
CMG,2020-06-19,20,-0.0107,0.3305,0.1246
CMG,2020-06-20,9,-0.1401,0.2848,0.0549
CMG,2020-06-21,11,0.0366,0.1777,0.1174
CMG,2020-06-22,20,0.0978,0.2179,0.1072
CMG,2020-06-23,20,-0.0069,0.3987,0.063
CMG,2020-06-24,20,-0.0542,0.1789,-0.0105
CMG,2020-06-25,20,-0.0081,0.2102,0.0182
CMG,2020-06-26,20,-0.2728,-0.1183,-0.0322
CMG,2020-06-27,10,0.1092,0.4055,0.0905
CMG,2020-06-28,15,0.0014,0.1854,-0.0072
CMG,2020-06-29,20,0.1649,0.3842,0.0431
CMG,2020-06-30,20,0.0327,0.4099,0.024
CMG,2020-07-01,20,0.2014,0.4231,0.0699
CMG,2020-07-02,20,-0.0146,0.3849,0.0806
CMG,2020-07-03,12,0.1471,0.3769,0.0137
CMG,2020-07-04,6,0.0787,0.3283,0.1575
CMG,2020-07-05,2,0.0559,0.3527,0.074
CMG,2020-07-06,20,0.0582,0.328,0.1367
CMG,2020-07-07,20,-0.0025,0.3728,0.0425
CMG,2020-07-08,20,-0.0503,0.338,0.038
CMG,2020-07-09,20,0.2976,0.3303,0.034
CMG,2020-07-10,20,0.0111,0.3888,0.0267
CMG,2020-07-11,9,-0.0253,0.2227,0.0719
CMG,2020-07-12,8,-0.0461,0.3484,0.0625
CMG,2020-07-13,20,0.0649,0.2534,0.046
CMG,2020-07-14,16,0.1185,0.2208,0.0689
CMG,2020-07-15,20,0.1884,0.4141,0.0359
CMG,2020-07-16,20,0.053,0.2211,0.0534
CMG,2020-07-17,20,0.0671,0.3761,0.0656
CMG,2020-07-18,20,0.01,0.4634,0.0619
CMG,2020-07-19,17,-0.0854,0.4352,0.0559
CMG,2020-07-20,20,0.1482,0.3402,0.0461
CMG,2020-07-21,20,-0.0115,0.1106,0.038
CMG,2020-07-22,20,-0.0512,0.1752,0.0773
CMG,2020-07-23,20,-0.0122,0.3994,0.0308
CMG,2020-07-24,20,-0.1254,0.243,-0.0041
CMG,2020-07-25,20,0.1545,0.3637,0.0834
CMG,2020-07-26,15,0.0484,0.2553,0.0868
CMG,2020-07-27,20,0.1176,0.2436,0.0608
CMG,2020-07-28,20,-0.0264,0.1175,0.0627
CMG,2020-07-29,20,-0.0271,0.1383,0.0271
CMG,2020-07-30,20,0.0561,0.4325,0.092
CMG,2020-07-31,20,0.0447,0.1121,0.1004
CMG,2020-08-01,15,-0.0546,0.4928,0.0579
CMG,2020-08-02,9,0.0814,0.3417,0.0831
CMG,2020-08-03,20,0.122,0.2766,0.0702
CMG,2020-08-04,20,-0.0107,0.2201,0.068
CMG,2020-08-05,20,-0.1886,0.1305,0.0053
CMG,2020-08-06,20,0.0859,0.2647,0.0604
CMG,2020-08-07,20,-0.1686,0.2258,-0.0427
CMG,2020-08-08,6,-0.2867,0.2174,0.0677
CMG,2020-08-09,4,-0.1397,0.1932,0.1075
CMG,2020-08-10,20,-0.0631,0.3173,0.06
CMG,2020-08-11,20,-0.018,0.281,0.1142
CMG,2020-08-12,20,-0.0516,0.058,0.0538
CMG,2020-08-13,20,-0.0131,0.4114,0.048
CMG,2020-08-14,20,-0.0404,0.3407,0.0316
CMG,2020-08-15,8,0.2387,0.2302,0.1004
CMG,2020-08-16,8,0.084,0.3915,0.0751
CMG,2020-08-17,20,0.0978,0.3755,0.0425
CMG,2020-08-18,20,0.0164,0.1466,0.0775
CMG,2020-08-19,20,-0.1251,0.1756,0.0761
CMG,2020-08-20,20,0.0701,0.4175,0.0038
CMG,2020-08-21,20,-0.0348,0.0807,0.0105
CMG,2020-08-22,11,0.1276,0.3186,0.0889
CMG,2020-08-23,12,0.3356,0.4372,0.0536
CMG,2020-08-24,20,-0.083,0.2124,0.086
CMG,2020-08-25,20,0.0897,0.2984,0.0588
CMG,2020-08-26,20,0.0865,0.3943,0.0895
CMG,2020-08-27,20,-0.0484,0.2129,0.067
CMG,2020-08-28,20,-0.0203,0.2109,0.0764
CMG,2020-08-29,18,0.0545,0.3901,0.0843
CMG,2020-08-30,10,-0.0161,0.1275,0.046
CMG,2020-08-31,20,0.0364,0.1143,0.0668
CMG,2020-09-01,20,0.1645,0.4761,0.11
CMG,2020-09-02,20,0.1222,0.4677,0.0922
CMG,2020-09-03,20,0.0153,0.3534,0.0413
CMG,2020-09-04,20,-0.0503,0.2738,0.0017
CMG,2020-09-05,11,0.0023,0.0842,0.0025
CMG,2020-09-06,6,-0.0622,0.2558,0.003
CMG,2020-09-07,10,-0.0692,0.6006,0.0286
CMG,2020-09-08,20,0.0041,0.2231,0.0127
CMG,2020-09-09,12,0.082,0.3428,0.0585
CMG,2020-09-10,15,0.2924,0.3635,0.0568
CMG,2020-09-11,20,-0.0977,0.2286,-0.0148
CMG,2020-09-12,5,0.1255,-0.0601,0.05
CMG,2020-09-13,9,-0.0903,-0.0109,0.0118
CMG,2020-09-14,20,-0.0086,0.3853,0.0726
CMG,2020-09-15,20,0.219,0.3393,0.0966
CMG,2020-09-16,20,0.0167,0.1662,-0.0086
CMG,2020-09-17,18,0.0679,0.1723,0.0055
CMG,2020-09-18,17,-0.2352,-0.0027,0.0115
CMG,2020-09-19,6,-0.093,0.223,0.0885
CMG,2020-09-20,9,0.0067,0.4237,0.0168
CMG,2020-09-21,20,-0.0622,0.2872,0.042
CMG,2020-09-22,20,0.0561,0.3227,0.0201
CMG,2020-09-23,20,0.0063,0.214,0.0509
CMG,2020-09-24,20,0.0555,0.4093,0.0726
CMG,2020-09-25,20,0.0374,0.3411,0.1242
CMG,2020-09-26,4,0.2745,0.1454,0.1423
CMG,2020-09-27,6,0.0771,0.2355,0.149
CMG,2020-09-28,19,0.1531,0.3251,0.0968
CMG,2020-09-29,15,0.0156,0.2098,0.1077
CMG,2020-09-30,11,0.0353,0.229,0.1044
CMG,2020-10-01,20,-0.0129,0.2936,-0.0484
CMG,2020-10-02,20,0.0896,0.3511,0.0695
CMG,2020-10-03,7,-0.1257,0.1157,0.0186
CMG,2020-10-04,4,-0.0229,0.0124,0.0855
CMG,2020-10-05,18,0.0429,0.3745,0.0119
CMG,2020-10-06,20,0.0367,0.4091,0.089
CMG,2020-10-07,20,0.2156,0.309,0.0485
CMG,2020-10-08,9,-0.163,0.0252,-0.0747
CMG,2020-10-09,17,0.1106,0.4061,0.0532
CMG,2020-10-10,7,-0.0597,0.3852,0.0843
CMG,2020-10-11,9,-0.1007,0.294,0.0611
CMG,2020-10-12,18,-0.0076,0.4298,0.0699
CMG,2020-10-13,20,0.1492,0.6002,0.071
CMG,2020-10-14,20,0.0709,0.2978,0.058
CMG,2020-10-15,20,0.0733,0.2169,0.0464
CMG,2020-10-16,20,0.1787,0.3213,0.0358
CMG,2020-10-17,12,0.0307,0.5141,0.047
CMG,2020-10-18,20,0.06,0.4403,0.022
CMG,2020-10-19,20,0.1986,0.4899,0.0506
CMG,2020-10-20,20,0.1698,0.1082,0.0027
CMG,2020-10-21,20,-0.1162,0.3341,0.0133
CMG,2020-10-22,20,0.1683,0.3171,0.0387
CMG,2020-10-23,20,0.1613,0.3414,0.1044
CMG,2020-10-24,19,0.1217,0.3609,0.0654
CMG,2020-10-25,18,0.0731,0.2528,0.0633
CMG,2020-10-26,20,0.2251,0.2232,0.0616
CMG,2020-10-27,20,-0.0398,0.3439,-0.0126
CMG,2020-10-28,20,0.0253,0.4282,0.0546
CMG,2020-10-29,20,0.0903,0.3293,0.0746
CMG,2020-10-30,20,-0.0164,0.2774,0.0616
CMG,2020-10-31,9,-0.1831,0.0406,0.0308
CMG,2020-11-01,9,-0.13,0.1857,-0.0883
CMG,2020-11-02,18,-0.1037,0.3006,-0.0231
CMG,2020-11-03,20,-0.1272,0.0381,-0.0269
CMG,2020-11-04,20,0.0898,0.3094,0.0956
CMG,2020-11-05,14,-0.0693,0.3934,0.0881
CMG,2020-11-06,9,-0.2417,0.0364,0.045
CMG,2020-11-07,3,0.0928,0.543,0.1227
CMG,2020-11-08,4,0.1563,0.1617,0.0298
CMG,2020-11-09,12,-0.0849,0.4098,0.0257
CMG,2020-11-10,16,-0.1666,0.1599,0.0277
CMG,2020-11-11,20,0.1877,0.3855,0.0634
CMG,2020-11-12,20,0.2218,0.3119,0.0678
CMG,2020-11-13,14,-0.1379,0.0914,0.0587
CMG,2020-11-14,3,0.0232,0.1599,0.0893
CMG,2020-11-15,3,0.0204,0.016,0.044
CMG,2020-11-16,20,0.056,0.2402,0.0362
CMG,2020-11-17,17,-0.0249,0.2464,0.0859
CMG,2020-11-18,20,-0.0082,0.3005,0.0271
CMG,2020-11-19,20,0.0761,0.2817,0.0652
CMG,2020-11-20,12,0.1311,0.2319,0.0736
CMG,2020-11-21,8,0.1368,0.4122,0.081
CMG,2020-11-22,8,0.0531,0.2761,0.0331
CMG,2020-11-23,14,-0.0526,0.2386,-0.0195
CMG,2020-11-24,18,-0.0339,0.1549,0.0269
CMG,2020-11-25,20,0.092,0.4025,0.0682
CMG,2020-11-26,6,0.0215,0.3531,0.1017
CMG,2020-11-27,9,0.1332,0.3394,0.0749
CMG,2020-11-28,10,0.0293,0.1954,0.0312
CMG,2020-11-29,9,0.0546,0.3387,0.0264
CMG,2020-11-30,20,0.0715,0.4156,-0.0158
CMG,2020-12-01,20,-0.1538,0.1543,-0.0234
CMG,2020-12-02,20,0.1507,0.3048,0.0773
CMG,2020-12-03,16,0.1669,0.5104,0.0859
CMG,2020-12-04,20,0.1085,0.385,0.1385
CMG,2020-12-05,8,-0.062,0.3636,-0.003
CMG,2020-12-06,7,0.1697,0.4134,0.0674
CMG,2020-12-07,20,-0.0369,0.272,0.0388
CMG,2020-12-08,13,0.0514,0.2648,0.0541
CMG,2020-12-09,17,-0.0025,0.438,0.0936
CMG,2020-12-10,18,0.0248,0.0908,-0.0167
CMG,2020-12-11,9,-0.0468,0.0421,0.0203
CMG,2020-12-12,6,0.0412,0.51,0.1477
CMG,2020-12-13,10,0.0459,0.1841,-0.0232
CMG,2020-12-14,8,-0.1034,0.0261,0.1015
CMG,2020-12-15,20,0.1372,0.3072,0.0932
CMG,2020-12-16,20,0.0204,0.4309,0.0861
CMG,2020-12-17,20,0.113,0.4341,0.0597
CMG,2020-12-18,20,0.0013,0.2048,0.0426
CMG,2020-12-19,8,0.1196,0.1664,0.0241
CMG,2020-12-20,15,0.1042,0.3661,0.0512
CMG,2020-12-21,13,0.0903,0.3141,0.0802
CMG,2020-12-22,20,0.0155,0.5095,0.0918
CMG,2020-12-23,20,-0.0886,0.2169,0.0001
CMG,2020-12-24,8,-0.0848,0.2883,0.1062
CMG,2020-12-25,5,0.0005,0.2345,0.0188
CMG,2020-12-26,7,0.2261,0.1769,0.076
CMG,2020-12-27,3,-0.3216,-0.3272,-0.0373
CMG,2020-12-28,18,-0.0604,0.2335,0.0148
CMG,2020-12-29,18,-0.1314,0.2837,0.0207
CMG,2020-12-30,10,-0.2695,0.2696,-0.0163
CMG,2020-12-31,20,0.1069,0.4236,0.0173
CMG,2021-01-01,1,0.01,0.0069,0.0
CMG,2021-01-02,5,-0.1718,0.0479,-0.1646
CMG,2021-01-03,4,0.003,0.222,0.0
CMG,2021-01-04,20,-0.2092,0.1342,-0.0282
CMG,2021-01-05,20,0.0889,0.3188,-0.0626
CMG,2021-01-06,20,-0.0641,0.3975,0.0654
CMG,2021-01-07,20,-0.0374,0.3329,0.0706
CMG,2021-01-08,20,0.113,0.3898,0.046
CMG,2021-01-09,10,-0.0052,0.1676,0.0043
CMG,2021-01-10,5,0.291,0.2173,0.036
CMG,2021-01-11,16,0.104,0.2583,0.0542
CMG,2021-01-12,20,-0.1531,0.3035,0.0022
CMG,2021-01-13,17,0.0458,0.2034,0.0694
CMG,2021-01-14,20,0.1926,0.2344,0.0092
CMG,2021-01-15,20,0.0227,0.2273,0.053
CMG,2021-01-16,3,0.1772,0.0546,0.028
CMG,2021-01-17,2,0.349,0.4564,0.2115
CMG,2021-01-18,3,0.0216,-0.0044,0.0
CMG,2021-01-19,20,0.0718,0.2083,0.0338
CMG,2021-01-20,20,0.2369,0.4602,0.1693
CMG,2021-01-21,20,0.2867,0.3464,0.0559
CMG,2021-01-22,12,0.0251,0.1878,0.091
CMG,2021-01-23,20,-0.0746,0.3028,0.0656
CMG,2021-01-24,8,0.085,0.2255,0.0869
CMG,2021-01-25,20,0.1097,0.2266,0.0968
CMG,2021-01-26,9,0.0818,0.2067,0.1218
CMG,2021-01-27,10,0.1183,0.2574,0.0785
CMG,2021-01-28,17,0.0064,0.2023,0.0506
CMG,2021-01-29,20,0.273,0.4514,0.0518
CMG,2021-01-30,5,0.0585,0.641,0.116
CMG,2021-01-31,9,0.1023,0.6083,0.0437
CMG,2021-02-01,20,0.2533,0.2455,0.0113
CMG,2021-02-02,20,-0.0831,0.0935,0.0378
CMG,2021-02-03,20,-0.0925,0.1586,0.0222
CMG,2021-02-04,20,-0.0955,0.2304,0.0228
CMG,2021-02-05,20,0.012,0.3264,-0.0342
CMG,2021-02-06,20,0.0284,0.1528,0.0764
CMG,2021-02-07,13,0.0601,0.1862,0.1743
CMG,2021-02-08,20,-0.0057,0.1526,0.0865
CMG,2021-02-09,20,0.193,0.4363,0.0202
CMG,2021-02-10,20,0.0873,0.1907,-0.0047
CMG,2021-02-11,20,0.1273,0.2575,0.0655
CMG,2021-02-12,12,0.1726,0.4112,0.1128
CMG,2021-02-13,4,-0.0616,0.0556,-0.0525
CMG,2021-02-14,1,0.0067,0.0049,0.0
CMG,2021-02-15,9,-0.0117,0.4151,0.0693
CMG,2021-02-16,20,-0.0933,0.2955,-0.0614
CMG,2021-02-17,20,-0.0287,0.4426,-0.0196
CMG,2021-02-18,13,0.0321,0.2324,-0.0344
CMG,2021-02-19,9,-0.1771,0.1951,-0.002
CMG,2021-02-20,1,0.0074,0.0043,0.0
CMG,2021-02-21,2,-0.1152,-0.2591,-0.095
CMG,2021-02-22,18,0.0975,0.4715,0.0593
CMG,2021-02-23,11,0.0304,0.1363,-0.0217
CMG,2021-02-24,14,-0.1288,0.1111,0.0847
CMG,2021-02-25,20,0.0444,0.3146,0.0273
CMG,2021-02-26,20,0.0365,0.3074,0.0965
CMG,2021-02-27,9,0.1054,0.1819,0.0271
CMG,2021-02-28,7,0.0817,0.2339,0.0046
CMG,2021-03-01,20,-0.0448,0.4269,0.0462
CMG,2021-03-02,20,-0.086,0.3815,0.0358
CMG,2021-03-03,15,0.0046,0.3962,0.0673
CMG,2021-03-04,20,-0.0145,0.0464,0.0308
CMG,2021-03-05,20,-0.1171,0.161,-0.0062
CMG,2021-03-06,20,-0.0205,0.3245,0.0506
CMG,2021-03-07,5,-0.1999,0.6249,0.0466
CMG,2021-03-08,10,-0.0515,0.2181,0.1173
CMG,2021-03-09,20,0.0787,0.295,0.0361
CMG,2021-03-10,20,0.0099,0.1883,0.0974
CMG,2021-03-11,15,0.0746,0.3422,0.1154
CMG,2021-03-12,14,-0.0446,0.5014,0.093
CMG,2021-03-13,4,-0.0147,0.3916,0.0472
CMG,2021-03-14,6,0.0456,0.4477,-0.0247
CMG,2021-03-15,10,0.0254,0.2364,0.0965
CMG,2021-03-16,20,0.0457,0.2605,0.0604
CMG,2021-03-17,20,-0.0391,0.4223,0.03
CMG,2021-03-18,20,0.0462,0.379,0.061
CMG,2021-03-19,20,0.1535,0.2404,0.0431
CMG,2021-03-20,6,-0.0098,0.3155,0.0187
CMG,2021-03-21,7,-0.0324,0.4917,0.0317
CMG,2021-03-22,17,-0.1857,-0.0378,0.0781
CMG,2021-03-23,20,0.3047,0.3105,0.0618
CMG,2021-03-24,9,0.1131,0.609,0.1197
CMG,2021-03-25,20,0.2016,0.1288,0.028
CMG,2021-03-26,13,-0.0208,0.2283,0.1118
CMG,2021-03-27,8,0.0287,0.4859,0.0818
CMG,2021-03-28,7,0.1232,0.3413,0.1483
CMG,2021-03-29,14,0.0073,0.3907,0.0119
CMG,2021-03-30,20,0.0182,0.1424,0.1046
CMG,2021-03-31,20,-0.024,0.1993,0.0722
CMG,2021-04-01,20,-0.032,0.3216,0.0744
CMG,2021-04-02,5,-0.0943,0.3584,0.077
CMG,2021-04-03,8,0.1762,0.4844,0.0748
CMG,2021-04-04,4,0.2112,0.4485,0.0428
CMG,2021-04-05,15,0.0136,0.213,0.0015
CMG,2021-04-06,20,0.1967,0.3197,0.0918
CMG,2021-04-07,20,-0.0012,0.2199,0.13
CMG,2021-04-08,20,0.0566,0.1982,0.0842
CMG,2021-04-09,16,0.1764,0.3299,0.0448
CMG,2021-04-10,6,0.1386,0.4228,0.0743
CMG,2021-04-11,6,-0.1098,0.2565,0.0292
CMG,2021-04-12,20,0.2023,0.4359,0.0538
CMG,2021-04-13,20,0.131,0.3273,0.0064
CMG,2021-04-14,20,0.1124,0.2451,0.0663
CMG,2021-04-15,20,0.2337,0.3521,0.047
CMG,2021-04-16,20,0.2613,0.2132,0.0422
CMG,2021-04-17,9,0.0982,0.4592,0.0822
CMG,2021-04-18,14,-0.0396,0.2495,0.047
CMG,2021-04-19,20,0.1809,0.4651,0.0331
CMG,2021-04-20,19,0.0735,0.3066,0.0098
CMG,2021-04-21,20,0.1759,0.38,0.0558
CMG,2021-04-22,20,0.1868,0.3325,0.0475
CMG,2021-04-23,20,0.1784,0.2263,0.0592
CMG,2021-04-24,12,-0.0883,0.2412,0.0591
CMG,2021-04-25,5,0.1726,0.4461,0.0328
CMG,2021-04-26,15,0.1359,0.3673,0.0934
CMG,2021-04-27,20,0.0281,0.1065,0.0648
CMG,2021-04-28,20,0.0955,0.1186,0.0321
CMG,2021-04-29,18,0.0218,0.1394,0.0132
CMG,2021-04-30,20,0.022,0.1335,0.0956
CMG,2021-05-01,4,0.3141,0.3728,0.1048
CMG,2021-05-02,10,0.0895,0.437,0.0174
CMG,2021-05-03,13,-0.0755,0.2555,0.0868
CMG,2021-05-04,7,-0.158,0.4322,0.0436
CMG,2021-05-05,5,0.0512,0.5641,0.0438
CMG,2021-05-06,14,-0.1585,0.3705,-0.0143
CMG,2021-05-07,11,-0.1698,0.1401,0.0287
CMG,2021-05-08,3,-0.3231,-0.0434,-0.0283
CMG,2021-05-09,7,-0.0873,0.3187,-0.0489
CMG,2021-05-10,20,0.0666,0.198,0.0014
CMG,2021-05-11,15,0.0159,0.446,-0.0292
CMG,2021-05-12,14,-0.1817,0.3545,0.1084
CMG,2021-05-13,20,0.0005,0.193,-0.0019
CMG,2021-05-14,14,0.0191,0.2284,-0.0681
CMG,2021-05-15,8,-0.1746,0.0706,0.0226
CMG,2021-05-16,3,-0.1186,0.2164,0.0023
CMG,2021-05-17,20,-0.1061,0.3722,0.0226
CMG,2021-05-18,12,-0.2352,0.3,0.006
CMG,2021-05-19,20,0.1476,0.1941,0.1395
CMG,2021-05-20,20,0.0173,0.1057,0.0482
CMG,2021-05-21,20,-0.1197,0.2273,-0.006
CMG,2021-05-22,5,-0.0963,0.0616,0.0038
CMG,2021-05-23,14,-0.1781,0.214,0.0914
CMG,2021-05-24,11,0.0056,0.1453,0.0678
CMG,2021-05-25,10,-0.0197,0.5136,-0.0161
CMG,2021-05-26,14,0.0834,0.3329,0.0138
CMG,2021-05-27,20,0.2193,0.377,-0.0072
CMG,2021-05-28,14,-0.0402,0.3353,0.0461
CMG,2021-05-29,10,-0.1035,0.3179,0.0133
CMG,2021-05-30,7,0.0589,0.5817,0.0524
CMG,2021-05-31,7,-0.1395,0.3781,0.0254
CMG,2021-06-01,20,-0.053,0.2343,0.0189
CMG,2021-06-02,17,0.0672,0.361,0.0467
CMG,2021-06-03,15,-0.0107,0.5547,0.0211
CMG,2021-06-04,18,-0.0504,0.1705,0.0567
CMG,2021-06-05,7,-0.0098,0.3672,0.0126
CMG,2021-06-06,8,-0.0568,0.3388,0.0144
CMG,2021-06-07,13,0.0453,0.3411,0.0767
CMG,2021-06-08,20,0.2445,0.4379,0.0228
CMG,2021-06-09,20,0.1597,0.3768,0.0845
CMG,2021-06-10,16,-0.0686,0.4236,0.0298
CMG,2021-06-11,17,0.0782,0.2971,0.0752
CMG,2021-06-12,6,0.1679,0.704,0.1235
CMG,2021-06-13,7,-0.1641,0.3768,0.0029
CMG,2021-06-14,20,0.0218,0.1996,0.095
CMG,2021-06-15,20,-0.0059,0.2842,0.0618
CMG,2021-06-16,17,-0.0041,0.2942,-0.0188
CMG,2021-06-17,19,-0.0152,0.2208,0.0334
CMG,2021-06-18,20,0.0442,0.3473,-0.0254
CMG,2021-06-19,6,-0.0257,0.6039,0.0147
CMG,2021-06-20,6,-0.0524,0.5918,0.008
CMG,2021-06-21,20,0.0561,0.4844,0.0855
CMG,2021-06-22,20,0.2741,0.3502,0.1406
CMG,2021-06-23,20,-0.0115,0.2014,0.0308
CMG,2021-06-24,20,-0.1111,0.1699,-0.0079
CMG,2021-06-25,20,0.0794,0.3579,0.0576
CMG,2021-06-26,10,-0.0011,0.481,0.07
CMG,2021-06-27,12,0.0792,0.4906,0.0746
CMG,2021-06-28,16,-0.0233,0.396,0.094
CMG,2021-06-29,17,-0.1035,0.2607,0.0631
CMG,2021-06-30,20,0.0739,0.4386,0.0773
CMG,2021-07-01,19,-0.0636,0.531,0.0434
CMG,2021-07-02,20,0.047,0.351,0.0183
CMG,2021-07-03,9,0.05,0.3887,0.0688
CMG,2021-07-04,12,0.0345,0.2506,0.0558
CMG,2021-07-05,6,0.0963,0.1817,0.0073
CMG,2021-07-06,20,0.2037,0.3116,0.0347
CMG,2021-07-07,20,-0.0029,0.4833,0.0922
CMG,2021-07-08,20,0.2899,0.2318,0.0148
CMG,2021-07-09,20,0.0307,0.3318,-0.041
CMG,2021-07-10,9,0.1073,0.4392,0.0501
CMG,2021-07-11,13,0.0812,0.4552,0.0237
CMG,2021-07-12,20,0.2007,0.5634,0.0369
CMG,2021-07-13,20,0.0714,0.5088,0.0058
CMG,2021-07-14,20,0.0499,0.2987,0.0006
CMG,2021-07-15,20,-0.0122,0.1286,0.0524
CMG,2021-07-16,15,0.0477,0.4817,0.0019
CMG,2021-07-17,4,-0.0178,0.3417,0.0138
CMG,2021-07-18,20,0.0324,0.4736,0.0155
CMG,2021-07-19,20,0.1388,0.3474,0.1096
CMG,2021-07-20,20,0.2173,0.2643,0.148
CMG,2021-07-21,20,0.1661,0.4088,0.0886
CMG,2021-07-22,20,0.0763,0.2259,0.072
CMG,2021-07-23,20,0.0499,0.4785,-0.0084
CMG,2021-07-24,20,-0.1068,0.3447,0.033
CMG,2021-07-25,20,0.1453,0.438,0.0349
CMG,2021-07-26,20,-0.0037,0.2323,0.0752
CMG,2021-07-27,20,0.0311,0.2419,0.0341
CMG,2021-07-28,20,-0.08,0.259,0.0692
CMG,2021-07-29,20,0.0256,0.4335,0.0164
CMG,2021-07-30,20,-0.1955,0.1171,0.0117
CMG,2021-07-31,14,0.0584,0.4386,0.0529
CMG,2021-08-01,18,0.0234,0.5304,-0.0057
CMG,2021-08-02,20,0.0903,0.6296,0.0714
CMG,2021-08-03,20,-0.2133,0.0429,0.034
CMG,2021-08-04,20,0.0114,0.4035,0.0718
CMG,2021-08-05,20,-0.0358,0.4115,0.0629
CMG,2021-08-06,20,0.0504,0.1522,0.078
CMG,2021-08-07,10,0.0487,0.4492,0.0811
CMG,2021-08-08,6,0.2346,0.3667,0.1418
CMG,2021-08-09,20,-0.0387,0.2502,0.0725
CMG,2021-08-10,20,0.0603,0.339,-0.0159
CMG,2021-08-11,20,0.0601,0.3612,0.0824
CMG,2021-08-12,20,0.0592,0.4542,-0.0101
CMG,2021-08-13,20,-0.0655,0.2691,-0.046
CMG,2021-08-14,11,0.0248,0.2039,0.0513
CMG,2021-08-15,8,-0.107,0.2088,0.1085
CMG,2021-08-16,20,-0.0788,0.3512,0.01
CMG,2021-08-17,20,-0.0157,0.3547,0.0263
CMG,2021-08-18,20,-0.2825,0.1557,-0.0462
CMG,2021-08-19,20,-0.0471,0.4002,0.0231
CMG,2021-08-20,20,0.0357,0.2161,0.0327
CMG,2021-08-21,12,-0.0638,0.2664,0.0992
CMG,2021-08-22,10,-0.0196,0.0501,0.066
CMG,2021-08-23,20,0.0503,0.2009,0.0766
CMG,2021-08-24,20,0.0505,0.2888,-0.0137
CMG,2021-08-25,20,-0.1067,0.1532,-0.0289
CMG,2021-08-26,20,-0.0763,0.1583,0.0292
CMG,2021-08-27,17,-0.0623,0.3021,-0.0522
CMG,2021-08-28,4,0.0257,0.002,-0.1268
CMG,2021-08-29,7,0.0409,0.3071,0.1231
CMG,2021-08-30,20,-0.0382,0.3907,0.0096
CMG,2021-08-31,20,0.0184,0.197,-0.0183
CMG,2021-09-01,20,0.3356,0.1818,0.1407
CMG,2021-09-02,20,-0.0308,0.1997,0.0756
CMG,2021-09-03,20,-0.0435,0.4065,0.0116
CMG,2021-09-04,6,0.0463,0.4601,0.1293
CMG,2021-09-05,5,0.1682,0.2025,0.1246
CMG,2021-09-06,7,0.0161,0.1611,0.1187
CMG,2021-09-07,20,-0.0342,0.3996,-0.0131
CMG,2021-09-08,20,0.001,0.2558,0.0018
CMG,2021-09-09,20,0.0253,0.2712,0.024
CMG,2021-09-10,20,0.0179,0.3969,0.0101
CMG,2021-09-11,7,0.032,-0.0113,0.0736
CMG,2021-09-12,20,0.0672,0.1667,0.0646
CMG,2021-09-13,20,-0.0203,0.2346,-0.0077
CMG,2021-09-14,20,-0.2377,0.1896,0.0286
CMG,2021-09-15,20,0.1191,0.2767,0.0919
CMG,2021-09-16,20,-0.0853,0.3081,0.0146
CMG,2021-09-17,20,-0.0288,0.1388,0.0005
CMG,2021-09-18,7,-0.0416,0.089,-0.0333
CMG,2021-09-19,8,-0.1609,0.0937,0.0439
CMG,2021-09-20,20,-0.1542,0.3538,0.0324
CMG,2021-09-21,20,-0.0164,0.1014,0.049
CMG,2021-09-22,20,-0.1286,0.2022,0.0542
CMG,2021-09-23,20,-0.0717,0.1306,0.0197
CMG,2021-09-24,20,0.0443,0.2277,0.0241
CMG,2021-09-25,11,-0.0966,0.1408,0.0458
CMG,2021-09-26,9,-0.048,0.0959,0.0802
CMG,2021-09-27,20,-0.039,0.1833,0.0116
CMG,2021-09-28,20,-0.0028,0.401,0.0923
CMG,2021-09-29,20,0.1097,0.4845,0.0565
CMG,2021-09-30,20,-0.0943,0.221,0.0139
CMG,2021-10-01,20,-0.1574,0.2234,0.0044
CMG,2021-10-02,9,-0.0495,0.1305,0.0393
CMG,2021-10-03,8,-0.2024,0.2002,0.015
CMG,2021-10-04,20,0.1238,0.2498,0.0845
CMG,2021-10-05,20,-0.0771,0.112,0.0233
CMG,2021-10-06,20,-0.1192,0.0731,0.0103
CMG,2021-10-07,20,-0.0401,0.2754,0.0232
CMG,2021-10-08,20,-0.0514,0.3134,0.0928
CMG,2021-10-09,9,-0.0443,0.1561,0.0657
CMG,2021-10-10,8,-0.0221,0.3127,0.0216
CMG,2021-10-11,19,-0.0444,0.1277,-0.0203
CMG,2021-10-12,20,-0.155,0.171,0.0079
CMG,2021-10-13,20,0.0787,0.4288,0.058
CMG,2021-10-14,20,-0.0805,0.1864,0.0143
CMG,2021-10-15,20,-0.0053,0.2531,0.0324
CMG,2021-10-16,8,0.0504,0.4923,0.0368
CMG,2021-10-17,15,-0.0261,0.2627,0.0176
CMG,2021-10-18,20,-0.0136,0.3288,0.0534
CMG,2021-10-19,20,0.0104,0.2682,0.0515
CMG,2021-10-20,20,-0.081,0.1851,-0.0085
CMG,2021-10-21,20,0.1329,0.3943,0.0308
CMG,2021-10-22,20,0.0229,0.2722,0.0456
CMG,2021-10-23,20,-0.0777,0.1967,0.0965
CMG,2021-10-24,20,-0.034,0.0408,0.0803
CMG,2021-10-25,20,0.0088,0.5918,0.1005
CMG,2021-10-26,20,0.1107,0.4984,0.046
CMG,2021-10-27,20,-0.233,0.1348,0.0606
CMG,2021-10-28,20,0.0015,0.3501,0.0778
CMG,2021-10-29,20,-0.0108,0.1802,0.0045
CMG,2021-10-30,13,-0.1537,0.1479,0.0626
CMG,2021-10-31,16,-0.141,0.2264,0.0662
CMG,2021-11-01,20,-0.0487,0.3527,0.0584
CMG,2021-11-02,20,-0.1077,0.1472,0.058
CMG,2021-11-03,20,-0.0729,0.4783,0.0842
CMG,2021-11-04,20,0.0065,0.1849,0.0636
CMG,2021-11-05,20,-0.0794,0.2252,0.0704
CMG,2021-11-06,7,-0.1194,0.2041,0.1766
CMG,2021-11-07,5,-0.0041,0.1578,0.0546
CMG,2021-11-08,20,-0.0303,0.2395,0.0405
CMG,2021-11-09,20,-0.1646,0.0679,0.0028
CMG,2021-11-10,20,-0.0497,0.1092,0.0434
CMG,2021-11-11,20,0.0665,0.4344,0.0672
CMG,2021-11-12,20,-0.0217,0.2031,0.0187
CMG,2021-11-13,9,0.0801,0.0355,0.0396
CMG,2021-11-14,7,0.0576,0.048,0.1474
CMG,2021-11-15,20,-0.0365,0.1631,0.0928
CMG,2021-11-16,20,0.0257,0.2127,0.0128
CMG,2021-11-17,15,-0.0128,0.3522,0.1428
CMG,2021-11-18,20,-0.0303,0.3003,0.0649
CMG,2021-11-19,20,-0.1301,0.3588,0.0436
CMG,2021-11-20,6,-0.3989,0.1834,0.1288
CMG,2021-11-21,9,-0.1314,0.2131,0.0406
CMG,2021-11-22,17,-0.1933,0.1507,0.0806
CMG,2021-11-23,20,-0.0878,0.2648,0.0516
CMG,2021-11-24,20,-0.0091,0.3534,0.1092
CMG,2021-11-25,6,-0.443,-0.0689,0.0427
CMG,2021-11-26,20,-0.072,0.3168,0.0146
CMG,2021-11-27,13,-0.2116,0.266,0.0406
CMG,2021-11-28,11,-0.2361,0.1274,0.0361
CMG,2021-11-29,17,-0.0936,0.2998,0.0828
CMG,2021-11-30,20,-0.1554,0.36,0.0252
CMG,2021-12-01,20,-0.0782,0.3075,-0.0124
CMG,2021-12-02,20,0.0247,0.1309,0.087
CMG,2021-12-03,20,-0.0198,0.2574,0.0561
CMG,2021-12-04,12,-0.1369,0.1562,0.0098
CMG,2021-12-05,8,-0.196,0.056,0.043
CMG,2021-12-06,20,-0.0088,0.1878,0.064
CMG,2021-12-07,20,-0.0221,0.1378,0.0307
CMG,2021-12-08,20,-0.0049,0.1464,0.1076
CMG,2021-12-09,20,-0.0453,0.2484,0.0798
CMG,2021-12-10,12,-0.0843,0.1422,0.0623
CMG,2021-12-11,6,-0.0413,-0.094,0.1398
CMG,2021-12-12,6,-0.0257,0.2507,0.102
CMG,2021-12-13,16,-0.1168,0.2579,0.0292
CMG,2021-12-14,20,0.0858,0.3302,0.1012
CMG,2021-12-15,15,0.1405,0.3402,0.1053
CMG,2021-12-16,20,-0.072,0.0538,-0.0099
CMG,2021-12-17,19,0.1018,0.2916,0.0348
CMG,2021-12-18,6,-0.31,0.0394,0.1083
CMG,2021-12-19,4,-0.1647,-0.0069,0.112
CMG,2021-12-20,11,-0.2963,0.0013,0.075
CMG,2021-12-21,13,-0.1007,0.2076,-0.0208
CMG,2021-12-22,12,-0.1104,0.2079,0.051
CMG,2021-12-23,19,-0.0838,0.1074,0.0651
CMG,2021-12-24,5,-0.0293,0.0811,0.1648
CMG,2021-12-25,5,-0.1538,0.0784,0.1094
CMG,2021-12-26,6,-0.048,0.1221,0.0162
CMG,2021-12-27,14,0.1603,0.5651,0.1086
CMG,2021-12-28,20,-0.0377,0.2437,0.0313
CMG,2021-12-29,9,-0.1185,0.3869,0.0254
CMG,2021-12-30,9,-0.0736,0.3028,0.0724
CMG,2021-12-31,12,-0.1465,0.1314,0.0061
CMG,2022-01-01,3,-0.2572,0.0596,0.006
CMG,2022-01-02,10,-0.253,0.0754,0.0272
CMG,2022-01-03,20,-0.0183,0.2873,0.0175
CMG,2022-01-04,20,-0.0058,0.348,0.038
CMG,2022-01-05,20,-0.0163,0.2463,0.0593
CMG,2022-01-06,20,-0.2032,0.2247,0.0111
CMG,2022-01-07,20,-0.1356,0.1844,-0.0198
CMG,2022-01-08,11,-0.2452,0.0023,-0.0721
CMG,2022-01-09,9,-0.1275,0.1347,0.0742
CMG,2022-01-10,15,-0.0868,0.3022,0.0003
CMG,2022-01-11,19,-0.0782,0.2065,0.027
CMG,2022-01-12,17,-0.2484,0.0594,0.0159
CMG,2022-01-13,20,-0.0231,0.3807,0.0278
CMG,2022-01-14,20,0.0737,0.3978,0.0857
CMG,2022-01-15,17,-0.2204,0.0912,-0.0369
CMG,2022-01-16,15,-0.1739,0.2067,-0.0426
CMG,2022-01-17,13,-0.1758,0.2552,0.0074
CMG,2022-01-18,20,-0.0486,0.1312,0.0787
CMG,2022-01-19,20,0.0062,0.4174,0.0408
CMG,2022-01-20,20,-0.0667,0.351,0.017
CMG,2022-01-21,20,-0.1949,0.2609,-0.0969
CMG,2022-01-22,7,0.0526,0.3436,0.1031
CMG,2022-01-23,10,-0.0396,0.2122,0.0642
CMG,2022-01-24,20,0.0139,0.4551,-0.0234
CMG,2022-01-25,20,0.0789,0.3046,0.1032
CMG,2022-01-26,20,0.0098,0.1495,0.0086
CMG,2022-01-27,20,-0.0559,0.2402,0.0613
CMG,2022-01-28,12,-0.0095,0.2983,0.0742
CMG,2022-01-29,12,-0.2131,0.2512,0.0494
CMG,2022-01-30,5,-0.1155,0.271,-0.0716
CMG,2022-01-31,19,-0.1869,0.1901,0.0422
CMG,2022-02-01,20,-0.0612,0.2173,0.0099
CMG,2022-02-02,20,-0.0359,0.2382,0.0102
CMG,2022-02-03,20,-0.0957,0.2891,-0.0158
CMG,2022-02-04,20,-0.0922,0.2318,0.0246
CMG,2022-02-05,20,0.0458,0.3416,0.0353
CMG,2022-02-06,20,-0.0982,0.2888,0.0531
CMG,2022-02-07,20,-0.1235,0.1498,0.0798
CMG,2022-02-08,20,-0.0331,0.3381,-0.0013
CMG,2022-02-09,20,-0.007,0.2365,-0.003
CMG,2022-02-10,20,-0.0913,0.1708,0.0738
CMG,2022-02-11,20,-0.1376,0.1251,0.0209
CMG,2022-02-12,12,-0.2397,0.0421,0.0033
CMG,2022-02-13,5,-0.1997,0.128,0.0426
CMG,2022-02-14,20,-0.016,0.3261,0.0462
CMG,2022-02-15,20,0.0346,0.2376,-0.013
CMG,2022-02-16,19,-0.1658,0.2496,-0.0388
CMG,2022-02-17,20,-0.085,0.1211,0.0388
CMG,2022-02-18,12,-0.2557,0.2269,0.004
CMG,2022-02-19,2,0.0225,0.5099,0.0855
CMG,2022-02-20,15,-0.0704,0.2431,-0.0403
CMG,2022-02-21,15,-0.2045,0.2144,0.0385
CMG,2022-02-22,9,0.0305,0.3306,-0.0222
CMG,2022-02-23,20,-0.1196,0.1832,0.0174
CMG,2022-02-24,20,-0.0161,0.3556,0.089
CMG,2022-02-25,6,-0.1272,0.2048,0.1082
CMG,2022-02-26,5,0.2024,0.0984,0.023
CMG,2022-02-27,13,-0.1334,0.1409,0.0848
CMG,2022-02-28,12,-0.0975,0.1465,0.0435
CMG,2022-03-01,17,-0.1603,0.0734,0.0002
CMG,2022-03-02,10,-0.2362,0.2434,-0.0188
CMG,2022-03-03,20,-0.1273,0.1501,0.018
CMG,2022-03-04,16,-0.0805,0.3934,0.0611
CMG,2022-03-05,6,-0.1492,0.1393,-0.0983
CMG,2022-03-06,1,-0.1568,0.9944,-0.273
CMG,2022-03-07,20,-0.073,0.4534,0.0103
CMG,2022-03-08,19,-0.169,-0.0165,0.0363
CMG,2022-03-09,20,-0.119,0.2434,0.0855
CMG,2022-03-10,20,-0.1449,0.1762,0.0412
CMG,2022-03-11,20,0.1221,0.3291,0.0699
CMG,2022-03-12,5,0.0136,-0.0498,0.0604
CMG,2022-03-13,20,0.0945,0.1027,0.0642
CMG,2022-03-14,20,-0.0789,0.2158,0.0637
CMG,2022-03-15,17,0.0377,0.2492,0.0756
CMG,2022-03-16,20,0.0188,0.1422,0.0286
CMG,2022-03-17,18,-0.11,0.1686,0.0314
CMG,2022-03-18,20,0.1394,0.3547,0.1062
CMG,2022-03-19,6,0.1813,0.4095,0.0673
CMG,2022-03-20,4,0.3223,0.5099,0.0462
CMG,2022-03-21,18,-0.0126,0.0517,-0.0653
CMG,2022-03-22,8,0.1634,0.6097,0.0168
CMG,2022-03-23,5,-0.0099,0.1041,0.073
CMG,2022-03-24,13,-0.1534,0.2446,0.0622
CMG,2022-03-25,12,0.0353,0.3584,0.0297
CMG,2022-03-26,2,-0.4289,-0.0766,-0.078
CMG,2022-03-27,7,0.2332,0.2319,0.0281
CMG,2022-03-28,15,0.1293,0.2622,-0.0157
CMG,2022-03-29,10,-0.189,0.0915,-0.0235
CMG,2022-03-30,7,0.082,0.3723,0.1377
CMG,2022-03-31,20,0.0779,0.2317,0.0442
CMG,2022-04-01,20,-0.1761,0.2069,-0.0073
CMG,2022-04-02,4,0.186,0.189,0.0655
CMG,2022-04-03,4,0.0141,0.2371,0.0212
CMG,2022-04-04,12,0.1164,0.5422,0.0317
CMG,2022-04-05,11,0.0814,0.2492,0.1456
CMG,2022-04-06,13,-0.1205,0.2055,0.0195
CMG,2022-04-07,11,-0.0337,0.1911,0.1404
CMG,2022-04-08,7,-0.0007,0.4725,0.1717
CMG,2022-04-09,5,0.2086,0.121,0.0888
CMG,2022-04-10,4,0.0757,0.1862,0.0322
CMG,2022-04-11,5,0.0922,0.244,0.1244
CMG,2022-04-12,18,0.0766,0.2424,0.0323
CMG,2022-04-13,16,-0.117,0.2889,-0.0082
CMG,2022-04-14,20,0.1449,0.2471,0.0754
CMG,2022-04-15,7,-0.1757,-0.1816,0.0153
CMG,2022-04-16,5,-0.1019,0.1642,-0.1362
CMG,2022-04-17,5,0.0111,0.2217,0.0164
CMG,2022-04-18,8,-0.0031,0.3579,0.0782
CMG,2022-04-19,20,0.0829,0.1651,0.0366
CMG,2022-04-20,20,-0.0733,0.3194,0.0189
CMG,2022-04-21,17,-0.1037,0.1707,-0.0456
CMG,2022-04-22,20,0.1491,0.1236,0.0123
CMG,2022-04-23,20,-0.0328,0.202,0.0264
CMG,2022-04-24,14,-0.0312,0.3601,-0.0197
CMG,2022-04-25,20,-0.0389,0.3482,0.0478
CMG,2022-04-26,20,0.129,0.3772,0.1072
CMG,2022-04-27,20,0.0693,0.3317,-0.0058
CMG,2022-04-28,20,0.1758,0.0618,0.121
CMG,2022-04-29,16,-0.3103,0.06,-0.0011
CMG,2022-04-30,9,0.1327,0.066,0.0488
CMG,2022-05-01,5,-0.2755,0.0206,-0.0898
CMG,2022-05-02,20,0.0615,0.0554,-0.0234
CMG,2022-05-03,13,-0.0715,0.1769,-0.0439
CMG,2022-05-04,10,0.0877,0.2656,0.0574
CMG,2022-05-05,20,-0.0025,0.2736,0.0186
CMG,2022-05-06,18,-0.1026,0.2679,0.0218
CMG,2022-05-07,7,-0.1149,-0.0791,0.1011
CMG,2022-05-08,7,0.1019,0.0602,0.0473
CMG,2022-05-09,18,0.0247,0.4067,-0.0013
CMG,2022-05-10,15,-0.1233,0.3298,-0.0039
CMG,2022-05-11,20,0.0693,0.3448,0.0531
CMG,2022-05-12,20,0.0855,0.1096,0.0785
CMG,2022-05-13,16,0.0799,0.2409,0.0309
CMG,2022-05-14,7,-0.2573,0.0754,0.0794
CMG,2022-05-15,5,0.006,-0.162,0.0216
CMG,2022-05-16,13,-0.0223,0.2831,0.028
CMG,2022-05-17,10,-0.0407,0.0357,0.0576
CMG,2022-05-18,20,-0.1456,0.1318,0.0455
CMG,2022-05-19,20,-0.1619,0.1561,-0.0047
CMG,2022-05-20,20,0.0182,0.2107,0.0458
CMG,2022-05-21,7,-0.2873,-0.3352,0.004
CMG,2022-05-22,4,-0.4724,0.2242,-0.029
CMG,2022-05-23,6,-0.3226,-0.0791,-0.0423
CMG,2022-05-24,13,-0.1518,0.1135,0.0126
CMG,2022-05-25,12,-0.1301,0.1591,0.0353
CMG,2022-05-26,13,-0.3851,0.2639,0.0351
CMG,2022-05-27,12,-0.0111,0.2489,-0.0052
CMG,2022-05-28,4,-0.0008,-0.2437,0.036
CMG,2022-05-29,20,0.051,0.1547,0.013
CMG,2022-05-30,20,0.0111,0.1591,0.1598
CMG,2022-05-31,20,-0.0934,-0.0766,0.0632
CMG,2022-06-01,20,0.1641,0.1898,0.0969
CMG,2022-06-02,20,0.0557,0.2224,-0.014
CMG,2022-06-03,17,-0.0256,0.0611,0.0399
CMG,2022-06-04,10,-0.0781,-0.1021,0.0637
CMG,2022-06-05,4,0.2277,0.0554,0.1128
CMG,2022-06-06,10,-0.0145,0.0479,0.0674
CMG,2022-06-07,20,-0.0488,0.1472,0.0105
CMG,2022-06-08,9,-0.1461,0.0643,-0.0173
CMG,2022-06-09,20,-0.2881,0.2376,-0.1024
CMG,2022-06-10,16,-0.1466,-0.1382,0.0014
CMG,2022-06-11,4,0.0283,0.4057,0.049
CMG,2022-06-12,5,-0.0916,0.2481,0.054
CMG,2022-06-13,3,-0.3187,-0.5596,0.023
CMG,2022-06-14,20,0.0113,0.1197,0.1427
CMG,2022-06-15,17,0.0072,0.109,0.0431
CMG,2022-06-16,20,-0.0995,0.0384,0.0532
CMG,2022-06-17,8,-0.0617,0.0523,0.0461
CMG,2022-06-18,3,-0.2327,-0.0237,0.0753
CMG,2022-06-19,3,-0.1279,-0.1969,0.0197
CMG,2022-06-20,3,-0.2278,0.0042,0.0737
CMG,2022-06-21,8,0.0533,0.2795,0.0664
CMG,2022-06-22,5,-0.2353,0.2062,-0.0656
CMG,2022-06-23,9,-0.2662,-0.242,-0.0812
CMG,2022-06-24,7,-0.104,0.1714,0.053
CMG,2022-06-25,7,0.0742,0.3062,0.0791
CMG,2022-06-26,1,0.0621,0.6438,0.0
CMG,2022-06-27,12,0.2937,0.367,0.0597
CMG,2022-06-28,19,0.0191,0.0612,-0.0144
CMG,2022-06-29,7,-0.1667,-0.074,-0.0393
CMG,2022-06-30,6,-0.2331,0.0616,-0.0913
CMG,2022-07-01,10,-0.201,-0.0464,0.124
CMG,2022-07-02,7,-0.1092,0.2287,0.0801
CMG,2022-07-03,2,-0.039,0.1261,0.0275
CMG,2022-07-04,6,-0.0029,0.2928,0.1257
CMG,2022-07-05,11,-0.0704,0.3832,-0.0163
CMG,2022-07-06,8,0.1043,0.5164,0.1521
CMG,2022-07-07,13,-0.0959,0.2924,0.0097
CMG,2022-07-08,10,0.084,0.2725,0.1002
CMG,2022-07-09,5,0.0264,0.0394,0.0964
CMG,2022-07-10,7,-0.1352,0.3045,0.031
CMG,2022-07-11,18,-0.1748,0.1905,0.0216
CMG,2022-07-12,20,-0.0052,0.3887,0.0221
CMG,2022-07-13,10,0.0002,0.2489,0.0541
CMG,2022-07-14,10,-0.1928,0.2609,-0.0104
CMG,2022-07-15,11,0.0227,0.2972,0.0003
CMG,2022-07-16,6,-0.3868,-0.0898,-0.0377
CMG,2022-07-17,1,0.0215,-0.0918,0.056
CMG,2022-07-18,18,-0.1024,0.346,-0.0024
CMG,2022-07-19,20,-0.2553,0.2261,0.066
CMG,2022-07-20,13,-0.1412,0.3681,0.0953
CMG,2022-07-21,20,0.1044,0.2916,-0.013
CMG,2022-07-22,6,-0.1307,0.3874,0.0562
CMG,2022-07-23,7,0.0599,0.0267,0.0587
CMG,2022-07-24,5,0.0918,0.3615,0.0626
CMG,2022-07-25,20,-0.1335,0.272,0.0256
CMG,2022-07-26,20,0.0854,0.1587,0.0609
CMG,2022-07-27,20,0.1563,0.4302,0.0642
CMG,2022-07-28,20,0.0298,0.3748,0.0478
CMG,2022-07-29,20,0.0322,0.3078,0.0258
CMG,2022-07-30,19,0.1203,0.3962,0.1928
CMG,2022-07-31,15,0.2203,0.5415,0.0799
CMG,2022-08-01,20,-0.0138,0.1334,0.0382
CMG,2022-08-02,16,-0.0205,0.2841,-0.0562
CMG,2022-08-03,20,0.0796,0.3244,0.0339
CMG,2022-08-04,20,0.0234,0.4578,0.0576
CMG,2022-08-05,20,-0.1162,0.009,0.0383
CMG,2022-08-06,5,0.4015,0.4837,0.0284
CMG,2022-08-07,8,-0.062,0.5096,0.0132
CMG,2022-08-08,17,0.0156,0.5005,0.014
CMG,2022-08-09,20,0.1929,0.3721,0.0985
CMG,2022-08-10,20,0.0769,0.6612,0.0188
CMG,2022-08-11,20,0.0895,0.3981,0.0153
CMG,2022-08-12,19,0.0613,0.5582,0.0297
CMG,2022-08-13,4,-0.0016,0.4956,0.0672
CMG,2022-08-14,9,0.1743,0.5482,0.0503
CMG,2022-08-15,20,-0.0263,0.1547,0.0744
CMG,2022-08-16,20,0.021,0.4485,0.014
CMG,2022-08-17,18,0.0331,0.5452,0.0307
CMG,2022-08-18,17,-0.0143,0.654,-0.0198
CMG,2022-08-19,17,-0.1803,0.2511,-0.0254
CMG,2022-08-20,8,-0.0057,0.3513,0.0842
CMG,2022-08-21,6,0.0219,0.0884,0.0408
CMG,2022-08-22,20,0.098,0.3274,0.0246
CMG,2022-08-23,14,-0.226,0.3038,0.0621
CMG,2022-08-24,18,-0.0211,0.3298,0.0633
CMG,2022-08-25,13,-0.138,0.3826,0.0323
CMG,2022-08-26,17,-0.1782,0.1212,0.0377
CMG,2022-08-27,15,-0.0424,0.0386,0.057
CMG,2022-08-28,5,-0.1765,-0.1488,0.0268
CMG,2022-08-29,12,0.0629,0.2333,0.0497
CMG,2022-08-30,20,-0.0503,0.1116,0.0041
CMG,2022-08-31,19,-0.0408,0.2574,-0.0067
CMG,2022-09-01,19,-0.079,0.3656,0.0274
CMG,2022-09-02,14,0.0185,0.3275,-0.0866
CMG,2022-09-03,5,-0.0725,0.3323,0.0864
CMG,2022-09-04,3,0.1921,0.3565,0.0897
CMG,2022-09-05,2,-0.0044,-0.245,0.029
CMG,2022-09-06,20,-0.0952,0.166,-0.0232
CMG,2022-09-07,20,0.0092,0.3299,0.0403
CMG,2022-09-08,20,-0.085,0.3304,-0.0458
CMG,2022-09-09,20,-0.0319,0.3381,-0.0098
CMG,2022-09-10,9,0.1174,0.2649,0.0763
CMG,2022-09-11,13,-0.0768,0.2842,-0.008
CMG,2022-09-12,20,-0.029,0.1914,0.0462
CMG,2022-09-13,20,0.0147,0.422,0.0147
CMG,2022-09-14,20,-0.052,0.1878,0.006
CMG,2022-09-15,20,-0.0352,0.1858,0.0141
CMG,2022-09-16,20,-0.0352,0.2759,0.1016
CMG,2022-09-17,7,0.0449,0.2596,0.1353
CMG,2022-09-18,6,-0.0057,0.2146,0.1233
CMG,2022-09-19,12,-0.0228,0.2372,0.0537
CMG,2022-09-20,14,0.0875,0.4575,-0.0471
CMG,2022-09-21,20,-0.0197,-0.2045,0.0568
CMG,2022-09-22,20,-0.1406,0.2472,0.0407
CMG,2022-09-23,20,-0.0154,0.2801,0.0389
CMG,2022-09-24,3,-0.0108,0.1404,-0.0233
CMG,2022-09-25,5,-0.3053,-0.1457,-0.0496
CMG,2022-09-26,11,-0.1,0.3555,0.0772
CMG,2022-09-27,20,0.0532,-0.0141,0.038
CMG,2022-09-28,9,0.1134,0.1868,0.0819
CMG,2022-09-29,7,-0.1528,0.1023,-0.0339
CMG,2022-09-30,17,-0.0175,0.2956,0.0181
CMG,2022-10-01,16,-0.0467,0.2852,0.0056
CMG,2022-10-02,3,-0.0966,-0.0089,0.0493
CMG,2022-10-03,11,-0.2437,0.162,-0.0245
CMG,2022-10-04,14,-0.0248,0.1879,0.0231
CMG,2022-10-05,17,0.037,0.1799,0.0103
CMG,2022-10-06,13,0.1987,0.1816,0.066
CMG,2022-10-07,10,0.0602,0.4627,0.1528
CMG,2022-10-08,6,0.3489,0.2397,0.0
CMG,2022-10-09,6,-0.141,0.4257,0.0908
CMG,2022-10-10,17,-0.1622,0.3449,0.0036
CMG,2022-10-11,20,0.1065,0.2471,0.0019
CMG,2022-10-12,20,0.0933,0.4254,0.0778
CMG,2022-10-13,14,-0.098,0.2846,0.1116
CMG,2022-10-14,12,0.0013,0.1619,-0.0754
CMG,2022-10-15,1,-0.0136,0.0588,0.0
CMG,2022-10-16,5,0.0501,0.4113,0.0122
CMG,2022-10-17,13,0.0128,0.2782,0.0452
CMG,2022-10-18,20,-0.1121,0.2332,0.0278
CMG,2022-10-19,11,0.0954,0.3158,0.0949
CMG,2022-10-20,15,0.1419,0.3373,0.0258
CMG,2022-10-21,11,-0.0538,0.3925,-0.0182
CMG,2022-10-22,15,0.0303,0.3432,0.0665
CMG,2022-10-23,13,0.0956,0.4082,0.0481
CMG,2022-10-24,20,0.0491,0.4658,0.0443
CMG,2022-10-25,20,0.0067,0.4128,0.0244
CMG,2022-10-26,20,-0.0533,0.5437,0.0197
CMG,2022-10-27,20,0.0969,0.3456,0.0706
CMG,2022-10-28,16,0.043,0.4339,0.0603
CMG,2022-10-29,11,-0.0407,0.3437,0.0546
CMG,2022-10-30,7,-0.1411,0.1672,-0.0291
CMG,2022-10-31,15,-0.1013,0.0552,0.0147
CMG,2022-11-01,9,0.024,0.1465,0.0856
CMG,2022-11-02,17,-0.2607,0.0945,0.0314
CMG,2022-11-03,15,0.0328,0.1539,-0.0093
CMG,2022-11-04,16,0.0554,0.4555,0.0359
CMG,2022-11-05,3,-0.0364,0.2691,0.011
CMG,2022-11-06,4,-0.2409,0.1337,0.071
CMG,2022-11-07,13,0.111,0.4044,0.0754
CMG,2022-11-08,15,0.0745,0.267,0.0053
CMG,2022-11-09,20,-0.072,0.2509,0.0218
CMG,2022-11-10,20,-0.2336,0.2095,-0.014
CMG,2022-11-11,20,-0.0029,0.1676,0.0216
CMG,2022-11-12,6,-0.1986,0.1365,0.0643
CMG,2022-11-13,5,0.1305,0.098,0.0962
CMG,2022-11-14,19,0.0467,0.2767,0.0488
CMG,2022-11-15,20,-0.0326,0.376,-0.0198
CMG,2022-11-16,20,0.1911,0.2398,0.0102
CMG,2022-11-17,20,0.0651,0.3305,0.0528
CMG,2022-11-18,16,0.0019,0.5146,0.0292
CMG,2022-11-19,7,-0.0223,-0.158,0.045
CMG,2022-11-20,3,0.0116,0.3245,0.1463
CMG,2022-11-21,8,-0.027,0.1146,0.0025
CMG,2022-11-22,13,-0.0678,0.0253,-0.0172
CMG,2022-11-23,4,0.191,0.423,0.1298
CMG,2022-11-24,4,0.1818,0.1353,0.0948
CMG,2022-11-25,4,-0.16,-0.0458,0.01
CMG,2022-11-26,2,-0.0044,-0.1521,0.059
CMG,2022-11-28,20,0.2644,0.3461,0.1648
CMG,2022-11-29,20,-0.0965,0.1167,0.1399
CMG,2022-11-30,20,-0.0865,0.3452,0.0544
CMG,2022-12-01,20,-0.0839,0.3916,0.062
CMG,2022-12-02,20,0.0175,0.2531,0.0808
CMG,2022-12-03,7,-0.01,0.1333,0.0901
CMG,2022-12-04,5,-0.004,0.1971,0.0026
CMG,2022-12-05,7,-0.2482,0.0294,0.0774
CMG,2022-12-06,20,-0.1516,0.1894,0.0092
CMG,2022-12-07,15,-0.202,0.2372,-0.0101
CMG,2022-12-08,8,-0.1001,0.3097,0.0059
CMG,2022-12-09,12,-0.0284,0.0854,0.0138
CMG,2022-12-10,3,0.023,0.0258,0.114
CMG,2022-12-11,2,-0.3894,-0.0522,0.0125
CMG,2022-12-12,11,0.0529,0.1851,0.0261
CMG,2022-12-13,15,-0.0626,0.2218,0.0597
CMG,2022-12-14,20,-0.0202,0.1803,-0.0474
CMG,2022-12-15,9,-0.0418,0.0646,0.0789
CMG,2022-12-16,9,-0.0342,0.4663,0.0751
CMG,2022-12-17,5,-0.1713,0.2891,0.1066
CMG,2022-12-18,6,-0.1823,0.1905,0.0502
CMG,2022-12-19,13,-0.1434,0.1468,0.0058
CMG,2022-12-20,13,-0.1069,0.1214,0.0872
CMG,2022-12-21,15,-0.1197,0.1933,0.0069
CMG,2022-12-22,10,-0.1312,0.0709,-0.0574
CMG,2022-12-23,6,-0.0234,0.5161,0.0333
CMG,2022-12-24,2,0.0138,-0.0045,0.03
CMG,2022-12-25,1,0.0135,0.7888,0.168
CMG,2022-12-26,1,0.0122,0.828,0.0
CMG,2022-12-27,8,0.0317,0.2929,-0.0116
CMG,2022-12-28,9,-0.1794,0.2286,0.0388
CMG,2022-12-29,13,-0.1967,0.1004,0.0238
CMG,2022-12-30,11,-0.0953,0.262,0.0045
CMG,2022-12-31,5,-0.0543,0.4414,0.0122
CRWD,2020-01-01,20,-0.0713,0.2428,0.0361
CRWD,2020-01-02,20,-0.0364,0.0988,0.012
CRWD,2020-01-03,20,-0.0732,0.1292,-0.0495
CRWD,2020-01-04,20,0.0556,0.3478,0.0433
CRWD,2020-01-05,20,-0.0744,0.1869,0.0706
CRWD,2020-01-06,20,0.0861,0.466,-0.0138
CRWD,2020-01-07,20,0.1025,0.5018,0.0493
CRWD,2020-01-08,20,-0.0176,0.3152,0.009
CRWD,2020-01-09,20,-0.0541,0.224,0.0236
CRWD,2020-01-10,20,-0.0269,0.2727,0.1072
CRWD,2020-01-11,20,-0.0085,0.2463,0.115
CRWD,2020-01-12,20,-0.0131,0.3803,0.0816
CRWD,2020-01-13,20,0.1274,0.3945,0.0944
CRWD,2020-01-14,20,-0.0057,0.278,-0.011
CRWD,2020-01-15,20,0.0269,0.3994,0.0438
CRWD,2020-01-16,20,0.204,0.2976,0.0894
CRWD,2020-01-17,20,0.0341,0.2873,0.0662
CRWD,2020-01-18,20,-0.0069,0.3067,0.0414
CRWD,2020-01-19,18,0.0166,0.3872,0.0487
CRWD,2020-01-20,16,0.0069,0.288,0.0364
CRWD,2020-01-21,20,-0.0502,0.4936,0.0083
CRWD,2020-01-22,20,0.1487,0.5568,0.1264
CRWD,2020-01-23,20,0.0083,0.4561,-0.0322
CRWD,2020-01-24,20,-0.0062,0.4167,0.0501
CRWD,2020-01-25,20,0.0364,0.2647,0.0361
CRWD,2020-01-26,20,0.0251,0.2687,0.0612
CRWD,2020-01-27,20,0.0259,0.296,0.0772
CRWD,2020-01-28,20,0.0917,0.3915,0.113
CRWD,2020-01-29,20,-0.0247,0.2432,0.1057
CRWD,2020-01-30,20,0.0896,0.5011,0.0139
CRWD,2020-01-31,20,0.0094,0.3826,0.0884
CRWD,2020-02-01,5,0.4869,0.2727,0.0604
CRWD,2020-02-02,6,0.5013,0.648,0.0238
CRWD,2020-02-03,20,0.0643,0.4773,0.0085
CRWD,2020-02-04,20,-0.0421,0.271,0.1038
CRWD,2020-02-05,20,0.1652,0.4531,0.0294
CRWD,2020-02-06,20,-0.0124,0.4119,0.0059
CRWD,2020-02-07,20,0.0537,0.2174,0.0676
CRWD,2020-02-08,10,0.1888,0.368,0.0777
CRWD,2020-02-09,4,-0.0299,0.3019,0.015
CRWD,2020-02-10,20,0.0922,0.494,0.0778
CRWD,2020-02-11,20,0.1461,0.4796,0.1064
CRWD,2020-02-12,20,0.0048,0.3835,0.065
CRWD,2020-02-13,20,0.1052,0.3091,0.0587
CRWD,2020-02-14,20,-0.0399,0.2326,0.0285
CRWD,2020-02-15,8,-0.0027,0.1845,0.066
CRWD,2020-02-16,4,0.1317,0.4436,0.1128
CRWD,2020-02-17,16,0.0263,0.3904,0.0341
CRWD,2020-02-18,20,0.055,0.3346,0.0453
CRWD,2020-02-19,20,0.0789,0.3951,0.1233
CRWD,2020-02-20,20,-0.0414,0.2389,0.0322
CRWD,2020-02-21,20,-0.0569,0.3249,0.0167
CRWD,2020-02-22,15,-0.0277,0.3001,0.0641
CRWD,2020-02-23,17,0.101,0.2266,0.0532
CRWD,2020-02-24,20,-0.0798,0.2629,0.0023
CRWD,2020-02-25,20,-0.0737,0.3295,0.1382
CRWD,2020-02-26,20,0.015,0.2121,0.0516
CRWD,2020-02-27,20,0.0695,0.3397,0.0682
CRWD,2020-02-28,20,0.0188,0.4821,0.1019
CRWD,2020-02-29,6,-0.1289,-0.0104,0.0353
CRWD,2020-03-01,11,0.2021,0.472,0.1209
CRWD,2020-03-02,20,0.0295,0.4134,0.0398
CRWD,2020-03-03,20,-0.0332,0.2566,-0.0176
CRWD,2020-03-04,20,-0.1202,0.0219,0.05
CRWD,2020-03-05,19,-0.1661,-0.1001,0.0166
CRWD,2020-03-06,20,-0.0534,0.1734,-0.0178
CRWD,2020-03-07,12,0.0712,0.2133,0.0012
CRWD,2020-03-08,4,-0.1047,0.2301,-0.0415
CRWD,2020-03-09,20,-0.1173,0.3545,-0.1292
CRWD,2020-03-10,20,0.0113,0.3214,0.0897
CRWD,2020-03-11,20,-0.1435,0.0264,-0.0108
CRWD,2020-03-12,20,-0.237,0.3008,-0.0559
CRWD,2020-03-13,19,0.0032,0.2096,0.1429
CRWD,2020-03-14,11,0.0261,0.221,0.0693
CRWD,2020-03-15,10,-0.1418,0.2498,-0.0321
CRWD,2020-03-16,20,0.0694,0.1911,-0.003
CRWD,2020-03-17,20,0.159,0.1625,0.0633
CRWD,2020-03-18,20,0.1602,0.2554,0.0029
CRWD,2020-03-19,20,0.1285,0.4015,0.0539
CRWD,2020-03-20,20,-0.0473,0.3801,0.0576
CRWD,2020-03-21,20,-0.0317,0.2988,0.0268
CRWD,2020-03-22,16,-0.0517,0.1368,-0.0042
CRWD,2020-03-23,20,0.0898,0.3456,0.0424
CRWD,2020-03-24,20,0.0942,0.3866,0.0836
CRWD,2020-03-25,20,0.0282,0.2052,0.0091
CRWD,2020-03-26,20,-0.1172,0.1732,0.0316
CRWD,2020-03-27,20,0.159,0.1914,0.0316
CRWD,2020-03-28,3,-0.1,0.1542,0.0443
CRWD,2020-03-29,5,0.3984,0.7406,0.0878
CRWD,2020-03-30,15,0.1284,0.4051,0.093
CRWD,2020-03-31,20,-0.1187,0.2121,0.0339
CRWD,2020-04-01,20,0.0114,0.3551,0.1106
CRWD,2020-04-02,20,-0.0386,0.1589,0.0838
CRWD,2020-04-03,20,-0.0515,0.2297,0.0507
CRWD,2020-04-04,13,0.0985,0.2037,0.0595
CRWD,2020-04-05,16,0.0995,0.2543,-0.0033
CRWD,2020-04-06,20,0.0823,0.4206,0.0822
CRWD,2020-04-07,20,-0.0987,0.2797,-0.0482
CRWD,2020-04-08,20,0.0099,0.4551,0.079
CRWD,2020-04-09,20,-0.0966,0.104,-0.0015
CRWD,2020-04-10,16,-0.152,0.0824,0.0767
CRWD,2020-04-11,9,0.0942,0.2044,0.0452
CRWD,2020-04-12,14,0.0729,0.2543,0.0659
CRWD,2020-04-13,20,-0.0302,0.2661,0.0724
CRWD,2020-04-14,20,0.011,0.2433,0.1033
CRWD,2020-04-15,20,0.2447,0.2155,0.0695
CRWD,2020-04-16,20,0.0493,0.3183,0.0682
CRWD,2020-04-17,20,0.0243,0.3294,0.0642
CRWD,2020-04-18,11,-0.0278,0.2111,0.0152
CRWD,2020-04-19,4,-0.193,0.0839,0.029
CRWD,2020-04-20,20,0.136,0.4549,0.0933
CRWD,2020-04-21,20,0.1302,0.2559,0.0686
CRWD,2020-04-22,20,0.0659,0.2369,0.0342
CRWD,2020-04-23,20,0.0833,0.2245,-0.0114
CRWD,2020-04-24,20,0.0884,0.4834,0.0586
CRWD,2020-04-25,18,0.3622,0.5259,0.0891
CRWD,2020-04-26,10,0.3596,0.6961,0.0614
CRWD,2020-04-27,20,0.223,0.5258,0.0548
CRWD,2020-04-28,20,0.209,0.3755,0.0826
CRWD,2020-04-29,20,-0.0351,0.2287,-0.0169
CRWD,2020-04-30,19,0.0341,0.2002,0.0656
CRWD,2020-05-01,20,0.0821,0.4575,0.0306
CRWD,2020-05-02,8,-0.0995,0.3306,0.1204
CRWD,2020-05-03,6,0.3061,0.5012,-0.0398
CRWD,2020-05-04,20,0.1493,0.4375,0.0901
CRWD,2020-05-05,20,0.0723,0.3564,0.0426
CRWD,2020-05-06,20,-0.0493,0.0964,0.0616
CRWD,2020-05-07,20,0.1988,0.3649,0.0324
CRWD,2020-05-08,20,0.0661,0.4694,0.0885
CRWD,2020-05-09,14,0.1605,0.3561,0.0423
CRWD,2020-05-10,20,0.0401,0.5081,0.0812
CRWD,2020-05-11,20,0.0105,0.3748,0.0146
CRWD,2020-05-12,20,-0.0544,0.3227,0.0163
CRWD,2020-05-13,20,0.1303,0.6026,0.0239
CRWD,2020-05-14,20,-0.0627,0.3542,0.0216
CRWD,2020-05-15,20,0.0747,0.437,0.0538
CRWD,2020-05-16,10,0.2591,0.4299,0.0974
CRWD,2020-05-17,4,0.1306,0.5726,0.1015
CRWD,2020-05-18,20,0.021,0.4389,0.0568
CRWD,2020-05-19,20,0.0907,0.3367,0.0846
CRWD,2020-05-20,20,0.1695,0.3122,0.0662
CRWD,2020-05-21,20,0.0724,0.3164,0.0026
CRWD,2020-05-22,20,-0.1246,0.2291,0.026
CRWD,2020-05-23,11,0.1343,0.3932,0.0599
CRWD,2020-05-24,7,0.2137,0.4799,0.0283
CRWD,2020-05-25,6,0.0753,0.0643,0.1125
CRWD,2020-05-26,20,-0.0455,0.242,-0.0044
CRWD,2020-05-27,20,0.0641,0.5416,0.0278
CRWD,2020-05-28,20,0.2016,0.4403,0.0722
CRWD,2020-05-29,20,0.1396,0.4469,0.0735
CRWD,2020-05-30,20,0.2313,0.6254,0.1034
CRWD,2020-05-31,20,0.2499,0.2426,0.0413
CRWD,2020-06-01,20,0.0235,0.3021,0.0866
CRWD,2020-06-02,20,-0.0773,0.3384,-0.0087
CRWD,2020-06-03,20,0.0307,0.2766,0.1365
CRWD,2020-06-04,20,-0.1007,0.3582,0.0656
CRWD,2020-06-05,20,-0.2259,0.1593,-0.033
CRWD,2020-06-06,18,0.1149,0.2309,0.1429
CRWD,2020-06-07,15,0.1203,0.5015,0.1206
CRWD,2020-06-08,20,0.0571,0.6084,0.031
CRWD,2020-06-09,20,0.0969,0.441,0.0472
CRWD,2020-06-10,20,-0.0422,0.5083,-0.0332
CRWD,2020-06-11,20,0.2244,0.3607,0.1414
CRWD,2020-06-12,20,0.0979,0.2025,0.1014
CRWD,2020-06-13,19,0.2257,0.4889,0.0692
CRWD,2020-06-14,6,0.3057,0.5663,0.0948
CRWD,2020-06-15,20,0.0752,0.408,0.1009
CRWD,2020-06-16,20,0.0873,0.4439,0.0408
CRWD,2020-06-17,20,-0.0324,0.1447,0.0333
CRWD,2020-06-18,20,-0.0705,0.037,0.0226
CRWD,2020-06-19,20,0.0491,0.4164,0.0218
CRWD,2020-06-20,8,0.2711,0.5346,0.1146
CRWD,2020-06-21,9,-0.1544,0.2785,0.0554
CRWD,2020-06-22,20,0.0704,0.3684,-0.0196
CRWD,2020-06-23,20,0.0836,0.4068,0.1065
CRWD,2020-06-24,20,-0.0145,0.0533,0.0414
CRWD,2020-06-25,20,0.0863,0.35,0.0904
CRWD,2020-06-26,20,0.0303,0.2841,0.1222
CRWD,2020-06-27,13,0.0166,0.3572,-0.0029
CRWD,2020-06-28,13,-0.0206,0.3146,0.0162
CRWD,2020-06-29,20,0.0828,0.3865,0.109
CRWD,2020-06-30,20,-0.03,0.4296,0.0492
CRWD,2020-07-01,20,0.1416,0.4129,0.0445
CRWD,2020-07-02,20,0.0583,0.2913,0.0947
CRWD,2020-07-03,13,0.3106,0.7113,0.1244
CRWD,2020-07-04,14,0.1911,0.6243,0.0346
CRWD,2020-07-05,13,0.1834,0.5274,0.0882
CRWD,2020-07-06,20,0.0679,0.4054,0.0385
CRWD,2020-07-07,20,-0.0696,0.2016,-0.0373
CRWD,2020-07-08,20,-0.0387,0.2118,0.0319
CRWD,2020-07-09,20,0.1455,0.244,0.0853
CRWD,2020-07-10,20,0.1695,0.3931,0.1107
CRWD,2020-07-11,19,0.128,0.1623,0.0732
CRWD,2020-07-12,11,0.051,0.2418,0.1129
CRWD,2020-07-13,20,-0.0779,0.4241,0.0016
CRWD,2020-07-14,20,0.1371,0.3947,0.1082
CRWD,2020-07-15,20,-0.1522,0.2932,0.0422
CRWD,2020-07-16,20,0.0479,0.2803,0.1397
CRWD,2020-07-17,20,0.0077,0.3538,0.0556
CRWD,2020-07-18,8,0.1145,0.3801,0.1232
CRWD,2020-07-19,11,-0.0081,0.5543,0.0241
CRWD,2020-07-20,20,0.0094,0.4871,0.0525
CRWD,2020-07-21,20,0.1862,0.4216,0.109
CRWD,2020-07-22,20,0.0643,0.236,0.0827
CRWD,2020-07-23,20,0.0293,0.3892,-0.008
CRWD,2020-07-24,20,0.0555,0.4091,0.0891
CRWD,2020-07-25,10,-0.0408,0.0795,0.0767
CRWD,2020-07-26,9,0.1228,0.335,0.0832
CRWD,2020-07-27,20,0.0636,0.395,-0.0422
CRWD,2020-07-28,20,0.1054,0.3807,0.11
CRWD,2020-07-29,20,0.1122,0.3529,0.0744
CRWD,2020-07-30,20,0.0202,0.368,0.0477
CRWD,2020-07-31,20,-0.0566,0.4407,0.0893
CRWD,2020-08-01,19,0.0938,0.2652,0.0338
CRWD,2020-08-02,7,0.2188,0.4862,0.0717
CRWD,2020-08-03,20,0.1986,0.3892,0.1012
CRWD,2020-08-04,20,-0.1493,0.2601,0.049
CRWD,2020-08-05,20,0.0019,0.2711,0.0061
CRWD,2020-08-06,20,-0.0297,0.2034,0.0417
CRWD,2020-08-07,20,0.0667,0.3693,0.1302
CRWD,2020-08-08,19,0.0268,0.4425,0.0671
CRWD,2020-08-09,9,-0.0333,0.4007,0.0107
CRWD,2020-08-10,20,-0.0395,0.2978,-0.0224
CRWD,2020-08-11,20,0.0188,0.1505,0.0955
CRWD,2020-08-12,20,0.0617,0.1698,0.037
CRWD,2020-08-13,20,-0.004,0.3124,0.0359
CRWD,2020-08-14,20,0.0378,0.3165,0.0852
CRWD,2020-08-15,13,0.1393,0.2979,0.1016
CRWD,2020-08-16,8,-0.0389,0.4058,0.1165
CRWD,2020-08-17,20,-0.0751,0.531,0.1142
CRWD,2020-08-18,20,0.0453,0.4197,0.1118
CRWD,2020-08-19,20,0.1184,0.5463,0.1309
CRWD,2020-08-20,20,0.0217,0.5472,0.0512
CRWD,2020-08-21,20,0.2034,0.5224,0.0934
CRWD,2020-08-22,13,-0.2183,0.0254,0.0466
CRWD,2020-08-23,13,0.2919,0.4245,0.1013
CRWD,2020-08-24,20,-0.0462,0.121,0.03
CRWD,2020-08-25,20,0.1,0.3139,0.0316
CRWD,2020-08-26,20,0.0551,0.4685,0.0765
CRWD,2020-08-27,20,0.0637,0.3783,0.0915
CRWD,2020-08-28,20,0.119,0.4358,0.0676
CRWD,2020-08-29,20,0.1401,0.5106,0.0149
CRWD,2020-08-30,20,0.0892,0.4882,0.0602
CRWD,2020-08-31,20,0.0697,0.4015,0.0351
CRWD,2020-09-01,20,0.049,0.3707,0.112
CRWD,2020-09-02,20,0.1014,0.4527,0.0039
CRWD,2020-09-03,20,-0.0284,0.2778,0.0271
CRWD,2020-09-04,20,0.0384,0.3463,0.0073
CRWD,2020-09-05,17,-0.0162,0.3274,0.0805
CRWD,2020-09-06,10,0.1003,0.2666,0.1487
CRWD,2020-09-07,8,-0.1252,0.203,0.0206
CRWD,2020-09-08,20,0.1987,0.3943,0.1141
CRWD,2020-09-09,20,0.0241,0.3122,0.0197
CRWD,2020-09-10,20,0.0206,0.4871,0.0278
CRWD,2020-09-11,20,-0.0132,0.2822,0.0002
CRWD,2020-09-12,14,0.0311,0.4735,0.0534
CRWD,2020-09-13,6,0.0806,0.2175,0.1002
CRWD,2020-09-14,20,0.1022,0.4258,0.0183
CRWD,2020-09-15,20,0.2458,0.3905,0.0181
CRWD,2020-09-16,20,0.0214,0.4944,-0.005
CRWD,2020-09-17,20,0.1312,0.5336,0.007
CRWD,2020-09-18,20,0.1041,0.5279,0.1298
CRWD,2020-09-19,7,0.2619,0.5339,0.0577
CRWD,2020-09-20,11,0.0462,0.4588,0.0365
CRWD,2020-09-21,20,0.1133,0.4357,0.0808
CRWD,2020-09-22,20,0.2082,0.3138,0.1814
CRWD,2020-09-23,20,0.0904,0.4013,0.0615
CRWD,2020-09-24,20,0.067,0.2214,-0.017
CRWD,2020-09-25,18,0.162,0.4876,0.0866
CRWD,2020-09-26,10,0.2344,0.1177,0.0879
CRWD,2020-09-27,10,0.6723,0.4659,0.2236
CRWD,2020-09-28,20,-0.0788,0.2198,0.0879
CRWD,2020-09-29,20,0.1,0.3886,0.0439
CRWD,2020-09-30,20,-0.0334,0.3454,0.0764
CRWD,2020-10-01,20,0.1425,0.6321,0.083
CRWD,2020-10-02,20,0.1821,0.4972,0.1833
CRWD,2020-10-03,8,0.0517,-0.1976,0.1095
CRWD,2020-10-04,9,-0.0431,0.5275,0.0217
CRWD,2020-10-05,20,0.2146,0.4936,0.1218
CRWD,2020-10-06,20,0.1376,0.3539,0.0509
CRWD,2020-10-07,20,-0.1172,0.3739,-0.0278
CRWD,2020-10-08,20,0.0313,0.2853,0.0292
CRWD,2020-10-09,20,-0.1007,0.3494,-0.0424
CRWD,2020-10-10,9,-0.0178,-0.0644,0.0722
CRWD,2020-10-11,16,0.0056,0.2859,0.0674
CRWD,2020-10-12,20,-0.0781,0.3529,0.0397
CRWD,2020-10-13,20,0.2108,0.5284,0.0829
CRWD,2020-10-14,20,0.0443,0.1757,0.069
CRWD,2020-10-15,20,0.0695,0.2849,0.1432
CRWD,2020-10-16,20,0.1405,0.5393,0.04
CRWD,2020-10-17,12,-0.0411,0.2295,0.0088
CRWD,2020-10-18,11,0.2159,0.523,0.0165
CRWD,2020-10-19,20,0.1508,0.2342,0.0794
CRWD,2020-10-20,20,-0.0415,0.3071,0.1004
CRWD,2020-10-21,20,-0.1636,0.3859,-0.0036
CRWD,2020-10-22,20,0.0462,0.3817,0.085
CRWD,2020-10-23,20,-0.0987,0.1024,0.0342
CRWD,2020-10-24,11,0.0667,0.2812,0.0788
CRWD,2020-10-25,8,0.081,0.2098,0.0376
CRWD,2020-10-26,20,-0.0823,0.3834,-0.0196
CRWD,2020-10-27,20,0.0946,0.4909,0.0884
CRWD,2020-10-28,20,0.1224,0.3227,0.1066
CRWD,2020-10-29,20,-0.1117,0.1332,0.0002
CRWD,2020-10-30,20,-0.1801,0.0166,-0.0073
CRWD,2020-10-31,7,0.0876,0.0881,0.0994
CRWD,2020-11-01,4,-0.3671,-0.2729,0.1145
CRWD,2020-11-02,15,-0.0565,0.1844,0.0027
CRWD,2020-11-03,18,0.0742,0.4859,0.0812
CRWD,2020-11-04,20,0.0647,0.4859,0.0582
CRWD,2020-11-05,20,0.1036,0.3712,0.0643
CRWD,2020-11-06,14,0.1747,0.4505,0.0577
CRWD,2020-11-07,6,0.1564,0.0759,-0.0645
CRWD,2020-11-08,3,0.0292,-0.1384,0.1367
CRWD,2020-11-09,20,-0.0617,0.4508,0.0476
CRWD,2020-11-10,20,-0.0546,0.2234,0.0163
CRWD,2020-11-11,20,0.19,0.4018,0.0778
CRWD,2020-11-12,20,0.0389,0.1494,0.0357
CRWD,2020-11-13,20,-0.0829,0.3599,0.0122
CRWD,2020-11-14,11,0.0594,0.4154,0.0791
CRWD,2020-11-15,4,0.1137,0.3498,0.2128
CRWD,2020-11-16,20,0.0498,0.3079,-0.0052
CRWD,2020-11-17,20,0.0692,0.3985,0.0996
CRWD,2020-11-18,20,0.1643,0.3055,0.0932
CRWD,2020-11-19,20,0.0953,0.3982,0.1189
CRWD,2020-11-20,20,0.0952,0.3424,0.0391
CRWD,2020-11-21,8,0.0989,0.4776,0.1084
CRWD,2020-11-22,17,0.1371,0.517,0.1155
CRWD,2020-11-23,20,0.0883,0.3857,0.0329
CRWD,2020-11-24,20,0.0731,0.4196,0.1012
CRWD,2020-11-25,20,0.0491,0.3806,0.087
CRWD,2020-11-26,13,-0.0691,0.3196,0.0999
CRWD,2020-11-27,20,0.0231,0.3042,0.0036
CRWD,2020-11-28,20,0.1057,0.2719,0.0939
CRWD,2020-11-29,18,0.1243,0.5546,0.0443
CRWD,2020-11-30,20,0.0994,0.5057,0.1053
CRWD,2020-12-01,20,0.0317,0.0664,-0.0024
CRWD,2020-12-02,20,0.0376,0.2568,0.0512
CRWD,2020-12-03,20,0.1855,0.575,0.0905
CRWD,2020-12-04,20,0.0745,0.3242,0.152
CRWD,2020-12-05,20,0.0463,0.3835,0.045
CRWD,2020-12-06,20,0.0902,0.3278,0.0826
CRWD,2020-12-07,20,0.0391,0.2995,0.0391
CRWD,2020-12-08,20,0.2503,0.5763,0.0558
CRWD,2020-12-09,20,-0.0745,0.3636,0.064
CRWD,2020-12-10,20,-0.0765,0.3709,0.1064
CRWD,2020-12-11,20,0.1632,0.3804,0.1106
CRWD,2020-12-12,10,0.3132,0.3342,0.0896
CRWD,2020-12-13,6,-0.0448,-0.0311,0.1205
CRWD,2020-12-14,20,0.0326,0.3355,0.0665
CRWD,2020-12-15,20,0.0579,0.244,0.0417
CRWD,2020-12-16,20,0.105,0.3444,0.0624
CRWD,2020-12-17,20,0.2051,0.5267,0.0676
CRWD,2020-12-18,20,0.0555,0.3336,0.0835
CRWD,2020-12-19,20,0.0764,0.4684,0.1129
CRWD,2020-12-20,20,0.1053,0.5303,0.0938
CRWD,2020-12-21,20,0.1563,0.3256,0.0583
CRWD,2020-12-22,20,-0.0154,0.2506,-0.0069
CRWD,2020-12-23,20,-0.0166,0.1919,-0.0202
CRWD,2020-12-24,20,0.0128,0.2994,0.0247
CRWD,2020-12-25,17,-0.0222,0.3977,0.0492
CRWD,2020-12-26,11,0.112,0.3674,0.1255
CRWD,2020-12-27,14,0.0487,0.4773,0.0637
CRWD,2020-12-28,20,-0.034,0.2938,0.0863
CRWD,2020-12-29,20,-0.0166,0.3581,0.0265
CRWD,2020-12-30,20,-0.0294,0.1841,0.0607
CRWD,2020-12-31,20,0.0006,0.2067,0.0349
CRWD,2021-01-01,12,0.0642,0.3484,0.0752
CRWD,2021-01-02,14,0.0597,0.2717,0.065
CRWD,2021-01-03,3,0.1086,-0.1904,0.1453
CRWD,2021-01-04,20,-0.2334,-0.0014,0.0539
CRWD,2021-01-05,20,0.0556,0.314,0.0775
CRWD,2021-01-06,20,0.1438,0.2306,0.0301
CRWD,2021-01-07,20,0.0386,0.2174,0.0007
CRWD,2021-01-08,20,0.1652,0.2812,0.111
CRWD,2021-01-09,11,-0.1273,0.3287,0.0641
CRWD,2021-01-10,12,0.1295,0.4926,0.0939
CRWD,2021-01-11,20,0.215,0.393,0.0422
CRWD,2021-01-12,20,0.1489,0.296,0.0896
CRWD,2021-01-13,20,-0.0535,0.2538,0.0052
CRWD,2021-01-14,20,0.2203,0.319,0.1436
CRWD,2021-01-15,20,0.046,0.2683,0.0935
CRWD,2021-01-16,20,0.1198,0.3815,0.1183
CRWD,2021-01-17,5,0.1116,0.2758,0.1586
CRWD,2021-01-18,20,0.0341,0.1448,0.0746
CRWD,2021-01-19,20,0.0632,0.4438,0.0334
CRWD,2021-01-20,20,0.0684,0.3369,0.09
CRWD,2021-01-21,20,0.0954,0.4421,0.0413
CRWD,2021-01-22,20,-0.0213,0.1501,0.0113
CRWD,2021-01-23,14,-0.0226,0.0474,0.0719
CRWD,2021-01-24,20,0.0774,0.321,0.0816
CRWD,2021-01-25,20,0.0622,0.2679,0.0188
CRWD,2021-01-26,20,0.0996,0.4683,0.0068
CRWD,2021-01-27,20,-0.0259,-1e-04,0.047
CRWD,2021-01-28,20,0.0674,0.2831,0.0332
CRWD,2021-01-29,20,0.0609,0.2875,-0.0124
CRWD,2021-01-30,15,0.0734,0.4582,0.0963
CRWD,2021-01-31,8,-0.0568,0.0492,0.0221
CRWD,2021-02-01,20,-0.0227,0.3956,0.0381
CRWD,2021-02-02,20,0.0708,0.3359,0.014
CRWD,2021-02-03,20,0.0643,0.2607,0.0197
CRWD,2021-02-04,20,-0.0226,0.2159,0.0879
CRWD,2021-02-05,20,0.1058,0.2947,0.0504
CRWD,2021-02-06,11,-0.0125,0.4503,0.112
CRWD,2021-02-07,10,0.1669,0.3913,0.0403
CRWD,2021-02-08,20,-0.0688,0.2561,0.0173
CRWD,2021-02-09,20,-0.0519,0.2037,0.0248
CRWD,2021-02-10,20,0.1376,0.3447,0.1058
CRWD,2021-02-11,20,0.1701,0.4062,0.0534
CRWD,2021-02-12,20,0.1767,0.3852,0.0578
CRWD,2021-02-13,16,-0.017,0.3352,0.0936
CRWD,2021-02-14,8,0.1815,0.4156,0.1666
CRWD,2021-02-15,10,0.1942,0.3761,0.1165
CRWD,2021-02-16,20,0.0385,0.4635,0.0407
CRWD,2021-02-17,20,0.0107,0.253,0.1042
CRWD,2021-02-18,20,0.1439,0.1667,0.0826
CRWD,2021-02-19,20,0.135,0.4208,0.0796
CRWD,2021-02-20,8,-0.027,0.3506,0.1262
CRWD,2021-02-21,6,-0.2035,0.3411,0.0887
CRWD,2021-02-22,20,0.1013,0.2425,0.0548
CRWD,2021-02-23,20,0.0697,0.1528,0.083
CRWD,2021-02-24,20,-0.0193,0.3604,0.0506
CRWD,2021-02-25,20,-0.0032,0.3273,0.0616
CRWD,2021-02-26,20,-0.1544,0.2458,0.0733
CRWD,2021-02-27,11,-0.0423,0.0091,0.096
CRWD,2021-02-28,9,0.3298,0.6554,0.0812
CRWD,2021-03-01,20,0.0618,0.3118,0.0632
CRWD,2021-03-02,20,-0.0144,0.4457,0.0792
CRWD,2021-03-03,20,0.005,0.4066,0.013
CRWD,2021-03-04,20,-0.201,0.3286,0.0632
CRWD,2021-03-05,20,-0.191,0.0145,-0.0663
CRWD,2021-03-06,20,-0.0454,0.3919,0.0567
CRWD,2021-03-07,18,-0.0652,0.3838,0.0316
CRWD,2021-03-08,20,-0.0136,0.3874,0.069
CRWD,2021-03-09,20,-0.0388,0.4592,0.0799
CRWD,2021-03-10,20,-0.0575,0.3111,-0.0113
CRWD,2021-03-11,20,-0.0226,0.0994,0.0194
CRWD,2021-03-12,20,0.0739,0.2981,0.0626
CRWD,2021-03-13,12,-0.0038,0.3869,0.1698
CRWD,2021-03-14,10,-0.0449,0.1069,0.0349
CRWD,2021-03-15,20,-0.0033,0.1311,0.034
CRWD,2021-03-16,20,0.0128,0.2575,0.0914
CRWD,2021-03-17,20,0.1227,0.3765,0.0794
CRWD,2021-03-18,20,0.0176,0.1829,0.065
CRWD,2021-03-19,20,0.0635,0.2941,0.0621
CRWD,2021-03-20,17,0.1876,0.5209,0.0297
CRWD,2021-03-21,12,0.168,0.3908,0.0998
CRWD,2021-03-22,20,0.0231,0.2759,0.006
CRWD,2021-03-23,20,0.1111,0.3231,-0.036
CRWD,2021-03-24,20,-0.0098,0.3307,0.0509
CRWD,2021-03-25,20,0.0406,0.3804,0.0394
CRWD,2021-03-26,20,-0.0485,0.1556,0.0367
CRWD,2021-03-27,16,-0.0828,0.2172,0.0547
CRWD,2021-03-28,13,0.0479,0.5601,0.0758
CRWD,2021-03-29,20,-0.1135,0.3267,0.0517
CRWD,2021-03-30,20,-0.0407,0.0715,-0.0293
CRWD,2021-03-31,20,0.087,0.3187,0.0898
CRWD,2021-04-01,20,0.0159,0.194,0.1214
CRWD,2021-04-02,12,0.1307,0.316,0.0302
CRWD,2021-04-03,14,0.0581,0.3387,0.0665
CRWD,2021-04-04,7,0.0617,0.379,0.0736
CRWD,2021-04-05,20,-0.0519,0.4078,0.044
CRWD,2021-04-06,20,0.0064,0.244,0.0768
CRWD,2021-04-07,20,0.042,0.4781,0.0494
CRWD,2021-04-08,20,0.0281,0.3233,0.0636
CRWD,2021-04-09,20,-0.0585,0.225,0.142
CRWD,2021-04-10,14,0.0585,0.4097,0.0173
CRWD,2021-04-11,12,0.0472,0.3853,0.0412
CRWD,2021-04-12,20,0.0306,0.1865,0.1146
CRWD,2021-04-13,20,0.2298,0.4742,0.0702
CRWD,2021-04-14,20,-0.1244,0.2179,-0.0142
CRWD,2021-04-15,20,0.0927,0.4859,0.1039
CRWD,2021-04-16,20,0.1061,0.2979,0.0706
CRWD,2021-04-17,13,0.2172,0.4692,0.0188
CRWD,2021-04-18,12,0.2843,0.4046,0.1225
CRWD,2021-04-19,20,-0.0345,0.3451,0.0155
CRWD,2021-04-20,20,-0.0589,0.0994,0.0646
CRWD,2021-04-21,20,0.0418,0.1878,0.0757
CRWD,2021-04-22,20,-0.0408,0.254,0.0302
CRWD,2021-04-23,20,0.1095,0.2902,0.041
CRWD,2021-04-24,7,0.2536,0.4814,0.0566
CRWD,2021-04-25,3,0.2954,0.4105,0.0627
CRWD,2021-04-26,20,0.0506,0.4583,0.0728
CRWD,2021-04-27,20,0.0115,0.2005,0.0781
CRWD,2021-04-28,20,-0.2085,0.1217,-0.0374
CRWD,2021-04-29,20,0.0393,0.4398,0.0532
CRWD,2021-04-30,19,-0.0113,0.1687,0.0433
CRWD,2021-05-01,7,-0.0089,-0.0589,0.0667
CRWD,2021-05-02,5,-0.3193,-0.1164,0.0374
CRWD,2021-05-03,20,0.1474,0.2467,0.1072
CRWD,2021-05-04,20,0.0868,0.4336,0.0438
CRWD,2021-05-05,20,-0.104,0.0369,0.0231
CRWD,2021-05-06,20,-0.1436,0.1998,0.0378
CRWD,2021-05-07,20,-0.018,0.2765,-0.0391
CRWD,2021-05-08,9,-0.1133,0.1729,0.0503
CRWD,2021-05-09,4,-0.3009,-0.0088,-0.0617
CRWD,2021-05-10,20,0.2011,0.2136,0.068
CRWD,2021-05-11,20,0.1759,0.3401,0.0611
CRWD,2021-05-12,20,-0.0458,0.1323,0.0249
CRWD,2021-05-13,20,-0.1869,0.0771,-0.0154
CRWD,2021-05-14,20,-0.148,0.1594,-0.0044
CRWD,2021-05-15,10,-0.0033,0.03,0.0431
CRWD,2021-05-16,8,0.2166,0.4468,0.0532
CRWD,2021-05-17,20,0.2182,0.2914,0.0715
CRWD,2021-05-18,20,-0.0167,0.2759,0.0574
CRWD,2021-05-19,20,-0.0098,0.3944,0.0804
CRWD,2021-05-20,20,0.2103,0.7846,0.0304
CRWD,2021-05-21,20,0.0511,0.3592,0.0899
CRWD,2021-05-22,11,0.1417,0.3383,0.0696
CRWD,2021-05-23,9,0.2395,0.4567,0.0762
CRWD,2021-05-24,20,0.0661,0.1264,0.0774
CRWD,2021-05-25,20,0.0375,0.2979,0.1315
CRWD,2021-05-26,20,0.1531,0.429,0.162
CRWD,2021-05-27,20,0.1476,0.2569,0.085
CRWD,2021-05-28,20,0.1855,0.478,0.0407
CRWD,2021-05-29,9,0.0146,0.4477,0.0331
CRWD,2021-05-30,15,0.0626,0.2233,0.0985
CRWD,2021-05-31,17,0.1346,0.3859,0.0664
CRWD,2021-06-01,20,0.072,0.4741,-0.0216
CRWD,2021-06-02,20,0.0187,0.1491,0.0358
CRWD,2021-06-03,20,-0.0235,0.3862,0.0686
CRWD,2021-06-04,20,-0.0009,0.1532,-0.017
CRWD,2021-06-05,20,-0.1791,0.1716,0.0084
CRWD,2021-06-06,20,0.0512,0.3409,0.0443
CRWD,2021-06-07,20,-0.0572,0.4075,0.0926
CRWD,2021-06-08,20,0.0737,0.4108,0.0168
CRWD,2021-06-09,20,0.1628,0.4322,0.1106
CRWD,2021-06-10,20,0.076,0.4042,0.0944
CRWD,2021-06-11,20,0.15,0.403,0.0455
CRWD,2021-06-12,19,0.0902,0.4781,0.1355
CRWD,2021-06-13,19,0.1238,0.5681,0.0964
CRWD,2021-06-14,20,0.1385,0.2963,0.0655
CRWD,2021-06-15,20,-0.049,0.1389,0.0328
CRWD,2021-06-16,20,-0.0134,0.3072,0.0786
CRWD,2021-06-17,20,0.1325,0.4375,0.1148
CRWD,2021-06-18,20,-0.0651,0.3059,0.092
CRWD,2021-06-19,20,0.0645,0.3067,0.0444
CRWD,2021-06-20,20,0.0814,0.2261,-0.0093
CRWD,2021-06-21,20,-0.1339,0.2844,0.0316
CRWD,2021-06-22,20,0.1374,0.3343,0.055
CRWD,2021-06-23,20,0.0721,0.3844,0.1096
CRWD,2021-06-24,20,0.0083,0.4007,0.0786
CRWD,2021-06-25,20,0.0061,0.3293,0.0573
CRWD,2021-06-26,20,0.0266,0.2747,0.0188
CRWD,2021-06-27,20,0.0911,0.3023,0.0467
CRWD,2021-06-28,20,0.2068,0.4666,0.0455
CRWD,2021-06-29,20,0.0118,0.1593,0.0533
CRWD,2021-06-30,20,0.3525,0.6115,0.0571
CRWD,2021-07-01,20,0.1227,0.4048,0.13
CRWD,2021-07-02,20,0.0527,0.2649,0.0618
CRWD,2021-07-03,20,-0.0461,0.0843,0.0072
CRWD,2021-07-04,13,-0.003,0.2368,-0.037
CRWD,2021-07-05,20,0.0433,0.3723,0.0376
CRWD,2021-07-06,20,-0.0143,0.4712,0.0614
CRWD,2021-07-07,20,0.0345,0.3556,0.0426
CRWD,2021-07-08,20,0.0086,0.2454,0.0632
CRWD,2021-07-09,20,0.0691,0.2265,-0.0364
CRWD,2021-07-10,18,-0.0245,0.323,0.0425
CRWD,2021-07-11,15,0.0668,0.3267,0.0687
CRWD,2021-07-12,20,0.2072,0.5758,0.1107
CRWD,2021-07-13,20,0.1588,0.2676,0.1249
CRWD,2021-07-14,20,0.0119,0.4245,0.0056
CRWD,2021-07-15,20,0.0403,0.4527,0.0651
CRWD,2021-07-16,20,0.0772,0.4259,0.0376
CRWD,2021-07-17,12,0.0312,0.2431,0.1013
CRWD,2021-07-18,16,0.021,0.2808,0.0397
CRWD,2021-07-19,20,0.1394,0.4588,0.0559
CRWD,2021-07-20,20,0.0175,0.4233,0.055
CRWD,2021-07-21,20,0.0781,0.3835,0.079
CRWD,2021-07-22,20,0.1967,0.433,0.1084
CRWD,2021-07-23,20,0.0658,0.4188,0.0167
CRWD,2021-07-24,20,-0.0512,0.1948,0.1152
CRWD,2021-07-25,17,0.1094,0.5686,0.0471
CRWD,2021-07-26,20,-0.0033,0.278,0.0578
CRWD,2021-07-27,20,-0.0839,0.3041,0.0396
CRWD,2021-07-28,20,0.106,0.3391,0.043
CRWD,2021-07-29,20,0.1515,0.3805,0.0662
CRWD,2021-07-30,20,-0.0607,0.3922,0.0283
CRWD,2021-07-31,10,0.0263,0.3208,0.0335
CRWD,2021-08-01,8,0.038,0.2718,-0.0484
CRWD,2021-08-02,20,-0.0004,0.2693,0.0484
CRWD,2021-08-03,20,0.0078,0.2726,0.0074
CRWD,2021-08-04,20,-0.0414,0.1501,0.0582
CRWD,2021-08-05,20,0.01,0.3473,0.1228
CRWD,2021-08-06,20,-0.0458,0.5557,0.0116
CRWD,2021-08-07,16,0.0712,0.2976,0.0639
CRWD,2021-08-08,14,0.1073,0.4713,0.0445
CRWD,2021-08-09,20,-0.033,0.2637,0.0652
CRWD,2021-08-10,20,0.0252,0.2938,0.0454
CRWD,2021-08-11,20,-0.0363,0.4096,0.0255
CRWD,2021-08-12,20,0.0468,0.1529,0.0648
CRWD,2021-08-13,20,0.0516,0.2045,0.0603
CRWD,2021-08-14,9,0.0261,0.3564,0.1038
CRWD,2021-08-15,9,0.085,0.4127,0.0239
CRWD,2021-08-16,20,0.1445,0.4175,0.0013
CRWD,2021-08-17,20,0.0849,0.5064,0.028
CRWD,2021-08-18,20,0.0266,0.3386,0.0645
CRWD,2021-08-19,20,0.0401,0.2405,0.074
CRWD,2021-08-20,20,-0.0992,0.2548,0.0898
CRWD,2021-08-21,11,0.0275,0.1329,0.0937
CRWD,2021-08-22,10,0.0524,0.4285,0.126
CRWD,2021-08-23,20,0.0933,0.3554,0.1326
CRWD,2021-08-24,20,0.0921,0.3486,0.1936
CRWD,2021-08-25,20,0.0387,0.4499,0.0467
CRWD,2021-08-26,20,-0.0306,0.4231,0.0567
CRWD,2021-08-27,20,0.0198,0.3745,0.0784
CRWD,2021-08-28,20,0.0391,0.2562,0.129
CRWD,2021-08-29,20,0.0441,0.3303,0.0883
CRWD,2021-08-30,20,0.1856,0.2715,0.0183
CRWD,2021-08-31,20,-0.0324,0.283,0.0589
CRWD,2021-09-01,20,0.1069,0.1901,0.0774
CRWD,2021-09-02,20,0.0136,0.3488,0.1202
CRWD,2021-09-03,20,0.1284,0.4384,0.0994
CRWD,2021-09-04,16,0.1639,0.3286,0.0814
CRWD,2021-09-05,20,0.2,0.1974,0.0791
CRWD,2021-09-06,20,0.1273,0.3207,0.0586
CRWD,2021-09-07,20,0.0761,0.5571,0.1122
CRWD,2021-09-08,20,-0.0179,0.0705,0.0485
CRWD,2021-09-09,20,0.0988,0.2953,0.0445
CRWD,2021-09-10,20,-0.005,0.4179,0.0278
CRWD,2021-09-11,20,-0.0114,0.3925,0.0435
CRWD,2021-09-12,19,0.0858,0.3645,0.1017
CRWD,2021-09-13,20,-0.2663,0.2563,-0.0058
CRWD,2021-09-14,20,0.059,0.3483,0.0662
CRWD,2021-09-15,20,0.2856,0.4007,0.1475
CRWD,2021-09-16,20,0.1587,0.4733,0.1464
CRWD,2021-09-17,20,0.0633,0.2139,0.0816
CRWD,2021-09-18,11,0.0331,0.1889,0.0524
CRWD,2021-09-19,11,0.1879,0.4079,0.0337
CRWD,2021-09-20,20,0.0182,0.2615,0.0723
CRWD,2021-09-21,20,0.0619,0.2916,0.0146
CRWD,2021-09-22,20,0.0249,0.1389,0.0522
CRWD,2021-09-23,20,0.0936,0.1959,0.0402
CRWD,2021-09-24,20,0.0475,0.2209,0.0848
CRWD,2021-09-25,14,0.0453,0.2633,0.0802
CRWD,2021-09-26,9,0.0339,0.3127,0.1026
CRWD,2021-09-27,20,-0.0287,0.3327,0.0284
CRWD,2021-09-28,20,-0.216,-0.0461,-0.0229
CRWD,2021-09-29,20,-0.126,0.1897,0.0253
CRWD,2021-09-30,20,0.0403,0.4937,0.1046
CRWD,2021-10-01,20,-0.036,0.3072,0.0011
CRWD,2021-10-02,16,0.143,0.1623,0.0839
CRWD,2021-10-03,14,0.1821,0.1437,0.1176
CRWD,2021-10-04,20,-0.14,0.1823,-0.062
CRWD,2021-10-05,20,0.106,0.1495,0.1336
CRWD,2021-10-06,20,-0.0569,0.2519,0.1342
CRWD,2021-10-07,20,0.0763,0.1146,0.0614
CRWD,2021-10-08,20,-0.0444,0.1689,0.0427
CRWD,2021-10-09,17,-0.1179,0.3076,0.0425
CRWD,2021-10-10,12,0.0033,0.1113,0.0658
CRWD,2021-10-11,20,0.0456,0.2959,0.0881
CRWD,2021-10-12,20,0.2318,0.0706,0.126
CRWD,2021-10-13,20,0.268,0.6264,0.088
CRWD,2021-10-14,20,0.1058,0.5572,0.0402
CRWD,2021-10-15,20,0.0571,0.5849,0.0597
CRWD,2021-10-16,20,0.0698,0.2275,0.0286
CRWD,2021-10-17,18,-0.2408,0.1652,0.0351
CRWD,2021-10-18,20,0.1082,0.3446,0.1616
CRWD,2021-10-19,20,0.0242,0.3621,0.0904
CRWD,2021-10-20,20,0.0364,0.3995,0.0351
CRWD,2021-10-21,20,-0.0283,0.2655,0.052
CRWD,2021-10-22,20,-0.0748,0.1535,0.0272
CRWD,2021-10-23,20,0.044,0.1282,0.0955
CRWD,2021-10-24,20,0.0453,0.2578,0.1219
CRWD,2021-10-25,20,0.138,0.4992,0.0105
CRWD,2021-10-26,20,0.1274,0.3254,0.123
CRWD,2021-10-27,20,-0.1302,0.2066,0.0152
CRWD,2021-10-28,20,0.112,0.3229,0.0765
CRWD,2021-10-29,20,0.1552,0.2668,0.082
CRWD,2021-10-30,20,-0.0061,0.2855,0.0704
CRWD,2021-10-31,13,0.111,0.0575,0.1824
CRWD,2021-11-01,20,-0.0642,0.0677,0.0572
CRWD,2021-11-02,20,0.0884,0.1015,0.0588
CRWD,2021-11-03,20,0.2863,0.282,0.0664
CRWD,2021-11-04,20,0.0546,0.3355,0.051
CRWD,2021-11-05,20,-0.0273,0.4713,0.0147
CRWD,2021-11-06,11,0.1075,0.2067,0.0705
CRWD,2021-11-07,11,-0.1272,-0.0895,0.0479
CRWD,2021-11-08,20,0.0414,0.4511,0.0541
CRWD,2021-11-09,20,0.1142,0.4232,0.0068
CRWD,2021-11-10,20,0.1243,0.4561,0.094
CRWD,2021-11-11,20,-0.0237,0.1625,0.0244
CRWD,2021-11-12,20,0.0434,0.1967,0.073
CRWD,2021-11-13,15,0.1579,-0.0216,0.158
CRWD,2021-11-14,15,0.0994,0.1045,0.0817
CRWD,2021-11-15,20,-0.0938,0.2225,-0.0353
CRWD,2021-11-16,20,-0.0689,0.255,0.042
CRWD,2021-11-17,20,0.0594,0.3687,0.039
CRWD,2021-11-18,20,-0.0395,0.0499,0.0661
CRWD,2021-11-19,20,-0.1363,0.1321,0.006
CRWD,2021-11-20,15,-0.2014,-0.0288,0.0963
CRWD,2021-11-21,8,0.0236,0.0345,0.0951
CRWD,2021-11-22,20,-0.1945,0.3173,0.0516
CRWD,2021-11-23,20,-0.0811,0.2694,0.1563
CRWD,2021-11-24,20,-0.2551,0.3072,0.0124
CRWD,2021-11-25,20,-0.1109,0.1028,0.0372
CRWD,2021-11-26,20,-0.1038,0.2204,0.0656
CRWD,2021-11-27,20,0.0689,0.2045,0.055
CRWD,2021-11-28,20,-0.045,0.2079,0.0494
CRWD,2021-11-29,20,0.0169,0.3171,0.0538
CRWD,2021-11-30,20,-0.0818,0.2625,0.084
CRWD,2021-12-01,20,-0.133,0.0634,0.0347
CRWD,2021-12-02,20,-0.0744,0.2073,0.0687
CRWD,2021-12-03,20,-0.0129,0.4882,-0.0294
CRWD,2021-12-04,20,0.0339,0.4273,0.0734
CRWD,2021-12-05,20,-0.1243,0.0408,0.0419
CRWD,2021-12-06,20,-0.1261,0.3233,0.0126
CRWD,2021-12-07,20,0.1224,0.1409,0.1196
CRWD,2021-12-08,20,-0.0216,0.3806,0.0784
CRWD,2021-12-09,20,-0.0225,0.2835,0.035
CRWD,2021-12-10,20,-0.0115,0.2166,0.0422
CRWD,2021-12-11,20,-0.0372,0.1665,0.0798
CRWD,2021-12-12,20,-0.1647,-0.0149,0.053
CRWD,2021-12-13,20,-0.1069,0.3577,0.0093
CRWD,2021-12-14,20,0.0328,0.1643,0.041
CRWD,2021-12-15,20,-0.11,0.1537,0.0689
CRWD,2021-12-16,20,0.1325,0.4657,0.0898
CRWD,2021-12-17,20,-0.0925,0.0913,0.0756
CRWD,2021-12-18,16,-0.0598,0.1956,0.0902
CRWD,2021-12-19,12,-0.1411,-0.065,0.0683
CRWD,2021-12-20,20,0.1661,0.3115,0.0475
CRWD,2021-12-21,20,0.0402,0.3651,0.0016
CRWD,2021-12-22,20,0.0521,-0.0708,0.0406
CRWD,2021-12-23,20,0.0944,0.3438,0.0142
CRWD,2021-12-24,20,-0.0511,0.1065,0.1032
CRWD,2021-12-25,15,0.0721,-0.0309,0.1014
CRWD,2021-12-26,12,0.1395,0.2222,0.0728
CRWD,2021-12-27,20,-0.0775,0.2318,0.0422
CRWD,2021-12-28,20,-0.0184,0.0318,0.0198
CRWD,2021-12-29,20,-0.1847,0.2114,0.0718
CRWD,2021-12-30,20,-0.1232,0.2992,0.0627
CRWD,2021-12-31,20,-0.1277,0.2062,0.0821
CRWD,2022-01-01,10,-0.05,0.2853,0.0395
CRWD,2022-01-02,10,0.0825,0.278,0.0311
CRWD,2022-01-03,20,-0.1109,0.4512,-0.0174
CRWD,2022-01-04,20,-0.101,0.0286,0.0774
CRWD,2022-01-05,20,-0.0076,0.1273,-0.0007
CRWD,2022-01-06,20,0.0384,0.2617,0.1134
CRWD,2022-01-07,20,-0.0608,0.2308,0.0456
CRWD,2022-01-08,13,-0.0396,0.448,0.0599
CRWD,2022-01-09,15,0.0137,0.0375,0.0329
CRWD,2022-01-10,20,-0.1004,0.3201,0.0692
CRWD,2022-01-11,20,0.0209,0.2366,0.0232
CRWD,2022-01-12,20,0.1352,0.3957,0.0342
CRWD,2022-01-13,20,0.026,0.3198,0.0724
CRWD,2022-01-14,20,-0.1272,0.3083,0.0008
CRWD,2022-01-15,20,-0.2288,0.2623,-0.012
CRWD,2022-01-16,14,0.003,0.3788,0.0464
CRWD,2022-01-17,18,-0.1523,0.2156,0.0935
CRWD,2022-01-18,20,0.0041,0.2094,0.0199
CRWD,2022-01-19,20,0.05,0.2103,0.0239
CRWD,2022-01-20,20,-0.0834,0.2966,0.0456
CRWD,2022-01-21,20,-0.0796,0.2162,0.0141
CRWD,2022-01-22,11,-0.1158,0.5497,-0.0588
CRWD,2022-01-23,6,-0.0134,0.5526,0.0153
CRWD,2022-01-24,20,-0.0408,0.3538,0.0894
CRWD,2022-01-25,20,0.0502,0.0862,0.0267
CRWD,2022-01-26,20,-0.0845,0.4732,0.0942
CRWD,2022-01-27,20,-0.0582,0.5009,0.0506
CRWD,2022-01-28,20,-0.0905,0.4282,0.0706
CRWD,2022-01-29,10,-0.1558,-0.0347,0.0566
CRWD,2022-01-30,11,0.0155,0.3594,0.0811
CRWD,2022-01-31,20,0.0345,0.3672,0.1435
CRWD,2022-02-01,14,-0.151,0.1963,0.0889
CRWD,2022-02-02,20,-0.0213,0.2279,0.0599
CRWD,2022-02-03,15,-0.0577,0.5086,0.0595
CRWD,2022-02-04,20,-0.1077,0.3489,0.0348
CRWD,2022-02-05,8,-0.1261,0.4511,0.0116
CRWD,2022-02-06,9,-0.1642,0.2508,-0.0148
CRWD,2022-02-07,20,0.2327,0.2358,0.0324
CRWD,2022-02-08,20,0.0082,0.3214,0.0259
CRWD,2022-02-09,20,0.0409,0.3187,0.1377
CRWD,2022-02-10,20,0.0431,0.299,0.0638
CRWD,2022-02-11,20,-0.0556,0.2342,0.044
CRWD,2022-02-12,8,-0.0203,0.2358,0.0
CRWD,2022-02-13,11,-0.0509,0.3955,0.0493
CRWD,2022-02-14,20,0.0973,0.474,0.113
CRWD,2022-02-15,20,-0.0687,0.3032,-0.0449
CRWD,2022-02-16,20,0.1585,0.3814,0.018
CRWD,2022-02-17,20,-0.101,0.2562,-0.0658
CRWD,2022-02-18,20,0.032,0.3332,-0.0222
CRWD,2022-02-19,11,-0.118,0.2631,0.0175
CRWD,2022-02-20,8,-0.1456,0.4202,0.0421
CRWD,2022-02-21,13,-0.0984,0.4024,0.0188
CRWD,2022-02-22,20,0.0787,0.4418,0.0106
CRWD,2022-02-23,20,0.0048,0.3767,0.0303
CRWD,2022-02-24,20,0.0494,0.3649,0.1111
CRWD,2022-02-25,20,-0.0223,0.2645,0.0703
CRWD,2022-02-26,20,0.0724,0.0775,-0.0095
CRWD,2022-02-27,20,-0.067,0.0164,-0.0055
CRWD,2022-02-28,20,0.0668,0.3679,0.0862
CRWD,2022-03-01,20,-0.0641,0.2991,-0.0541
CRWD,2022-03-02,20,-0.1477,0.0653,-0.0716
CRWD,2022-03-03,20,0.0199,0.362,0.0062
CRWD,2022-03-04,20,-0.1613,0.3427,0.0457
CRWD,2022-03-05,20,-0.0541,0.1199,0.0702
CRWD,2022-03-06,20,-0.0329,0.2176,0.0656
CRWD,2022-03-07,20,-0.2917,-0.0176,-0.0163
CRWD,2022-03-08,20,-0.2117,0.1123,-0.0399
CRWD,2022-03-09,20,0.0102,0.469,-0.0119
CRWD,2022-03-10,20,0.1323,0.4996,0.0728
CRWD,2022-03-11,20,-0.1923,0.2826,0.0136
CRWD,2022-03-12,20,0.0272,0.1311,0.0566
CRWD,2022-03-13,10,-0.0302,0.2234,0.0828
CRWD,2022-03-14,20,0.0498,0.4681,0.0239
CRWD,2022-03-15,20,0.0023,0.351,0.0352
CRWD,2022-03-16,20,-0.2795,0.2611,-0.1086
CRWD,2022-03-17,20,0.2054,0.4415,0.1246
CRWD,2022-03-18,20,-0.0872,0.3696,-0.0165
CRWD,2022-03-19,20,0.1169,0.1585,0.0777
CRWD,2022-03-20,7,0.0415,0.456,0.102
CRWD,2022-03-21,20,0.0619,0.3925,0.1798
CRWD,2022-03-22,20,0.0053,0.3662,0.0358
CRWD,2022-03-23,20,0.1471,0.4148,0.0882
CRWD,2022-03-24,20,0.028,0.2424,0.0582
CRWD,2022-03-25,20,0.0802,0.118,0.1678
CRWD,2022-03-26,16,0.0387,0.2003,0.0824
CRWD,2022-03-27,17,0.2023,0.325,0.1301
CRWD,2022-03-28,20,0.0913,0.3569,0.0417
CRWD,2022-03-29,20,-0.1421,0.1557,0.0285
CRWD,2022-03-30,20,0.1038,0.3538,0.1345
CRWD,2022-03-31,20,-0.0364,0.1996,0.0338
CRWD,2022-04-01,20,0.1428,0.1673,0.0742
CRWD,2022-04-02,14,0.1403,0.1349,0.1226
CRWD,2022-04-03,9,0.2917,0.4122,0.0791
CRWD,2022-04-04,20,0.2006,0.4035,0.0942
CRWD,2022-04-05,20,0.1102,0.3702,0.0866
CRWD,2022-04-06,20,0.0478,0.2915,0.0626
CRWD,2022-04-07,20,0.0747,0.2738,0.0698
CRWD,2022-04-08,20,0.1512,0.407,-0.0013
CRWD,2022-04-09,18,0.1835,0.4115,0.1072
CRWD,2022-04-10,6,0.1801,-0.0196,0.0747
CRWD,2022-04-11,20,0.1077,0.285,0.0426
CRWD,2022-04-12,20,0.3212,0.3696,0.0529
CRWD,2022-04-13,20,0.2161,0.5216,0.0774
CRWD,2022-04-14,20,-0.0684,0.184,0.0862
CRWD,2022-04-15,17,0.0964,0.1036,0.0944
CRWD,2022-04-16,9,0.2151,0.1566,0.1767
CRWD,2022-04-17,12,0.0708,0.2585,0.0942
CRWD,2022-04-18,20,0.0265,0.3219,0.0351
CRWD,2022-04-19,20,0.1843,0.3218,0.0779
CRWD,2022-04-20,20,-0.0165,0.2576,0.0126
CRWD,2022-04-21,20,-0.2276,0.3072,-0.0776
CRWD,2022-04-22,20,-0.0756,0.3745,0.0238
CRWD,2022-04-23,7,-0.1358,0.233,0.0904
CRWD,2022-04-24,4,0.1758,0.3443,0.157
CRWD,2022-04-25,20,-0.0913,0.2615,0.0252
CRWD,2022-04-26,20,-0.0538,0.2538,0.032
CRWD,2022-04-27,20,0.0238,0.3054,0.0312
CRWD,2022-04-28,20,-0.0259,0.2142,0.0446
CRWD,2022-04-29,20,0.0806,0.2698,0.0493
CRWD,2022-04-30,10,0.0898,0.1568,0.0976
CRWD,2022-05-01,5,0.0307,0.1958,0.022
CRWD,2022-05-02,19,0.0064,0.363,0.03
CRWD,2022-05-03,20,-0.0059,0.2482,-0.0331
CRWD,2022-05-04,20,0.0264,0.2013,0.0667
CRWD,2022-05-05,20,-0.0768,0.2916,0.0482
CRWD,2022-05-06,20,-0.0555,0.3633,0.0148
CRWD,2022-05-07,17,-0.263,-0.0321,0.0435
CRWD,2022-05-08,12,-0.0069,0.0883,0.0081
CRWD,2022-05-09,20,-0.2415,0.2712,0.0007
CRWD,2022-05-10,20,0.1729,0.4806,0.142
CRWD,2022-05-11,20,-0.2505,0.3252,-0.0206
CRWD,2022-05-12,20,-0.0575,0.3622,-0.018
CRWD,2022-05-13,20,0.0094,0.3388,0.0774
CRWD,2022-05-14,7,-0.0074,0.3766,0.243
CRWD,2022-05-15,3,-0.1935,-0.0367,0.1023
CRWD,2022-05-16,20,-0.1398,0.3527,-0.0114
CRWD,2022-05-17,20,-0.1693,0.2992,0.001
CRWD,2022-05-18,20,-0.1342,0.1558,-0.0048
CRWD,2022-05-19,20,-0.0659,0.2874,-0.0046
CRWD,2022-05-20,20,0.0165,0.1504,0.1091
CRWD,2022-05-21,15,-0.0049,-0.0071,0.0388
CRWD,2022-05-22,13,-0.0697,0.1181,0.1075
CRWD,2022-05-23,20,-0.0463,0.4189,-0.0393
CRWD,2022-05-24,20,-0.0449,-0.1305,0.0358
CRWD,2022-05-25,19,-0.0918,0.0419,0.0292
CRWD,2022-05-26,20,-0.0453,0.1088,0.0142
CRWD,2022-05-27,20,0.1801,0.2842,0.0257
CRWD,2022-05-28,11,0.1844,0.1448,0.1349
CRWD,2022-05-29,6,-0.2011,0.1428,0.0433
CRWD,2022-05-30,13,0.1015,0.5132,0.0375
CRWD,2022-05-31,20,-0.0437,0.1676,-0.0282
CRWD,2022-06-01,20,0.0267,0.1139,-0.0253
CRWD,2022-06-02,20,0.058,0.1634,-0.0088
CRWD,2022-06-03,20,-0.0734,0.0535,0.0419
CRWD,2022-06-04,19,0.1088,0.2858,0.0173
CRWD,2022-06-05,17,-0.0093,0.2633,0.0366
CRWD,2022-06-06,20,0.2796,0.2535,0.0377
CRWD,2022-06-07,20,0.072,0.3334,0.1015
CRWD,2022-06-08,20,0.0808,0.4017,0.0053
CRWD,2022-06-09,19,-0.118,0.2866,-0.0345
CRWD,2022-06-10,20,-0.1145,0.2509,0.0203
CRWD,2022-06-11,5,0.0526,0.0564,0.0712
CRWD,2022-06-12,3,-0.3569,0.2446,-0.0007
CRWD,2022-06-13,20,-0.114,0.2029,0.0048
CRWD,2022-06-14,20,0.1129,0.5091,0.05
CRWD,2022-06-15,20,0.0764,0.3746,0.0864
CRWD,2022-06-16,19,0.0321,0.0041,0.0375
CRWD,2022-06-17,20,0.0649,0.3531,0.0286
CRWD,2022-06-18,7,-0.0137,0.2196,0.0977
CRWD,2022-06-19,2,-0.2263,0.1693,0.0
CRWD,2022-06-20,9,0.0994,0.0587,0.096
CRWD,2022-06-21,13,-0.1658,0.3183,0.0176
CRWD,2022-06-22,12,-0.0033,0.2568,0.0417
CRWD,2022-06-23,20,0.1752,0.2799,0.0732
CRWD,2022-06-24,20,0.2874,0.3713,0.1978
CRWD,2022-06-25,12,0.0554,0.2057,0.0745
CRWD,2022-06-26,1,-0.6247,0.4003,0.153
CRWD,2022-06-27,17,-0.038,0.1306,0.0374
CRWD,2022-06-28,20,0.1867,0.2447,0.0958
CRWD,2022-06-29,20,0.0492,0.4684,0.0014
CRWD,2022-06-30,20,-0.1915,0.0969,0.0114
CRWD,2022-07-01,20,-0.024,0.2568,0.0779
CRWD,2022-07-02,16,0.1586,0.1632,0.1116
CRWD,2022-07-03,10,0.0631,0.2292,0.0285
CRWD,2022-07-04,7,-0.1503,0.4464,0.009
CRWD,2022-07-05,20,0.1451,0.3679,0.0673
CRWD,2022-07-06,20,-0.0429,0.0724,0.023
CRWD,2022-07-07,20,0.0621,0.2718,0.0342
CRWD,2022-07-08,20,-0.035,0.3634,-0.0255
CRWD,2022-07-09,6,0.1682,0.1354,0.1335
CRWD,2022-07-10,2,-0.1213,-0.0218,0.029
CRWD,2022-07-11,16,0.1426,0.5113,0.1258
CRWD,2022-07-12,20,-0.1029,0.2261,-0.006
CRWD,2022-07-13,20,-0.0969,0.5418,0.0061
CRWD,2022-07-14,20,0.0131,0.2543,0.0357
CRWD,2022-07-15,20,-0.0497,0.2481,0.0122
CRWD,2022-07-16,16,0.2132,0.2511,0.0439
CRWD,2022-07-17,9,0.1896,0.2695,0.0869
CRWD,2022-07-18,20,0.1356,0.2217,0.0387
CRWD,2022-07-19,20,0.1027,0.2986,0.013
CRWD,2022-07-20,15,-0.031,0.2315,0.0328
CRWD,2022-07-21,15,0.2143,0.2881,0.0711
CRWD,2022-07-22,19,-0.1198,0.2576,0.0114
CRWD,2022-07-23,5,-0.1814,0.6444,-0.0258
CRWD,2022-07-24,2,0.0254,-0.0283,0.057
CRWD,2022-07-25,19,-0.0704,0.1944,0.0195
CRWD,2022-07-26,20,-0.0294,0.2224,0.0589
CRWD,2022-07-27,20,0.0666,0.4731,0.0815
CRWD,2022-07-28,16,0.0466,0.2964,0.0447
CRWD,2022-07-29,10,-0.0568,0.2417,0.0918
CRWD,2022-07-30,4,0.0406,0.5374,0.0782
CRWD,2022-07-31,8,0.0507,0.2534,0.0476
CRWD,2022-08-01,10,0.0645,0.3054,0.0719
CRWD,2022-08-02,20,0.0471,0.3091,0.1094
CRWD,2022-08-03,20,-0.0046,0.3157,0.0676
CRWD,2022-08-04,20,-0.1513,0.123,0.0208
CRWD,2022-08-05,19,-0.0025,0.1285,0.0334
CRWD,2022-08-06,7,0.0067,0.3587,0.139
CRWD,2022-08-07,4,0.1025,-0.1645,0.089
CRWD,2022-08-08,20,-0.0192,0.2751,0.0353
CRWD,2022-08-09,16,-0.014,0.1902,0.0406
CRWD,2022-08-10,20,0.128,0.2165,-0.002
CRWD,2022-08-11,20,-0.0981,0.3271,-0.0155
CRWD,2022-08-12,20,0.0356,0.2393,0.016
CRWD,2022-08-13,13,-0.0446,0.0339,0.0908
CRWD,2022-08-14,9,-0.097,0.0162,0.0593
CRWD,2022-08-15,20,0.1735,0.3984,0.0468
CRWD,2022-08-16,20,0.2843,0.1244,0.1467
CRWD,2022-08-17,13,0.1549,0.1705,-0.0082
CRWD,2022-08-18,13,0.0405,0.3308,-0.0035
CRWD,2022-08-19,20,-0.0568,0.2135,0.0183
CRWD,2022-08-20,6,0.0144,0.5147,0.0603
CRWD,2022-08-21,9,-0.0029,0.2873,0.1379
CRWD,2022-08-22,20,0.2342,0.2825,0.0414
CRWD,2022-08-23,20,0.0736,0.2977,0.0444
CRWD,2022-08-24,20,0.0867,0.3753,0.0492
CRWD,2022-08-25,20,-0.0664,0.1685,0.0216
CRWD,2022-08-26,20,-0.0125,0.246,0.0181
CRWD,2022-08-27,14,-0.0177,0.3765,0.0292
CRWD,2022-08-28,13,-0.0311,0.3002,0.0041
CRWD,2022-08-29,20,0.1518,0.3196,0.1042
CRWD,2022-08-30,20,0.0073,0.3566,0.096
CRWD,2022-08-31,20,0.0188,0.3471,0.026
CRWD,2022-09-01,20,0.0152,0.5148,0.0624
CRWD,2022-09-02,20,-0.1075,0.0329,-0.0086
CRWD,2022-09-03,11,0.0268,0.1619,0.1021
CRWD,2022-09-04,10,-0.1202,0.0063,-0.0429
CRWD,2022-09-05,6,0.0483,0.2817,0.1097
CRWD,2022-09-06,20,0.0599,0.3886,0.0042
CRWD,2022-09-07,20,-0.1055,0.2255,0.0314
CRWD,2022-09-08,20,0.0129,0.1987,0.0653
CRWD,2022-09-09,20,0.1126,0.4642,0.1773
CRWD,2022-09-10,15,0.0663,0.2116,0.0027
CRWD,2022-09-11,9,-0.0964,0.3483,-0.0056
CRWD,2022-09-12,20,0.037,0.3435,0.0136
CRWD,2022-09-13,20,-0.0948,0.1515,0.028
CRWD,2022-09-14,20,0.1569,0.2482,0.1083
CRWD,2022-09-15,20,-0.0903,0.2356,0.0326
CRWD,2022-09-16,20,-0.0379,0.2944,0.0267
CRWD,2022-09-17,11,-0.1523,0.1942,0.0964
CRWD,2022-09-18,5,0.0487,0.2723,0.002
CRWD,2022-09-19,20,0.177,0.0621,0.1096
CRWD,2022-09-20,20,0.2964,0.1459,0.1152
CRWD,2022-09-21,20,0.0721,0.2475,-0.033
CRWD,2022-09-22,20,-0.0077,0.4388,-0.0294
CRWD,2022-09-23,20,0.0551,0.2114,0.0766
CRWD,2022-09-24,13,0.0872,-0.0136,0.1168
CRWD,2022-09-25,8,0.3379,0.2004,0.0299
CRWD,2022-09-26,11,0.0503,0.0058,0.0545
CRWD,2022-09-27,15,0.0009,0.287,0.0233
CRWD,2022-09-28,20,0.1857,0.1469,0.1022
CRWD,2022-09-29,20,0.0131,0.2574,0.0312
CRWD,2022-09-30,20,0.1268,0.0527,0.0508
CRWD,2022-10-01,6,0.1725,-0.1037,0.1092
CRWD,2022-10-02,7,0.0992,0.1839,0.0056
CRWD,2022-10-03,14,0.0264,0.175,0.113
CRWD,2022-10-04,20,0.1104,0.3097,0.0536
CRWD,2022-10-05,14,0.066,0.4982,0.1206
CRWD,2022-10-06,18,-0.0547,0.1907,-0.0268
CRWD,2022-10-07,19,0.0818,0.0952,0.0834
CRWD,2022-10-08,6,0.0445,0.3075,0.1318
CRWD,2022-10-09,2,0.184,-0.5026,0.0415
CRWD,2022-10-10,20,0.0151,0.1716,0.0401
CRWD,2022-10-11,20,0.0161,0.2875,0.122
CRWD,2022-10-12,14,-0.0597,0.2658,0.0881
CRWD,2022-10-13,17,0.0406,0.264,0.0322
CRWD,2022-10-14,14,-0.0042,0.1921,0.0969
CRWD,2022-10-15,16,-0.1046,0.1675,0.0702
CRWD,2022-10-16,4,-0.4537,0.4927,0.1332
CRWD,2022-10-17,16,0.101,0.3261,-0.0141
CRWD,2022-10-18,11,0.1509,0.4092,0.0425
CRWD,2022-10-19,16,0.0605,0.2567,0.0481
CRWD,2022-10-20,12,0.1828,0.4518,0.0432
CRWD,2022-10-21,12,-0.0025,0.0305,0.0536
CRWD,2022-10-22,4,0.014,-0.0797,0.0835
CRWD,2022-10-23,5,-0.164,-0.1073,0.0994
CRWD,2022-10-24,7,0.079,0.1688,0.087
CRWD,2022-10-25,20,0.2274,0.0817,0.17
CRWD,2022-10-26,18,-0.0423,0.2318,0.0467
CRWD,2022-10-27,14,0.0117,0.3452,0.0316
CRWD,2022-10-28,6,0.0207,0.1998,0.0465
CRWD,2022-10-29,7,-0.0735,-0.107,0.0991
CRWD,2022-10-30,6,0.1421,0.2527,0.0573
CRWD,2022-10-31,11,-0.0515,0.1303,0.0946
CRWD,2022-11-01,8,0.0911,-0.087,0.0959
CRWD,2022-11-02,20,-0.0749,0.3785,-0.0042
CRWD,2022-11-03,20,-0.0076,0.2331,0.0289
CRWD,2022-11-04,20,-0.0627,0.2249,0.0582
CRWD,2022-11-05,20,-0.124,0.445,0.0127
CRWD,2022-11-06,14,-0.1389,0.2068,0.0505
CRWD,2022-11-07,20,-0.0716,0.2812,-0.0174
CRWD,2022-11-08,20,0.1502,0.346,0.0556
CRWD,2022-11-09,20,0.0119,0.1391,0.0516
CRWD,2022-11-10,20,-0.0548,0.2085,0.0312
CRWD,2022-11-11,20,-0.0237,0.3692,0.0636
CRWD,2022-11-12,11,0.1308,0.3517,0.0492
CRWD,2022-11-13,4,0.0295,0.1775,0.0905
CRWD,2022-11-14,20,0.0907,0.2144,0.1092
CRWD,2022-11-15,19,0.0709,0.2107,0.0855
CRWD,2022-11-16,15,0.0538,0.2694,-0.0069
CRWD,2022-11-17,20,0.1858,0.2915,0.0206
CRWD,2022-11-18,20,-0.0203,0.1938,0.0224
CRWD,2022-11-19,12,-0.2262,0.1419,0.0437
CRWD,2022-11-20,8,-0.13,0.1721,0.016
CRWD,2022-11-21,18,0.1079,0.371,0.0039
CRWD,2022-11-22,18,-0.0258,0.271,0.0095
CRWD,2022-11-23,20,-0.0343,0.4152,0.0718
CRWD,2022-11-24,5,0.0825,-0.0206,0.1062
CRWD,2022-11-25,12,0.2779,0.3004,0.1338
CRWD,2022-11-26,14,0.1279,0.2445,0.0541
CRWD,2022-11-27,15,-0.0899,0.1998,0.0455
CRWD,2022-11-28,20,-0.078,0.3915,0.015
CRWD,2022-11-29,20,0.0097,0.332,-0.0291
CRWD,2022-11-30,20,-0.0123,0.2637,0.0641
CRWD,2022-12-01,20,-0.1066,0.0914,0.0779
CRWD,2022-12-02,20,0.1828,0.4207,0.0601
CRWD,2022-12-03,20,-0.2058,0.1509,-0.0436
CRWD,2022-12-04,20,-0.032,0.2517,0.0918
CRWD,2022-12-05,20,0.1145,0.3917,0.077
CRWD,2022-12-06,20,-0.072,0.1876,0.0092
CRWD,2022-12-07,20,-0.0624,0.3354,0.068
CRWD,2022-12-08,20,0.0815,0.1081,0.0496
CRWD,2022-12-09,20,-0.024,0.3715,0.0584
CRWD,2022-12-10,14,0.0737,0.1315,0.0881
CRWD,2022-12-11,7,0.0029,0.1725,0.009
CRWD,2022-12-12,20,0.04,0.1241,0.1096
CRWD,2022-12-13,20,0.1593,0.1182,0.083
CRWD,2022-12-14,14,-0.1489,0.0215,0.0111
CRWD,2022-12-15,20,0.1934,0.2266,-0.0161
CRWD,2022-12-16,20,0.0002,0.282,-0.0032
CRWD,2022-12-17,13,0.0923,0.355,0.0707
CRWD,2022-12-18,6,-0.1513,0.1123,0.0775
CRWD,2022-12-19,20,-0.0923,0.2918,0.0475
CRWD,2022-12-20,20,0.0447,0.1505,0.0494
CRWD,2022-12-21,20,-0.1846,0.2701,-0.0841
CRWD,2022-12-22,20,-0.0217,0.1913,-0.0085
CRWD,2022-12-23,20,-0.1399,-0.1323,-0.0124
CRWD,2022-12-24,8,-0.0069,0.1643,0.0893
CRWD,2022-12-25,2,-0.4207,0.2062,0.197
CRWD,2022-12-26,8,-0.2556,-0.2574,-0.034
CRWD,2022-12-27,20,-0.0695,0.0624,0.0142
CRWD,2022-12-28,20,-0.1777,0.2388,0.0506
CRWD,2022-12-29,20,0.1273,0.296,0.158
CRWD,2022-12-30,20,0.1078,0.3898,0.1592
CRWD,2022-12-31,6,-0.0178,-0.1103,0.0368
DDOG,2020-01-01,4,0.0971,0.1029,0.1012
DDOG,2020-01-02,14,0.0177,0.3613,0.1159
DDOG,2020-01-03,13,-0.0126,0.471,0.0447
DDOG,2020-01-04,4,-0.0562,0.5013,0.138
DDOG,2020-01-05,7,-0.0062,0.4624,-0.0149
DDOG,2020-01-06,20,0.207,0.4698,0.0474
DDOG,2020-01-07,20,0.1478,0.638,0.0554
DDOG,2020-01-08,20,0.0402,0.1593,0.0493
DDOG,2020-01-09,12,0.1395,0.25,0.1113
DDOG,2020-01-10,16,-0.0423,0.4949,0.0619
DDOG,2020-01-11,10,-0.0243,0.2241,0.1576
DDOG,2020-01-12,6,-0.2296,0.3477,0.0563
DDOG,2020-01-13,20,0.0244,0.4244,0.068
DDOG,2020-01-14,18,0.02,0.1627,0.0407
DDOG,2020-01-15,20,-0.019,0.4282,0.0144
DDOG,2020-01-16,20,0.1359,0.251,0.0261
DDOG,2020-01-17,13,-0.0213,0.3192,0.0455
DDOG,2020-01-18,4,-0.0352,0.2739,0.0978
DDOG,2020-01-19,2,-0.1303,-0.6939,-0.253
DDOG,2020-01-20,4,0.1845,0.4785,-0.0235
DDOG,2020-01-21,10,-0.1508,0.2394,0.0619
DDOG,2020-01-22,15,0.1419,0.2885,0.069
DDOG,2020-01-23,14,0.0916,0.2141,0.0508
DDOG,2020-01-24,20,0.0195,0.2191,0.0934
DDOG,2020-01-25,7,-0.01,0.3754,0.1671
DDOG,2020-01-26,3,0.263,0.3212,0.091
DDOG,2020-01-27,16,0.0033,0.5551,0.0619
DDOG,2020-01-28,15,0.1023,0.2645,0.074
DDOG,2020-01-29,20,0.2607,0.5446,0.1896
DDOG,2020-01-30,20,0.1145,0.405,0.101
DDOG,2020-01-31,20,0.0151,0.4722,0.0238
DDOG,2020-02-01,3,0.1228,0.2337,0.0567
DDOG,2020-02-02,3,0.2032,-0.1451,0.004
DDOG,2020-02-03,20,-0.0142,0.5006,0.0492
DDOG,2020-02-04,20,0.1325,0.2688,0.0914
DDOG,2020-02-05,20,-0.0751,-0.0139,-0.0208
DDOG,2020-02-06,18,0.1233,0.1527,0.0729
DDOG,2020-02-07,12,0.0227,0.353,0.0327
DDOG,2020-02-08,5,0.1283,0.4848,0.0124
DDOG,2020-02-09,5,0.0089,0.5014,0.0654
DDOG,2020-02-10,20,-0.0159,0.2799,0.075
DDOG,2020-02-11,19,0.2433,0.5011,0.1269
DDOG,2020-02-12,20,-0.0064,0.2199,0.0074
DDOG,2020-02-13,20,0.069,0.2578,0.0784
DDOG,2020-02-14,20,0.1302,0.4489,-0.0209
DDOG,2020-02-15,11,0.2428,0.284,0.0974
DDOG,2020-02-16,16,0.2402,0.3738,0.1169
DDOG,2020-02-17,9,0.0738,0.0733,0.0012
DDOG,2020-02-18,20,-0.0325,0.3267,0.0462
DDOG,2020-02-19,20,0.0217,0.1982,0.0712
DDOG,2020-02-20,20,-0.0031,0.3436,-0.0314
DDOG,2020-02-21,20,0.1798,0.2937,0.081
DDOG,2020-02-22,8,-0.1909,-0.152,-0.016
DDOG,2020-02-23,4,0.0053,0.1885,0.0722
DDOG,2020-02-24,18,0.0643,0.3814,0.0906
DDOG,2020-02-25,20,-0.0104,0.2172,0.0653
DDOG,2020-02-26,20,-0.1737,0.1097,0.0376
DDOG,2020-02-27,20,0.1941,0.3051,0.1906
DDOG,2020-02-28,20,0.0797,0.3249,0.0628
DDOG,2020-02-29,5,-0.0535,0.3239,0.049
DDOG,2020-03-01,14,0.1173,0.237,0.1262
DDOG,2020-03-02,16,0.0163,0.6033,0.1371
DDOG,2020-03-03,20,-0.0095,0.2982,0.038
DDOG,2020-03-04,20,0.1399,0.2549,0.0772
DDOG,2020-03-05,20,0.1768,0.4442,0.1141
DDOG,2020-03-06,17,0.0795,0.2535,0.0833
DDOG,2020-03-07,6,-0.1481,0.109,0.084
DDOG,2020-03-08,3,-0.1403,-0.0179,0.0773
DDOG,2020-03-09,15,-0.266,0.2262,0.0176
DDOG,2020-03-10,20,-0.0014,0.2006,0.0921
DDOG,2020-03-11,20,-0.0232,0.0057,-0.0028
DDOG,2020-03-12,13,0.0049,0.4961,0.133
DDOG,2020-03-13,15,0.0824,0.3511,0.0957
DDOG,2020-03-14,2,0.0394,0.4322,0.0925
DDOG,2020-03-15,1,0.3909,0.2009,0.0
DDOG,2020-03-16,9,0.0709,-0.0031,-0.0338
DDOG,2020-03-17,6,0.0778,0.5638,0.0675
DDOG,2020-03-18,9,0.2916,0.0613,0.1049
DDOG,2020-03-19,11,-0.059,0.2923,0.108
DDOG,2020-03-20,5,-0.1164,0.4197,0.0158
DDOG,2020-03-21,1,0.0535,0.2204,0.121
DDOG,2020-03-22,2,-0.0097,0.3536,0.0
DDOG,2020-03-23,7,0.0027,0.3292,0.0699
DDOG,2020-03-24,6,-0.1308,0.5716,0.0438
DDOG,2020-03-25,17,0.025,0.2892,-0.0288
DDOG,2020-03-26,18,-0.0186,-0.036,0.0463
DDOG,2020-03-27,14,-0.0031,0.3368,0.0332
DDOG,2020-03-28,3,-0.242,0.5778,-0.027
DDOG,2020-03-29,2,-0.0341,0.4733,0.303
DDOG,2020-03-30,1,-0.1781,0.3606,-0.145
DDOG,2020-03-31,14,-0.0329,0.4142,0.0309
DDOG,2020-04-01,11,0.0732,0.4651,-0.0257
DDOG,2020-04-02,4,0.2681,0.0432,0.0762
DDOG,2020-04-03,15,0.0008,0.1798,0.0769
DDOG,2020-04-04,2,0.0756,0.5211,0.2365
DDOG,2020-04-05,1,0.0186,-0.9448,0.0
DDOG,2020-04-06,2,0.1058,0.5332,0.006
DDOG,2020-04-07,7,0.1327,0.7049,0.1053
DDOG,2020-04-08,6,-0.0334,0.5132,0.1118
DDOG,2020-04-09,12,0.1559,0.0422,0.1662
DDOG,2020-04-10,2,-0.0731,0.3305,0.0
DDOG,2020-04-12,2,-0.065,0.8885,0.1345
DDOG,2020-04-13,20,0.1715,0.2885,0.086
DDOG,2020-04-14,9,0.1328,0.5474,0.0437
DDOG,2020-04-15,13,0.1615,0.5354,0.0577
DDOG,2020-04-16,20,0.0873,0.2888,0.1098
DDOG,2020-04-17,13,0.2059,0.6103,0.0251
DDOG,2020-04-18,5,0.1809,0.6787,0.098
DDOG,2020-04-20,17,0.0774,0.146,0.1234
DDOG,2020-04-21,10,0.0226,0.1166,0.0568
DDOG,2020-04-22,14,0.0619,0.2861,0.117
DDOG,2020-04-23,11,-0.0089,0.3176,0.0583
DDOG,2020-04-24,20,0.0208,0.0886,0.0898
DDOG,2020-04-25,3,0.3405,0.2561,0.2057
DDOG,2020-04-26,1,0.7297,0.9653,0.0
DDOG,2020-04-27,11,0.0616,0.4019,0.0992
DDOG,2020-04-28,16,0.113,0.2431,0.0003
DDOG,2020-04-29,8,0.1474,0.3328,0.0488
DDOG,2020-04-30,9,0.0246,0.3453,0.0419
DDOG,2020-05-01,10,0.0876,0.0324,0.0594
DDOG,2020-05-02,1,-0.1753,0.1253,-0.174
DDOG,2020-05-03,4,0.0704,0.083,0.0332
DDOG,2020-05-04,9,-0.063,0.2911,0.072
DDOG,2020-05-05,14,0.2143,0.1943,0.1437
DDOG,2020-05-06,20,0.0561,0.2159,0.0833
DDOG,2020-05-07,20,-0.0284,0.3813,0.1303
DDOG,2020-05-08,20,0.045,0.3091,0.085
DDOG,2020-05-09,20,0.0513,0.2425,0.0455
DDOG,2020-05-10,20,0.106,0.3942,0.1082
DDOG,2020-05-11,20,0.0949,0.3067,0.0304
DDOG,2020-05-12,20,0.0536,0.4633,0.0922
DDOG,2020-05-13,20,-0.0411,0.1572,-0.012
DDOG,2020-05-14,20,0.0256,0.4333,0.0457
DDOG,2020-05-15,20,0.0344,0.3314,0.1183
DDOG,2020-05-16,20,0.0225,0.2436,0.0751
DDOG,2020-05-17,9,-0.0722,0.3657,0.1076
DDOG,2020-05-18,20,0.0935,0.3999,0.0958
DDOG,2020-05-19,20,0.0356,0.5025,0.0873
DDOG,2020-05-20,20,0.0552,0.65,0.0157
DDOG,2020-05-21,19,-0.087,0.3022,0.0475
DDOG,2020-05-22,20,0.2145,0.5763,0.048
DDOG,2020-05-23,20,0.0219,0.3093,0.0988
DDOG,2020-05-24,10,0.0895,0.3457,0.1518
DDOG,2020-05-25,6,0.0518,0.2191,0.1205
DDOG,2020-05-26,20,-0.0369,0.5604,0.1279
DDOG,2020-05-27,20,0.0967,0.2295,0.02
DDOG,2020-05-28,20,0.0031,0.2841,0.0954
DDOG,2020-05-29,20,-0.0651,0.4329,0.0606
DDOG,2020-05-30,5,-0.0306,0.246,0.025
DDOG,2020-05-31,10,0.1421,0.4128,0.0809
DDOG,2020-06-01,20,0.0478,0.3089,0.0911
DDOG,2020-06-02,20,0.0705,0.1466,0.047
DDOG,2020-06-03,20,0.0891,0.4277,0.0563
DDOG,2020-06-04,20,-0.0718,0.3117,-0.0414
DDOG,2020-06-05,20,-0.0395,0.1818,0.0189
DDOG,2020-06-06,4,-0.4062,0.1369,0.0762
DDOG,2020-06-07,7,0.3048,0.403,0.1409
DDOG,2020-06-08,20,0.1057,0.4107,0.0901
DDOG,2020-06-09,20,0.1563,0.345,0.0362
DDOG,2020-06-10,20,0.1306,0.3612,0.0681
DDOG,2020-06-11,20,0.0401,0.2354,0.0318
DDOG,2020-06-12,20,0.1099,0.6393,0.0196
DDOG,2020-06-13,15,0.158,0.4085,0.0612
DDOG,2020-06-14,6,0.2014,0.3236,0.0847
DDOG,2020-06-15,20,0.038,0.364,0.0782
DDOG,2020-06-16,20,0.0427,0.5642,0.0229
DDOG,2020-06-17,20,0.0062,0.4192,0.0648
DDOG,2020-06-18,20,0.1216,0.5244,0.0728
DDOG,2020-06-19,20,0.097,0.5397,0.0806
DDOG,2020-06-20,12,-0.024,0.4427,0.1036
DDOG,2020-06-21,11,-0.0808,0.3272,0.0447
DDOG,2020-06-22,20,0.0909,0.5632,0.0649
DDOG,2020-06-23,20,0.0904,0.5805,0.0822
DDOG,2020-06-24,20,0.0118,0.4701,0.0778
DDOG,2020-06-25,20,0.16,0.4771,0.0663
DDOG,2020-06-26,20,0.0756,0.5163,0.0753
DDOG,2020-06-27,12,0.1239,0.1383,0.0877
DDOG,2020-06-28,6,0.1689,0.3488,0.1468
DDOG,2020-06-29,20,0.1294,0.4351,0.0821
DDOG,2020-06-30,20,0.0968,0.3809,0.0688
DDOG,2020-07-01,18,0.0692,0.3285,0.1064
DDOG,2020-07-02,20,0.0763,0.5511,0.0562
DDOG,2020-07-03,8,0.2583,0.7974,0.0956
DDOG,2020-07-04,6,0.2187,0.3883,0.0935
DDOG,2020-07-05,5,-0.1428,0.0683,0.0042
DDOG,2020-07-06,20,0.1111,0.3388,0.1456
DDOG,2020-07-07,20,0.0312,0.3062,0.1234
DDOG,2020-07-08,20,0.1581,0.3005,0.1081
DDOG,2020-07-09,20,-0.0042,0.5681,0.0247
DDOG,2020-07-10,20,0.0875,0.3161,0.0304
DDOG,2020-07-11,11,0.0116,0.449,0.0601
DDOG,2020-07-12,11,0.1835,0.3026,0.0845
DDOG,2020-07-13,20,-0.0315,0.2692,0.0901
DDOG,2020-07-14,20,-0.0621,0.4288,-0.0132
DDOG,2020-07-15,20,0.0153,0.3209,0.0155
DDOG,2020-07-16,20,-0.0041,0.1464,0.0134
DDOG,2020-07-17,20,0.1577,0.5428,0.064
DDOG,2020-07-18,9,0.1474,0.2862,0.059
DDOG,2020-07-19,14,0.2424,0.5103,0.0931
DDOG,2020-07-20,20,0.0583,0.4071,0.0221
DDOG,2020-07-21,16,0.0586,0.3698,-0.0139
DDOG,2020-07-22,20,0.0838,0.3253,0.0587
DDOG,2020-07-23,20,-0.0031,0.1996,0.0093
DDOG,2020-07-24,20,-0.025,0.1332,0.07
DDOG,2020-07-25,12,0.2089,0.2739,0.1438
DDOG,2020-07-26,11,0.0036,0.1906,0.048
DDOG,2020-07-27,20,0.2216,0.3356,0.0542
DDOG,2020-07-28,10,0.181,0.3174,0.0528
DDOG,2020-07-29,20,0.1057,0.4035,0.1043
DDOG,2020-07-30,20,0.0306,0.473,0.0811
DDOG,2020-07-31,20,0.0008,0.3052,0.0352
DDOG,2020-08-01,20,0.1067,0.2826,0.0857
DDOG,2020-08-02,18,0.0876,0.4565,0.1197
DDOG,2020-08-03,20,0.2537,0.4957,0.0614
DDOG,2020-08-04,20,0.1989,0.2266,0.0407
DDOG,2020-08-05,20,-0.0431,0.0335,0.0942
DDOG,2020-08-06,20,0.0244,0.2975,0.0914
DDOG,2020-08-07,20,0.0217,0.1461,0.0689
DDOG,2020-08-08,20,-0.0397,0.3748,0.0823
DDOG,2020-08-09,20,-0.0921,0.3852,0.0358
DDOG,2020-08-10,20,-0.0451,0.5203,-0.0041
DDOG,2020-08-11,20,0.0159,0.3336,0.0011
DDOG,2020-08-12,20,0.1773,0.4168,0.1062
DDOG,2020-08-13,20,0.0852,0.4536,0.0763
DDOG,2020-08-14,20,-0.0391,0.2201,0.0619
DDOG,2020-08-15,20,0.1114,0.2908,0.0494
DDOG,2020-08-16,19,-0.0067,0.3296,0.0985
DDOG,2020-08-17,20,0.0513,0.468,0.0569
DDOG,2020-08-18,20,0.2451,0.5203,0.096
DDOG,2020-08-19,20,0.1009,0.2826,0.0195
DDOG,2020-08-20,20,0.1586,0.396,0.041
DDOG,2020-08-21,20,0.1376,0.5004,0.0556
DDOG,2020-08-22,16,0.0233,0.1918,0.2101
DDOG,2020-08-23,8,0.2905,0.444,0.081
DDOG,2020-08-24,15,-0.0338,0.2735,0.0087
DDOG,2020-08-25,20,0.1335,0.3861,0.0699
DDOG,2020-08-26,20,0.0075,0.3569,0.0538
DDOG,2020-08-27,20,0.0206,0.3716,0.0932
DDOG,2020-08-28,20,0.0499,0.4414,0.1142
DDOG,2020-08-29,6,0.1596,0.048,0.012
DDOG,2020-08-30,8,-0.2907,-0.0288,0.076
DDOG,2020-08-31,20,-0.0602,0.2311,0.0743
DDOG,2020-09-01,20,0.0984,0.4241,-0.0053
DDOG,2020-09-02,20,-0.1103,0.2603,0.0296
DDOG,2020-09-03,20,-0.1256,0.3043,-0.0371
DDOG,2020-09-04,20,-0.0396,0.3982,0.0491
DDOG,2020-09-05,7,0.1567,0.3817,0.0569
DDOG,2020-09-06,13,0.0526,0.3709,0.0795
DDOG,2020-09-07,9,0.1094,0.6059,0.0352
DDOG,2020-09-08,20,0.1012,0.4075,0.0377
DDOG,2020-09-09,20,0.1444,0.6125,0.0648
DDOG,2020-09-10,20,0.0844,0.6101,0.102
DDOG,2020-09-11,20,-0.0263,0.2984,-0.029
DDOG,2020-09-12,5,0.3093,0.0422,0.0576
DDOG,2020-09-13,5,-0.0651,-0.1405,0.046
DDOG,2020-09-14,20,0.1394,0.2673,0.0814
DDOG,2020-09-15,20,0.2148,0.3706,0.0863
DDOG,2020-09-16,20,0.133,0.4719,0.0734
DDOG,2020-09-17,20,-0.0371,0.1214,0.0316
DDOG,2020-09-18,20,0.0549,0.243,0.0175
DDOG,2020-09-19,7,0.0893,0.4227,-0.0016
DDOG,2020-09-20,4,0.3077,0.3366,0.0632
DDOG,2020-09-21,20,-0.0973,0.4527,0.0374
DDOG,2020-09-22,20,0.1777,0.4456,0.0254
DDOG,2020-09-23,20,0.182,0.3581,0.0816
DDOG,2020-09-24,15,-0.1859,0.3195,-0.0381
DDOG,2020-09-25,18,0.1421,0.2885,0.0958
DDOG,2020-09-26,10,0.1993,0.2731,0.0271
DDOG,2020-09-27,4,-0.1478,0.0388,-0.0487
DDOG,2020-09-28,20,0.1415,0.5953,0.0296
DDOG,2020-09-29,15,0.0501,0.4164,0.086
DDOG,2020-09-30,20,0.0259,0.3842,0.0284
DDOG,2020-10-01,20,0.0152,0.2471,0.06
DDOG,2020-10-02,20,0.0528,0.3954,0.0845
DDOG,2020-10-03,20,0.2869,0.2714,0.0858
DDOG,2020-10-04,11,0.1101,0.311,0.0501
DDOG,2020-10-05,20,-0.0454,0.3868,0.0956
DDOG,2020-10-06,20,0.0666,0.3227,0.0269
DDOG,2020-10-07,20,0.0273,0.3314,0.0286
DDOG,2020-10-08,20,0.0964,0.1632,0.0778
DDOG,2020-10-09,20,0.1286,0.4552,0.1048
DDOG,2020-10-10,20,0.2164,0.4343,0.1108
DDOG,2020-10-11,20,0.0598,0.4557,0.0662
DDOG,2020-10-12,20,-0.0376,0.5085,0.0494
DDOG,2020-10-13,20,0.0335,0.4424,0.03
DDOG,2020-10-14,20,-0.0656,0.2579,0.0606
DDOG,2020-10-15,20,0.0116,0.0054,0.0806
DDOG,2020-10-16,20,0.2138,0.3078,0.0469
DDOG,2020-10-17,11,0.355,0.3815,0.1582
DDOG,2020-10-18,5,0.1989,0.6362,0.0998
DDOG,2020-10-19,20,0.1642,0.6703,0.0774
DDOG,2020-10-20,20,0.1839,0.4059,0.0604
DDOG,2020-10-21,20,0.0712,0.4031,0.069
DDOG,2020-10-22,20,0.0865,0.5019,0.1021
DDOG,2020-10-23,20,0.056,0.2656,0.0501
DDOG,2020-10-24,11,0.2606,0.476,0.1695
DDOG,2020-10-25,3,0.3135,0.6348,0.1463
DDOG,2020-10-26,20,0.1479,0.5663,0.0803
DDOG,2020-10-27,20,0.0869,0.2445,0.0626
DDOG,2020-10-28,20,0.1719,0.3989,0.0903
DDOG,2020-10-29,16,0.2813,0.4938,0.0606
DDOG,2020-10-30,20,0.0056,0.2799,0.0929
DDOG,2020-10-31,1,0.563,0.9188,0.148
DDOG,2020-11-01,2,0.1127,0.7738,0.074
DDOG,2020-11-02,20,-0.0501,0.6019,-0.015
DDOG,2020-11-03,20,0.1387,0.3193,0.0763
DDOG,2020-11-04,20,0.0352,0.19,0.029
DDOG,2020-11-05,20,0.1721,0.3951,0.1303
DDOG,2020-11-06,20,0.0088,0.2274,0.1002
DDOG,2020-11-07,9,-0.0097,0.4218,0.0989
DDOG,2020-11-08,13,0.0677,0.4557,0.0018
DDOG,2020-11-09,20,0.0524,0.3004,0.068
DDOG,2020-11-10,20,0.0194,0.2587,0.0508
DDOG,2020-11-11,20,0.1259,0.4626,0.1188
DDOG,2020-11-12,20,0.0696,0.2899,-0.0012
DDOG,2020-11-13,20,-0.0536,0.3047,0.0376
DDOG,2020-11-14,10,0.2268,0.5178,0.0887
DDOG,2020-11-15,8,0.3445,0.5175,0.1468
DDOG,2020-11-16,20,0.2264,0.4591,0.0261
DDOG,2020-11-17,20,0.0518,0.3365,-0.0034
DDOG,2020-11-18,20,0.0542,0.1488,0.0402
DDOG,2020-11-19,20,0.2433,0.4515,0.1365
DDOG,2020-11-20,20,-0.0166,0.4823,0.0835
DDOG,2020-11-21,14,0.3035,0.4058,0.1111
DDOG,2020-11-22,10,0.3461,0.5161,0.1538
DDOG,2020-11-23,20,0.0827,0.3546,0.0283
DDOG,2020-11-24,20,0.0537,0.5133,0.0616
DDOG,2020-11-25,20,0.1384,0.3284,0.1504
DDOG,2020-11-26,8,0.1862,0.7068,0.0867
DDOG,2020-11-27,20,0.0577,0.5,0.144
DDOG,2020-11-28,10,0.3038,0.7403,0.0781
DDOG,2020-11-29,10,0.1217,0.4228,0.0227
DDOG,2020-11-30,20,0.0773,0.5977,0.0376
DDOG,2020-12-01,20,0.0353,0.5939,0.0727
DDOG,2020-12-02,20,0.0853,0.2015,0.0525
DDOG,2020-12-03,20,0.1032,0.3272,0.0758
DDOG,2020-12-04,20,0.0731,0.3343,0.0836
DDOG,2020-12-05,9,0.0195,0.3728,0.1224
DDOG,2020-12-06,8,0.1705,0.3259,0.0849
DDOG,2020-12-07,19,0.1193,0.2961,0.0143
DDOG,2020-12-08,20,-0.0306,0.3821,0.034
DDOG,2020-12-09,20,0.1179,0.3755,0.0141
DDOG,2020-12-10,20,0.1334,0.4551,0.0562
DDOG,2020-12-11,20,0.0401,0.3186,0.0803
DDOG,2020-12-12,4,-0.1034,0.2821,0.1222
DDOG,2020-12-13,5,-0.0882,0.5572,0.0576
DDOG,2020-12-14,20,0.0974,0.3542,0.0135
DDOG,2020-12-15,20,0.1905,0.5037,0.0586
DDOG,2020-12-16,20,0.0299,0.0802,0.0482
DDOG,2020-12-17,20,0.2054,0.4042,0.0562
DDOG,2020-12-18,20,0.0879,0.2821,0.0347
DDOG,2020-12-19,4,0.3593,0.2957,0.1023
DDOG,2020-12-20,6,0.1579,0.2447,0.0633
DDOG,2020-12-21,20,0.1524,0.2297,0.0843
DDOG,2020-12-22,20,0.1467,0.3327,0.0412
DDOG,2020-12-23,20,0.0999,0.2613,0.0443
DDOG,2020-12-24,13,0.0748,0.4087,0.0555
DDOG,2020-12-25,4,-0.0053,0.3003,0.056
DDOG,2020-12-26,1,-0.0075,-0.7607,-0.167
DDOG,2020-12-27,2,0.3562,0.1226,0.1325
DDOG,2020-12-28,20,0.1177,0.401,0.0342
DDOG,2020-12-29,20,0.0973,0.4093,0.0573
DDOG,2020-12-30,20,0.1176,0.4022,0.1171
DDOG,2020-12-31,20,-0.0067,0.3189,-0.0152
DDOG,2021-01-01,9,-0.0533,0.1541,0.0619
DDOG,2021-01-02,5,0.0486,0.1951,0.0204
DDOG,2021-01-03,2,0.4581,-0.3306,-0.025
DDOG,2021-01-04,20,-0.0913,0.2557,0.0019
DDOG,2021-01-05,20,-0.0826,0.3114,0.0195
DDOG,2021-01-06,20,0.1108,0.2643,0.074
DDOG,2021-01-07,20,0.0161,0.1158,0.0231
DDOG,2021-01-08,20,0.1502,0.4189,0.0641
DDOG,2021-01-09,7,0.3447,0.5895,0.166
DDOG,2021-01-10,6,0.1842,0.2414,0.0648
DDOG,2021-01-11,20,0.0038,0.4786,0.1015
DDOG,2021-01-12,20,0.1432,0.4089,0.0415
DDOG,2021-01-13,9,0.1535,0.7119,0.0962
DDOG,2021-01-14,20,0.035,0.4874,0.0376
DDOG,2021-01-15,20,0.092,0.2005,0.1026
DDOG,2021-01-16,11,0.223,0.4838,0.0759
DDOG,2021-01-17,7,0.1458,0.4826,0.053
DDOG,2021-01-18,10,-0.0863,0.4269,0.0494
DDOG,2021-01-19,19,-0.0414,0.3038,-0.0137
DDOG,2021-01-20,20,0.1119,0.3963,0.0346
DDOG,2021-01-21,20,0.0717,0.3184,0.0334
DDOG,2021-01-22,20,0.0148,0.2681,0.1068
DDOG,2021-01-23,12,0.0436,0.3607,0.1456
DDOG,2021-01-24,7,0.0808,0.6157,-0.0344
DDOG,2021-01-25,20,0.1285,0.4751,0.125
DDOG,2021-01-26,20,-0.0581,0.1698,0.0472
DDOG,2021-01-27,13,-0.1121,0.1828,0.0438
DDOG,2021-01-28,20,0.1519,0.3603,0.0845
DDOG,2021-01-29,20,0.103,0.2068,0.1182
DDOG,2021-01-30,12,0.1366,0.579,0.0772
DDOG,2021-01-31,10,0.2255,0.4967,0.0809
DDOG,2021-02-01,20,-0.0873,0.4282,0.0517
DDOG,2021-02-02,17,0.1327,0.6849,0.0912
DDOG,2021-02-03,20,-0.0387,0.26,0.0342
DDOG,2021-02-04,20,-0.076,0.1998,0.0863
DDOG,2021-02-05,20,0.0828,0.3531,0.0748
DDOG,2021-02-06,15,0.1229,0.6648,0.0406
DDOG,2021-02-07,19,0.2325,0.2792,0.1017
DDOG,2021-02-08,20,0.1559,0.2282,0.0329
DDOG,2021-02-09,20,0.0886,0.6744,0.0636
DDOG,2021-02-10,20,-0.0409,0.4285,0.0065
DDOG,2021-02-11,20,-0.0475,0.2054,0.0796
DDOG,2021-02-12,20,-0.0642,0.1972,0.0763
DDOG,2021-02-13,8,-0.022,0.3569,0.1385
DDOG,2021-02-14,4,0.3516,0.0629,0.2165
DDOG,2021-02-15,8,0.069,0.256,0.093
DDOG,2021-02-16,20,-0.0439,0.3242,0.0589
DDOG,2021-02-17,20,0.0638,0.3646,0.0964
DDOG,2021-02-18,20,0.0293,0.4501,0.0285
DDOG,2021-02-19,20,0.0123,0.1762,0.0226
DDOG,2021-02-20,5,0.2621,0.3377,0.0946
DDOG,2021-02-21,5,0.0971,0.1394,-0.0198
DDOG,2021-02-22,20,0.0142,0.3629,0.1092
DDOG,2021-02-23,20,-0.0289,0.3674,0.1286
DDOG,2021-02-24,20,0.1216,0.2224,0.0897
DDOG,2021-02-25,14,-0.1334,0.2844,0.01
DDOG,2021-02-26,20,0.0141,0.4324,0.04
DDOG,2021-02-27,7,-0.1618,0.4873,0.0636
DDOG,2021-02-28,5,-0.2141,0.02,0.0514
DDOG,2021-03-01,20,0.037,0.3145,0.0879
DDOG,2021-03-02,20,-0.1616,0.1716,0.0466
DDOG,2021-03-03,20,0.0318,0.3642,0.0158
DDOG,2021-03-04,20,-0.1095,0.3161,0.0478
DDOG,2021-03-05,20,0.0015,0.2479,0.0804
DDOG,2021-03-06,8,-0.0266,0.4901,0.0755
DDOG,2021-03-07,6,-0.3074,0.1115,-0.1065
DDOG,2021-03-08,20,-0.1686,0.4427,0.0843
DDOG,2021-03-09,20,-0.0749,0.3415,0.1036
DDOG,2021-03-10,20,0.0211,0.2148,0.0962
DDOG,2021-03-11,20,-0.0842,0.3412,0.0403
DDOG,2021-03-12,20,0.0112,0.2876,0.0935
DDOG,2021-03-13,9,-0.2656,0.0844,-0.0254
DDOG,2021-03-14,4,0.1598,0.1305,0.2335
DDOG,2021-03-15,20,0.1377,0.3621,0.0063
DDOG,2021-03-16,18,0.1583,0.4164,0.0507
DDOG,2021-03-17,20,-0.0309,0.3434,0.0806
DDOG,2021-03-18,20,0.0083,0.3363,0.0314
DDOG,2021-03-19,20,0.0317,0.2307,0.1134
DDOG,2021-03-20,9,0.1069,0.3923,0.0978
DDOG,2021-03-21,5,0.1541,0.2625,0.123
DDOG,2021-03-22,16,-0.0395,0.3015,0.0498
DDOG,2021-03-23,11,-0.0215,0.5292,-0.0381
DDOG,2021-03-24,15,-0.1054,0.2093,0.0431
DDOG,2021-03-25,17,-0.0229,0.2766,0.0566
DDOG,2021-03-26,20,-0.0125,0.1686,0.026
DDOG,2021-03-27,8,-0.2514,0.0867,0.0161
DDOG,2021-03-28,5,0.0744,0.3842,-0.0142
DDOG,2021-03-29,20,-0.1291,0.301,-0.013
DDOG,2021-03-30,20,-0.1306,0.1992,-0.0022
DDOG,2021-03-31,20,0.0206,0.1471,-0.0038
DDOG,2021-04-01,20,0.1036,0.2908,0.0147
DDOG,2021-04-02,14,0.121,0.23,0.0719
DDOG,2021-04-03,6,-0.1306,0.4126,0.0003
DDOG,2021-04-04,1,-0.0465,-0.7164,0.237
DDOG,2021-04-05,15,0.0295,0.4874,0.0591
DDOG,2021-04-06,20,0.1016,0.4817,0.0866
DDOG,2021-04-07,20,0.1046,0.1316,0.1168
DDOG,2021-04-08,12,0.0804,0.3359,0.0485
DDOG,2021-04-09,20,0.0532,0.2375,0.0294
DDOG,2021-04-10,10,0.0966,0.1704,0.0776
DDOG,2021-04-11,10,0.0136,0.0668,0.0551
DDOG,2021-04-12,20,0.0662,0.191,0.0402
DDOG,2021-04-13,20,0.0564,0.2214,0.1133
DDOG,2021-04-14,20,0.1604,0.4169,0.0253
DDOG,2021-04-15,20,0.0226,0.3072,-0.0072
DDOG,2021-04-16,20,0.1043,0.3486,0.034
DDOG,2021-04-17,6,-0.2291,0.1547,0.0148
DDOG,2021-04-18,8,0.4174,0.5075,0.1172
DDOG,2021-04-19,16,0.1434,0.0617,0.0598
DDOG,2021-04-20,19,-0.1052,0.147,-0.0075
DDOG,2021-04-21,14,-0.0517,0.2703,-0.0036
DDOG,2021-04-22,16,-0.1629,0.1455,0.0127
DDOG,2021-04-23,20,0.0449,0.2095,0.022
DDOG,2021-04-24,7,0.0692,0.2993,0.0303
DDOG,2021-04-25,7,-0.0226,-0.0693,0.058
DDOG,2021-04-26,16,0.2218,0.3064,0.1166
DDOG,2021-04-27,11,0.0174,-0.0786,0.0643
DDOG,2021-04-28,18,-0.1767,0.0967,0.0836
DDOG,2021-04-29,10,0.0278,0.1271,0.1002
DDOG,2021-04-30,11,0.0165,0.0561,0.0342
DDOG,2021-05-01,6,-0.2107,0.1554,0.0398
DDOG,2021-05-02,9,-0.0771,-0.0887,0.0873
DDOG,2021-05-03,20,-0.1532,0.1866,0.0196
DDOG,2021-05-04,20,0.0513,0.3017,0.0682
DDOG,2021-05-05,20,0.0208,0.1052,0.0757
DDOG,2021-05-06,20,-0.0549,0.0685,0.0863
DDOG,2021-05-07,20,0.0983,0.1751,0.087
DDOG,2021-05-08,13,-0.0086,0.3734,-0.0026
DDOG,2021-05-09,15,0.0606,0.1523,0.1242
DDOG,2021-05-10,20,0.1174,0.3651,0.0782
DDOG,2021-05-11,20,-0.1417,0.1414,0.0222
DDOG,2021-05-12,10,-0.1235,0.4027,0.1046
DDOG,2021-05-13,20,0.0742,0.227,0.0763
DDOG,2021-05-14,18,-0.0021,0.2515,0.0882
DDOG,2021-05-15,9,-0.023,0.2233,0.0482
DDOG,2021-05-16,8,-0.076,0.0897,0.0671
DDOG,2021-05-17,20,0.0607,0.2508,0.074
DDOG,2021-05-18,20,-0.013,0.1483,0.024
DDOG,2021-05-19,20,0.0554,0.1482,0.103
DDOG,2021-05-20,20,0.0725,0.4491,0.0149
DDOG,2021-05-21,20,0.2735,0.3971,0.0481
DDOG,2021-05-22,8,0.0478,0.0733,0.0462
DDOG,2021-05-23,4,0.2256,0.1326,0.0955
DDOG,2021-05-24,20,0.1611,0.2768,0.044
DDOG,2021-05-25,20,-0.0661,0.1242,0.0088
DDOG,2021-05-26,20,-0.0736,0.1572,-0.0087
DDOG,2021-05-27,18,0.1476,0.2309,0.0023
DDOG,2021-05-28,8,0.0418,-0.0226,0.0384
DDOG,2021-05-29,7,-0.0369,0.1593,0.0297
DDOG,2021-05-30,8,-0.0528,0.0919,0.0253
DDOG,2021-05-31,6,0.1217,0.2274,0.0262
DDOG,2021-06-01,12,0.1432,0.1848,0.0053
DDOG,2021-06-02,8,-0.026,0.1447,0.016
DDOG,2021-06-03,20,0.0263,-0.0241,0.0929
DDOG,2021-06-04,20,-0.0063,0.3993,0.0387
DDOG,2021-06-05,13,0.0194,0.0537,0.0342
DDOG,2021-06-06,10,-0.091,0.1124,0.005
DDOG,2021-06-07,16,-0.0078,0.1548,0.0333
DDOG,2021-06-08,15,0.0927,0.4939,0.0495
DDOG,2021-06-09,6,-0.172,0.5865,0.0648
DDOG,2021-06-10,20,-0.0619,0.3616,0.0552
DDOG,2021-06-11,20,0.0405,0.3224,0.0587
DDOG,2021-06-12,11,0.0324,0.1742,0.0356
DDOG,2021-06-13,9,0.1703,0.2411,0.0448
DDOG,2021-06-14,20,0.2059,0.3026,0.1524
DDOG,2021-06-15,14,-0.0111,0.1919,0.0215
DDOG,2021-06-16,20,0.0805,0.3004,0.0622
DDOG,2021-06-17,20,0.102,0.2601,0.0463
DDOG,2021-06-18,20,0.1441,0.3355,0.0894
DDOG,2021-06-19,9,0.0432,0.3116,0.0189
DDOG,2021-06-20,11,0.1438,0.5878,0.0902
DDOG,2021-06-21,20,0.0656,0.2927,0.057
DDOG,2021-06-22,20,0.171,0.3683,0.0433
DDOG,2021-06-23,20,0.0228,0.3478,0.0126
DDOG,2021-06-24,20,-0.0015,0.2073,0.014
DDOG,2021-06-25,20,-0.1083,0.107,0.0455
DDOG,2021-06-26,16,0.0469,0.205,0.0517
DDOG,2021-06-27,10,-0.089,0.3564,0.0178
DDOG,2021-06-28,15,0.0612,0.2631,0.0295
DDOG,2021-06-29,20,0.0294,0.2859,0.0643
DDOG,2021-06-30,11,-0.0175,0.3892,0.0324
DDOG,2021-07-01,20,0.043,0.1908,-0.0304
DDOG,2021-07-02,15,0.0152,0.0723,-0.0118
DDOG,2021-07-03,9,-0.0001,0.3035,0.1244
DDOG,2021-07-04,6,0.0067,0.663,0.025
DDOG,2021-07-05,7,-0.0492,0.0198,0.0433
DDOG,2021-07-06,20,-0.0123,0.2725,0.0768
DDOG,2021-07-07,18,0.0617,0.246,0.0511
DDOG,2021-07-08,20,0.1094,0.2863,0.0132
DDOG,2021-07-09,20,0.1247,0.288,0.0276
DDOG,2021-07-10,14,0.0398,0.3788,0.045
DDOG,2021-07-11,14,0.1892,0.3726,0.0199
DDOG,2021-07-12,19,0.0617,0.3822,0.0497
DDOG,2021-07-13,13,0.0518,0.3031,0.045
DDOG,2021-07-14,14,-0.007,0.3867,0.0559
DDOG,2021-07-15,20,-0.0545,0.1288,0.0363
DDOG,2021-07-16,20,0.1134,0.191,0.0092
DDOG,2021-07-17,10,0.0344,0.427,0.0486
DDOG,2021-07-18,6,0.0034,0.0691,0.0
DDOG,2021-07-19,16,0.0076,0.2802,0.0401
DDOG,2021-07-20,20,0.0571,0.427,0.0208
DDOG,2021-07-21,20,0.038,0.3832,0.0727
DDOG,2021-07-22,20,0.1368,0.2147,0.0748
DDOG,2021-07-23,20,0.3064,0.5281,0.1664
DDOG,2021-07-24,7,0.0021,0.3264,0.0341
DDOG,2021-07-25,15,0.0844,0.4492,0.0487
DDOG,2021-07-26,19,-0.0206,0.2728,0.0848
DDOG,2021-07-27,20,0.2045,0.4641,0.0369
DDOG,2021-07-28,20,0.0247,0.1706,0.0467
DDOG,2021-07-29,20,0.1579,0.2817,0.0924
DDOG,2021-07-30,20,0.1301,0.3201,0.0276
DDOG,2021-07-31,16,-0.0191,0.0805,0.0352
DDOG,2021-08-01,13,0.0633,0.313,0.047
DDOG,2021-08-02,20,0.0537,0.3045,0.043
DDOG,2021-08-03,20,0.0634,0.1958,0.0764
DDOG,2021-08-04,20,0.288,0.5155,0.0845
DDOG,2021-08-05,20,0.1673,0.4935,0.1608
DDOG,2021-08-06,20,0.2595,0.3497,0.048
DDOG,2021-08-07,14,-0.0028,0.0808,0.0186
DDOG,2021-08-08,20,0.0188,0.35,0.0132
DDOG,2021-08-09,20,0.0708,0.326,0.053
DDOG,2021-08-10,20,0.1276,0.5924,0.031
DDOG,2021-08-11,20,0.0438,0.3305,0.0299
DDOG,2021-08-12,20,0.0718,0.314,0.0685
DDOG,2021-08-13,20,0.0298,0.2174,0.0748
DDOG,2021-08-14,20,-0.0219,0.3081,0.0926
DDOG,2021-08-15,16,0.0564,0.2715,0.049
DDOG,2021-08-16,20,0.0898,0.4722,0.0337
DDOG,2021-08-17,20,0.0865,0.379,0.0424
DDOG,2021-08-18,20,0.1705,0.0476,0.047
DDOG,2021-08-19,20,0.1341,0.1489,0.0955
DDOG,2021-08-20,20,-0.0698,0.206,0.0512
DDOG,2021-08-21,14,-0.0765,0.2106,0.003
DDOG,2021-08-22,8,-0.0575,0.126,-0.0258
DDOG,2021-08-23,20,0.0964,0.3786,0.0385
DDOG,2021-08-24,20,0.1332,0.1813,0.0874
DDOG,2021-08-25,20,0.008,0.3335,0.0692
DDOG,2021-08-26,20,-0.0797,0.1286,0.06
DDOG,2021-08-27,20,-0.0572,0.1869,0.0995
DDOG,2021-08-28,13,0.01,0.2631,0.1125
DDOG,2021-08-29,11,0.1568,0.1465,0.087
DDOG,2021-08-30,20,0.0452,0.1965,0.0946
DDOG,2021-08-31,20,0.2761,0.2912,0.1262
DDOG,2021-09-01,20,0.0742,0.2575,0.1274
DDOG,2021-09-02,20,0.1165,0.0532,0.0859
DDOG,2021-09-03,20,0.0867,0.1254,0.0562
DDOG,2021-09-04,13,0.1142,0.3485,0.0932
DDOG,2021-09-05,19,0.1161,0.1622,0.1239
DDOG,2021-09-06,20,0.0866,0.2404,0.0826
DDOG,2021-09-07,20,0.1007,0.3575,0.0606
DDOG,2021-09-08,20,0.1187,0.5493,0.1453
DDOG,2021-09-09,20,0.0344,0.1566,0.0409
DDOG,2021-09-10,20,0.0231,0.3522,0.1464
DDOG,2021-09-11,13,0.1071,0.0501,0.1378
DDOG,2021-09-12,8,0.1912,0.1022,0.128
DDOG,2021-09-13,20,-0.0033,0.3641,0.0838
DDOG,2021-09-14,20,0.0532,0.1752,0.0865
DDOG,2021-09-15,20,0.1083,0.3262,0.0854
DDOG,2021-09-16,20,0.2058,0.2688,0.1535
DDOG,2021-09-17,20,0.1216,0.4372,0.0765
DDOG,2021-09-18,17,0.146,0.3082,0.1184
DDOG,2021-09-19,9,0.2009,0.1515,0.1069
DDOG,2021-09-20,20,0.1384,0.219,0.0621
DDOG,2021-09-21,20,0.0993,0.3295,0.1305
DDOG,2021-09-22,20,-0.0134,0.4616,0.0196
DDOG,2021-09-23,20,0.0485,0.3926,0.0896
DDOG,2021-09-24,20,0.1574,0.382,0.0266
DDOG,2021-09-25,17,0.0388,0.2729,0.0707
DDOG,2021-09-26,20,0.0532,0.2837,0.1326
DDOG,2021-09-27,20,-0.1026,0.2657,0.0136
DDOG,2021-09-28,20,-0.0042,0.4223,0.0832
DDOG,2021-09-29,20,0.1472,0.3274,0.056
DDOG,2021-09-30,20,-0.0726,0.1606,0.0617
DDOG,2021-10-01,20,0.0858,0.3108,0.1164
DDOG,2021-10-02,20,0.0759,0.326,0.0745
DDOG,2021-10-03,8,-0.0333,0.2945,0.1064
DDOG,2021-10-04,20,0.1041,0.5345,0.032
DDOG,2021-10-05,20,0.1136,0.3577,0.0529
DDOG,2021-10-06,20,-0.0201,0.5221,0.1815
DDOG,2021-10-07,20,0.0058,0.3485,0.0089
DDOG,2021-10-08,20,0.0315,0.177,0.0649
DDOG,2021-10-09,16,-0.1327,0.2842,0.0104
DDOG,2021-10-10,17,-0.0156,0.2025,0.0286
DDOG,2021-10-11,20,-0.0847,0.3008,0.0688
DDOG,2021-10-12,20,-0.0317,0.2597,0.0726
DDOG,2021-10-13,20,0.0561,0.2241,0.0316
DDOG,2021-10-14,20,-0.0558,0.1401,0.0051
DDOG,2021-10-15,20,0.0693,0.1699,0.0598
DDOG,2021-10-16,20,0.0455,0.219,0.056
DDOG,2021-10-17,20,0.0531,0.3173,0.0394
DDOG,2021-10-18,20,0.1898,0.4385,0.0702
DDOG,2021-10-19,20,0.1807,0.3471,0.0778
DDOG,2021-10-20,20,-0.1352,0.116,0.0821
DDOG,2021-10-21,20,0.0352,0.1305,0.043
DDOG,2021-10-22,20,0.1257,0.3265,0.067
DDOG,2021-10-23,20,0.0145,0.2805,0.1238
DDOG,2021-10-24,10,-0.233,0.3283,0.0713
DDOG,2021-10-25,20,-0.0053,0.4013,0.0492
DDOG,2021-10-26,20,0.1993,0.1533,0.0647
DDOG,2021-10-27,20,-0.0636,0.0487,0.0096
DDOG,2021-10-28,20,0.0095,0.3808,0.111
DDOG,2021-10-29,20,0.0698,0.2106,0.121
DDOG,2021-10-30,18,0.057,0.1468,0.0852
DDOG,2021-10-31,7,0.1846,0.2353,0.1674
DDOG,2021-11-01,20,0.072,0.2985,0.1134
DDOG,2021-11-02,19,0.0324,0.2814,0.0635
DDOG,2021-11-03,20,0.1425,0.3434,0.1098
DDOG,2021-11-04,20,0.1503,0.5477,0.0405
DDOG,2021-11-05,20,0.018,0.378,0.0912
DDOG,2021-11-06,20,0.0077,0.2227,0.0509
DDOG,2021-11-07,20,0.12,0.3201,0.0982
DDOG,2021-11-08,20,0.2042,0.3372,0.033
DDOG,2021-11-09,20,0.0078,0.2992,0.0568
DDOG,2021-11-10,20,0.0946,0.3511,0.0484
DDOG,2021-11-11,20,0.0923,0.4852,0.0032
DDOG,2021-11-12,20,0.005,0.1433,0.0491
DDOG,2021-11-13,20,0.003,0.231,0.0799
DDOG,2021-11-14,20,0.0978,0.2245,0.0718
DDOG,2021-11-15,20,-0.0357,0.2085,0.0132
DDOG,2021-11-16,20,0.064,0.2118,0.0225
DDOG,2021-11-17,20,-0.0727,0.3371,0.0203
DDOG,2021-11-18,20,0.032,0.2868,0.0501
DDOG,2021-11-19,20,0.1183,0.4253,0.0915
DDOG,2021-11-20,18,-0.0207,0.326,0.0554
DDOG,2021-11-21,11,0.1662,0.5265,0.012
DDOG,2021-11-22,20,-0.0383,0.4232,0.0164
DDOG,2021-11-23,20,-0.0406,0.3483,-0.0077
DDOG,2021-11-24,20,-0.086,0.1373,-0.0382
DDOG,2021-11-25,16,0.0394,0.2797,0.0594
DDOG,2021-11-26,19,-0.0202,0.1408,0.035
DDOG,2021-11-27,12,-0.0035,0.2245,0.0206
DDOG,2021-11-28,12,-0.0838,0.1453,0.0603
DDOG,2021-11-29,20,0.0801,0.3128,0.0331
DDOG,2021-11-30,20,-0.0292,0.2888,0.0776
DDOG,2021-12-01,20,-0.2325,0.2219,0.001
DDOG,2021-12-02,20,0.1332,0.4894,0.1102
DDOG,2021-12-03,20,-0.0654,0.0606,0.0999
DDOG,2021-12-04,16,0.0114,0.1889,0.0489
DDOG,2021-12-05,11,-0.0425,0.1021,0.0425
DDOG,2021-12-06,20,-0.113,0.0518,0.0625
DDOG,2021-12-07,20,0.1164,0.366,0.0456
DDOG,2021-12-08,20,-0.0608,0.3928,0.0674
DDOG,2021-12-09,20,-0.0033,0.2919,0.0421
DDOG,2021-12-10,20,-0.017,0.2593,0.112
DDOG,2021-12-11,20,-0.0019,0.2035,0.0596
DDOG,2021-12-12,20,0.0147,0.3777,0.0827
DDOG,2021-12-13,20,0.0132,0.5,-0.0025
DDOG,2021-12-14,20,-0.3447,0.0807,0.0177
DDOG,2021-12-15,20,0.014,0.3854,0.0443
DDOG,2021-12-16,20,-0.1155,0.2875,0.045
DDOG,2021-12-17,20,-0.0065,0.382,0.0429
DDOG,2021-12-18,20,0.0422,0.1991,0.031
DDOG,2021-12-19,17,-0.0281,0.2478,0.0272
DDOG,2021-12-20,20,0.0362,0.2509,0.0071
DDOG,2021-12-21,20,-0.0382,0.2055,0.0773
DDOG,2021-12-22,20,-0.0964,0.1063,0.0081
DDOG,2021-12-23,20,0.0362,0.193,0.0236
DDOG,2021-12-24,20,-0.081,0.1356,0.0618
DDOG,2021-12-25,14,-0.0327,0.0707,0.0156
DDOG,2021-12-26,18,0.027,0.1198,0.0245
DDOG,2021-12-27,20,0.049,0.3992,0.0444
DDOG,2021-12-28,20,0.0032,0.4061,0.1032
DDOG,2021-12-29,20,0.0253,0.1619,0.0952
DDOG,2021-12-30,19,0.015,0.4002,0.1306
DDOG,2021-12-31,15,-0.0448,0.2994,0.0781
DDOG,2022-01-01,15,-0.1109,0.173,-0.0115
DDOG,2022-01-02,13,-0.0642,0.2816,0.0137
DDOG,2022-01-03,20,-0.1589,0.4755,0.0516
DDOG,2022-01-04,20,-0.108,0.0496,-0.0178
DDOG,2022-01-05,20,0.1079,0.3863,0.1041
DDOG,2022-01-06,20,0.0184,0.1677,0.1028
DDOG,2022-01-07,20,-0.0802,0.2562,-0.0235
DDOG,2022-01-08,15,-0.1557,0.1852,0.0635
DDOG,2022-01-09,7,-0.1226,0.4096,-0.0627
DDOG,2022-01-10,20,-0.0058,0.4704,0.0315
DDOG,2022-01-11,20,0.045,0.4821,0.094
DDOG,2022-01-12,20,-0.099,0.39,0.0028
DDOG,2022-01-13,20,-0.1762,0.2578,0.0434
DDOG,2022-01-14,20,-0.041,0.1114,0.0778
DDOG,2022-01-15,14,-0.0217,0.2363,0.0092
DDOG,2022-01-16,12,-0.1582,0.1992,0.0168
DDOG,2022-01-17,14,-0.0346,0.1937,0.041
DDOG,2022-01-18,20,-0.0788,0.2631,0.0418
DDOG,2022-01-19,20,0.0322,0.1791,0.0466
DDOG,2022-01-20,20,-0.0305,0.3674,0.0094
DDOG,2022-01-21,20,0.0204,0.1554,0.0657
DDOG,2022-01-22,20,-0.0693,0.2836,0.087
DDOG,2022-01-23,14,-0.0951,0.1956,-0.0116
DDOG,2022-01-24,20,-0.0073,0.2595,0.1329
DDOG,2022-01-25,20,-0.0398,0.304,0.0275
DDOG,2022-01-26,20,0.0195,0.2396,0.0804
DDOG,2022-01-27,20,-0.0059,0.3534,0.0329
DDOG,2022-01-28,20,0.0833,0.2049,0.0679
DDOG,2022-01-29,12,0.0325,0.3794,0.1208
DDOG,2022-01-30,6,0.1073,0.5676,0.0185
DDOG,2022-01-31,20,0.0307,0.3468,0.0512
DDOG,2022-02-01,18,0.0692,0.2461,0.0402
DDOG,2022-02-02,20,-0.0666,0.2458,0.0314
DDOG,2022-02-03,14,-0.0987,0.1167,-0.0224
DDOG,2022-02-04,20,-0.0907,0.218,0.085
DDOG,2022-02-05,17,-0.0205,0.5117,0.017
DDOG,2022-02-06,18,0.0665,0.269,0.0287
DDOG,2022-02-07,20,0.0139,0.2831,0.0406
DDOG,2022-02-08,20,-0.0678,0.3,0.0041
DDOG,2022-02-09,20,-0.031,0.3081,0.0634
DDOG,2022-02-10,20,0.0274,0.4589,0.1022
DDOG,2022-02-11,20,0.1578,0.2379,0.0256
DDOG,2022-02-12,12,0.296,0.3461,0.0894
DDOG,2022-02-13,15,-0.1131,0.3023,0.0984
DDOG,2022-02-14,20,-0.0195,0.2522,0.0712
DDOG,2022-02-15,20,0.0306,0.4368,0.059
DDOG,2022-02-16,20,0.2081,0.45,0.116
DDOG,2022-02-17,20,-0.0044,0.1768,0.0554
DDOG,2022-02-18,20,0.0109,0.4102,0.0582
DDOG,2022-02-19,14,0.0234,0.2466,0.0199
DDOG,2022-02-20,10,-0.164,0.226,0.0463
DDOG,2022-02-21,15,-0.1608,0.1646,0.0351
DDOG,2022-02-22,20,0.0783,0.4263,-0.016
DDOG,2022-02-23,20,-0.1044,0.1044,0.0364
DDOG,2022-02-24,20,-0.1017,0.2004,0.0618
DDOG,2022-02-25,20,-0.025,0.1703,0.04
DDOG,2022-02-26,12,0.2361,0.4303,0.0928
DDOG,2022-02-27,6,0.0153,0.3123,0.1158
DDOG,2022-02-28,20,0.0597,0.2798,0.0745
DDOG,2022-03-01,20,0.0863,0.1635,0.0647
DDOG,2022-03-02,19,-0.0481,0.3055,0.072
DDOG,2022-03-03,20,-0.1337,0.1241,-0.0215
DDOG,2022-03-04,20,-0.0751,0.0536,0.0357
DDOG,2022-03-05,14,-0.1879,0.0006,-0.0011
DDOG,2022-03-06,10,-0.2026,0.0812,0.0415
DDOG,2022-03-07,20,-0.1457,0.231,0.0844
DDOG,2022-03-08,20,-0.1122,0.139,0.0248
DDOG,2022-03-09,20,-0.1157,0.2715,0.0826
DDOG,2022-03-10,17,-0.0822,0.2783,0.1517
DDOG,2022-03-11,20,-0.025,0.1283,0.0117
DDOG,2022-03-12,9,0.2211,0.3708,0.0673
DDOG,2022-03-13,4,0.038,0.2816,0.158
DDOG,2022-03-14,20,-0.0939,0.3865,-0.0056
DDOG,2022-03-15,20,0.0791,0.293,0.079
DDOG,2022-03-16,20,0.0845,0.1489,0.1012
DDOG,2022-03-17,20,-0.0066,0.2036,0.0222
DDOG,2022-03-18,20,0.0075,0.2891,0.0846
DDOG,2022-03-19,15,-0.0353,0.154,0.0522
DDOG,2022-03-20,5,0.0448,0.4334,0.063
DDOG,2022-03-21,13,-0.2032,0.1215,0.0225
DDOG,2022-03-22,20,0.3075,0.3393,0.0547
DDOG,2022-03-23,14,-0.0522,0.5602,0.051
DDOG,2022-03-24,16,-0.0461,0.0583,-0.0241
DDOG,2022-03-25,12,-0.0067,0.2407,0.0349
DDOG,2022-03-26,5,0.0156,0.4342,0.0186
DDOG,2022-03-27,4,0.037,-0.1696,0.056
DDOG,2022-03-28,10,-0.1049,0.3151,0.0234
DDOG,2022-03-29,13,0.0874,0.3489,0.0793
DDOG,2022-03-30,20,0.0508,0.4732,0.0624
DDOG,2022-03-31,20,0.1252,0.1931,0.0087
DDOG,2022-04-01,17,0.234,0.4822,0.0831
DDOG,2022-04-02,3,0.057,0.4698,0.1093
DDOG,2022-04-03,4,0.1019,0.1638,0.0565
DDOG,2022-04-04,11,0.1438,0.0481,0.1024
DDOG,2022-04-05,15,-0.0581,0.2743,0.0949
DDOG,2022-04-06,16,-0.0695,0.146,0.0737
DDOG,2022-04-07,10,-0.0293,0.1294,0.0024
DDOG,2022-04-08,13,-0.0775,0.1655,0.0603
DDOG,2022-04-09,4,-0.2021,0.5009,0.1258
DDOG,2022-04-10,5,-0.0757,0.2046,0.0354
DDOG,2022-04-11,9,-0.0823,0.2464,0.0254
DDOG,2022-04-12,17,0.1512,0.3068,0.1056
DDOG,2022-04-13,17,0.1584,0.2191,0.0257
DDOG,2022-04-14,20,-0.1256,0.177,0.0192
DDOG,2022-04-15,10,0.018,0.0932,0.0626
DDOG,2022-04-16,5,-0.0583,0.1253,0.0126
DDOG,2022-04-17,5,-0.1717,-0.3422,0.0174
DDOG,2022-04-18,7,-0.1349,-0.0841,-0.0584
DDOG,2022-04-19,15,-0.122,0.2104,-0.0265
DDOG,2022-04-20,20,-0.1339,0.2105,-0.0009
DDOG,2022-04-21,12,-0.0322,0.2979,0.0376
DDOG,2022-04-22,16,-0.0288,0.1502,0.0609
DDOG,2022-04-23,8,-0.1408,0.078,0.1009
DDOG,2022-04-24,4,0.0686,0.4205,0.2435
DDOG,2022-04-25,14,0.0033,0.1851,0.0284
DDOG,2022-04-26,20,0.0113,0.3329,0.075
DDOG,2022-04-27,20,0.0426,0.1227,0.1446
DDOG,2022-04-28,20,0.0682,0.234,0.0836
DDOG,2022-04-29,20,0.1293,0.2124,0.0607
DDOG,2022-04-30,14,-0.0616,0.0526,-0.0052
DDOG,2022-05-01,11,0.0593,0.0912,0.013
DDOG,2022-05-02,20,-0.0266,0.2787,0.083
DDOG,2022-05-03,20,0.0701,0.1825,-0.0031
DDOG,2022-05-04,20,-0.0361,0.209,0.0289
DDOG,2022-05-05,20,-0.1201,0.408,0.0634
DDOG,2022-05-06,20,-0.0412,0.4031,0.0269
DDOG,2022-05-07,16,-0.0001,0.0722,0.0419
DDOG,2022-05-08,15,0.0123,-0.0928,0.0811
DDOG,2022-05-09,20,-0.1552,0.0782,0.0272
DDOG,2022-05-10,20,-0.067,0.2334,0.0612
DDOG,2022-05-11,20,-0.0207,0.0635,0.0562
DDOG,2022-05-12,20,0.0953,0.2953,0.0713
DDOG,2022-05-13,20,-0.0281,0.0842,0.0706
DDOG,2022-05-14,20,0.1473,0.3446,0.1427
DDOG,2022-05-15,6,-0.2129,0.0698,0.0422
DDOG,2022-05-16,20,-0.0091,0.1032,0.1098
DDOG,2022-05-17,20,-0.0262,0.2177,-0.007
DDOG,2022-05-18,20,-0.013,0.283,0.0325
DDOG,2022-05-19,20,-0.0541,0.3612,0.031
DDOG,2022-05-20,20,-0.1745,0.1242,0.0911
DDOG,2022-05-21,8,-0.0213,0.2464,0.1168
DDOG,2022-05-22,8,-0.0123,-0.0945,0.0548
DDOG,2022-05-23,15,-0.3143,0.0286,-0.0063
DDOG,2022-05-24,20,-0.1282,0.2149,-0.003
DDOG,2022-05-25,20,-0.1379,-0.064,-0.0046
DDOG,2022-05-26,20,-0.0606,0.382,0.1087
DDOG,2022-05-27,20,0.0667,0.3473,0.0755
DDOG,2022-05-28,12,0.0101,0.0976,0.0176
DDOG,2022-05-29,9,-0.0005,0.0493,-0.0211
DDOG,2022-05-30,6,0.0553,0.2231,0.023
DDOG,2022-05-31,16,-0.0818,0.0042,0.0293
DDOG,2022-06-01,20,-0.0061,0.1735,0.0072
DDOG,2022-06-02,20,-0.0909,0.2342,-0.0272
DDOG,2022-06-03,20,-0.085,0.1529,0.0763
DDOG,2022-06-04,13,0.0032,-0.0418,0.0569
DDOG,2022-06-05,8,0.0947,0.3439,0.0632
DDOG,2022-06-06,20,-0.0561,0.072,0.0536
DDOG,2022-06-07,20,0.1215,0.3307,0.1538
DDOG,2022-06-08,20,0.0045,0.2232,0.058
DDOG,2022-06-09,16,0.0646,0.3002,0.0554
DDOG,2022-06-10,20,0.072,0.0106,-0.0017
DDOG,2022-06-11,9,-0.2738,-0.1587,-0.0359
DDOG,2022-06-12,12,-0.2344,-0.0379,0.0124
DDOG,2022-06-13,20,-0.0467,-0.0998,-0.0281
DDOG,2022-06-14,20,0.0139,0.0029,0.0692
DDOG,2022-06-15,16,0.0804,0.2113,0.0393
DDOG,2022-06-16,20,0.0169,0.1978,0.0973
DDOG,2022-06-17,19,0.0713,0.1311,0.0561
DDOG,2022-06-18,16,0.0495,0.0634,0.0299
DDOG,2022-06-19,7,0.1863,0.3905,0.0047
DDOG,2022-06-20,6,0.0974,0.2651,0.076
DDOG,2022-06-21,11,0.2,0.6165,0.0776
DDOG,2022-06-22,15,0.0065,0.4152,0.0336
DDOG,2022-06-23,20,0.0576,0.26,0.0313
DDOG,2022-06-24,20,-0.0053,0.2814,0.1262
DDOG,2022-06-25,7,0.2893,0.2059,0.1214
DDOG,2022-06-26,2,0.3144,0.4284,0.071
DDOG,2022-06-27,8,-0.1753,0.2739,-0.0295
DDOG,2022-06-28,17,0.1795,0.2211,0.0847
DDOG,2022-06-29,12,-0.0839,-0.2249,-0.002
DDOG,2022-06-30,11,-0.2171,0.2226,-0.0296
DDOG,2022-07-01,16,0.0088,0.3914,-0.0404
DDOG,2022-07-02,5,-0.0173,0.1411,0.0266
DDOG,2022-07-03,8,-0.051,0.0767,0.082
DDOG,2022-07-04,8,-0.1547,0.0045,0.0328
DDOG,2022-07-05,20,0.0455,0.612,0.0601
DDOG,2022-07-06,10,0.1096,0.3819,0.0869
DDOG,2022-07-07,20,-0.0214,0.1514,0.0424
DDOG,2022-07-08,20,-0.1517,0.3242,0.0445
DDOG,2022-07-09,5,0.0247,0.0507,0.0462
DDOG,2022-07-10,6,-0.0337,0.0765,-0.0173
DDOG,2022-07-11,19,-0.0031,0.37,0.0134
DDOG,2022-07-12,20,0.0368,0.1562,0.0037
DDOG,2022-07-13,19,0.0573,0.3279,0.0794
DDOG,2022-07-14,18,-0.0619,0.1846,-0.0128
DDOG,2022-07-15,20,-0.0958,0.3336,0.0285
DDOG,2022-07-16,7,-0.0696,0.2448,0.0309
DDOG,2022-07-17,7,-0.004,0.266,0.03
DDOG,2022-07-18,20,-0.1303,0.3484,0.0276
DDOG,2022-07-19,20,-0.1887,0.1454,0.0035
DDOG,2022-07-20,20,0.181,0.4504,0.0286
DDOG,2022-07-21,20,0.1201,0.2271,0.0781
DDOG,2022-07-22,20,-0.1875,0.3202,-0.0353
DDOG,2022-07-23,11,-0.0545,0.109,0.0006
DDOG,2022-07-24,3,-0.2862,-0.0002,0.1163
DDOG,2022-07-25,20,-0.1214,0.2123,-0.0047
DDOG,2022-07-26,20,-0.0279,0.3162,0.0572
DDOG,2022-07-27,20,0.058,0.2075,0.1224
DDOG,2022-07-28,13,-0.0833,0.0849,0.0095
DDOG,2022-07-29,20,0.0595,0.3331,0.0455
DDOG,2022-07-30,10,0.306,0.2433,0.0112
DDOG,2022-07-31,13,0.2493,0.3187,0.025
DDOG,2022-08-01,20,0.0342,0.2299,-0.0235
DDOG,2022-08-02,20,0.0412,0.1325,0.0271
DDOG,2022-08-03,20,0.0378,0.3189,0.079
DDOG,2022-08-04,20,0.0865,0.2907,0.056
DDOG,2022-08-05,20,-0.0448,0.2943,0.0772
DDOG,2022-08-06,14,0.0325,0.1245,0.1411
DDOG,2022-08-07,14,0.203,0.2232,0.1046
DDOG,2022-08-08,20,-0.1772,0.0909,-0.0244
DDOG,2022-08-09,20,-0.0798,0.1772,0.0056
DDOG,2022-08-10,20,0.0501,0.2345,0.1038
DDOG,2022-08-11,20,0.0458,0.3241,0.0123
DDOG,2022-08-12,20,-0.0005,0.0903,0.0677
DDOG,2022-08-13,9,-0.1018,0.1099,0.17
DDOG,2022-08-14,6,0.031,0.1276,0.049
DDOG,2022-08-15,20,0.0602,0.3172,0.05
DDOG,2022-08-16,20,0.0721,0.1513,0.116
DDOG,2022-08-17,15,0.0103,0.082,0.0869
DDOG,2022-08-18,20,-0.0483,0.0241,0.0222
DDOG,2022-08-19,11,-0.1781,0.1196,0.1027
DDOG,2022-08-20,6,-0.2104,0.4829,-0.0035
DDOG,2022-08-21,3,0.013,-0.0112,0.207
DDOG,2022-08-22,20,0.0543,0.2355,0.0856
DDOG,2022-08-23,17,0.2215,-0.0407,0.0822
DDOG,2022-08-24,20,0.1442,0.2532,0.1414
DDOG,2022-08-25,20,-0.0081,0.0126,0.0143
DDOG,2022-08-26,20,-0.0224,0.1277,-0.0035
DDOG,2022-08-27,11,0.0125,0.2361,0.106
DDOG,2022-08-28,7,-0.1018,-0.1497,-0.0334
DDOG,2022-08-29,11,0.0211,0.1914,0.0741
DDOG,2022-08-30,10,0.1017,0.102,0.045
DDOG,2022-08-31,16,-0.2068,0.3277,-0.0427
DDOG,2022-09-01,20,0.0173,0.214,0.02
DDOG,2022-09-02,18,-0.0178,0.4202,0.0405
DDOG,2022-09-03,5,0.0594,0.139,0.1456
DDOG,2022-09-04,8,-0.028,-0.0549,-0.0067
DDOG,2022-09-05,5,0.1995,0.0504,0.181
DDOG,2022-09-06,20,-0.0194,0.2014,0.0489
DDOG,2022-09-07,20,-0.1066,0.0136,0.0975
DDOG,2022-09-08,12,-0.0593,-0.0334,0.0732
DDOG,2022-09-09,9,-0.1015,0.1278,0.0959
DDOG,2022-09-10,4,-0.007,-0.0257,0.1845
DDOG,2022-09-11,7,-0.0557,-0.0552,-0.0184
DDOG,2022-09-12,8,0.0686,0.1029,0.1391
DDOG,2022-09-13,20,-0.0553,0.0739,-0.0097
DDOG,2022-09-14,12,0.0543,0.111,0.043
DDOG,2022-09-15,14,-0.0358,0.0511,0.0376
DDOG,2022-09-16,20,-0.0713,0.1381,0.0358
DDOG,2022-09-17,5,-0.1084,-0.0725,0.1742
DDOG,2022-09-18,6,-0.1476,0.3195,-0.0355
DDOG,2022-09-19,19,0.0558,0.1471,0.0649
DDOG,2022-09-20,11,-0.0989,0.1587,0.0064
DDOG,2022-09-21,20,-0.0039,0.2355,0.0515
DDOG,2022-09-22,20,-0.0433,0.069,0.0343
DDOG,2022-09-23,20,-0.1657,0.0272,0.049
DDOG,2022-09-24,11,-0.1626,0.0939,0.074
DDOG,2022-09-25,7,-0.0699,0.0353,0.0079
DDOG,2022-09-26,20,-0.042,0.1022,0.1144
DDOG,2022-09-27,8,-0.059,0.2808,0.0218
DDOG,2022-09-28,8,-0.0619,0.206,0.0768
DDOG,2022-09-29,16,0.0023,0.295,0.0564
DDOG,2022-09-30,13,0.2291,0.3469,0.1108
DDOG,2022-10-01,5,0.0082,0.0604,0.1374
DDOG,2022-10-02,12,0.0034,0.0507,0.021
DDOG,2022-10-03,6,-0.1493,-0.023,0.023
DDOG,2022-10-04,18,0.1786,0.095,0.0847
DDOG,2022-10-05,19,-0.0165,-0.0246,0.0447
DDOG,2022-10-06,2,-0.0126,-0.24,0.0
DDOG,2022-10-07,13,0.1126,0.1671,0.0439
DDOG,2022-10-08,3,0.0473,0.1116,0.2513
DDOG,2022-10-09,2,-0.4661,-0.1885,-0.325
DDOG,2022-10-10,15,0.0503,0.3528,0.0983
DDOG,2022-10-11,20,-0.118,0.2012,0.0094
DDOG,2022-10-12,9,-0.3304,0.0427,-0.0919
DDOG,2022-10-13,20,-0.0232,0.3148,0.0144
DDOG,2022-10-14,20,-0.0164,0.2481,0.0286
DDOG,2022-10-15,10,-0.2512,0.1674,0.0463
DDOG,2022-10-16,2,-0.4501,0.7701,0.197
DDOG,2022-10-17,17,-0.1109,0.2349,0.0324
DDOG,2022-10-18,11,-0.2726,0.2898,-0.0035
DDOG,2022-10-19,20,0.06,0.1035,-0.0046
DDOG,2022-10-20,20,0.0189,0.2651,0.0204
DDOG,2022-10-21,20,-0.0426,0.1664,0.0598
DDOG,2022-10-22,11,0.1259,0.3773,0.1045
DDOG,2022-10-23,8,-0.1605,0.1079,0.0404
DDOG,2022-10-24,9,-0.0137,0.1943,0.1171
DDOG,2022-10-25,17,0.0763,0.4323,0.0874
DDOG,2022-10-26,20,-0.2104,0.1251,-0.0907
DDOG,2022-10-27,17,-0.1439,-0.0177,0.0329
DDOG,2022-10-28,17,0.0775,0.3882,0.0103
DDOG,2022-10-29,13,-0.0332,0.3354,0.0839
DDOG,2022-10-30,4,0.2393,0.2528,0.0832
DDOG,2022-10-31,16,-0.1293,0.1543,0.0499
DDOG,2022-11-01,10,-0.0103,0.3254,0.0256
DDOG,2022-11-02,20,0.0926,0.2119,0.039
DDOG,2022-11-03,20,0.1818,0.3035,0.1234
DDOG,2022-11-04,20,-0.1657,0.3036,0.0614
DDOG,2022-11-05,9,-0.2395,0.2204,-0.0581
DDOG,2022-11-06,11,0.1299,0.2381,0.0563
DDOG,2022-11-07,20,-0.0813,0.1814,-0.0417
DDOG,2022-11-08,20,-0.0128,0.2806,-0.0199
DDOG,2022-11-09,20,-0.026,0.3035,0.0498
DDOG,2022-11-10,20,0.0045,0.436,0.0814
DDOG,2022-11-11,20,0.1589,0.4069,0.0836
DDOG,2022-11-12,9,-0.1015,0.1921,0.1518
DDOG,2022-11-13,3,0.0555,0.1197,0.0883
DDOG,2022-11-14,20,0.1471,0.2525,0.0418
DDOG,2022-11-15,20,0.0038,0.1589,0.0254
DDOG,2022-11-16,20,0.0055,0.2375,0.0485
DDOG,2022-11-17,13,0.1519,0.394,0.1694
DDOG,2022-11-18,20,0.0182,0.4534,0.0284
DDOG,2022-11-19,9,0.0676,0.3837,0.016
DDOG,2022-11-20,6,-0.2834,0.3188,0.0565
DDOG,2022-11-21,15,-0.0956,0.3891,0.0582
DDOG,2022-11-22,20,0.0942,0.3965,0.0624
DDOG,2022-11-23,20,-0.1378,0.2548,-0.009
DDOG,2022-11-24,17,0.1228,0.2678,0.078
DDOG,2022-11-25,18,0.0938,0.3935,-0.0121
DDOG,2022-11-26,9,0.0549,0.0059,0.0792
DDOG,2022-11-27,4,0.0127,0.4444,0.0588
DDOG,2022-11-28,16,0.0822,0.3607,0.0664
DDOG,2022-11-29,20,-0.0469,0.0456,0.0932
DDOG,2022-11-30,20,-0.0237,0.2247,0.0062
DDOG,2022-12-01,20,0.0342,0.0873,0.0999
DDOG,2022-12-02,20,0.1086,0.3931,0.0871
DDOG,2022-12-03,11,0.1132,0.1231,0.0508
DDOG,2022-12-04,8,0.0913,0.422,0.0214
DDOG,2022-12-05,20,-0.0438,0.1402,0.0798
DDOG,2022-12-06,20,-0.1563,-0.0286,0.0101
DDOG,2022-12-07,20,0.0038,0.1874,0.0089
DDOG,2022-12-08,20,0.1397,0.373,0.0302
DDOG,2022-12-09,20,0.0427,0.1341,0.0631
DDOG,2022-12-10,5,0.0558,0.0069,0.0624
DDOG,2022-12-11,4,-0.2125,0.4834,0.0985
DDOG,2022-12-12,20,0.0446,0.281,-0.03
DDOG,2022-12-13,20,0.054,0.4027,0.0546
DDOG,2022-12-14,20,0.072,0.1337,0.0113
DDOG,2022-12-15,20,0.1324,0.2121,0.0633
DDOG,2022-12-16,10,-0.0534,-0.0727,0.052
DDOG,2022-12-17,9,0.178,-0.0522,0.1329
DDOG,2022-12-18,4,0.0234,0.0077,0.0798
DDOG,2022-12-19,18,0.0217,0.2426,0.125
DDOG,2022-12-20,9,-0.1053,-0.0472,0.0573
DDOG,2022-12-21,16,0.0277,0.1843,0.019
DDOG,2022-12-22,11,-0.1716,0.2146,0.0298
DDOG,2022-12-23,12,0.1054,0.3344,0.0967
DDOG,2022-12-24,6,0.0636,0.0031,0.0107
DDOG,2022-12-25,2,-0.0572,0.106,-0.007
DDOG,2022-12-26,5,-0.1061,0.2573,0.0204
DDOG,2022-12-27,13,-0.1148,0.1202,0.026
DDOG,2022-12-28,9,-0.0856,0.2334,0.0421
DDOG,2022-12-29,15,0.0782,0.1848,0.1185
DDOG,2022-12-30,12,0.1303,0.229,0.1162
DDOG,2022-12-31,1,0.0688,0.7884,0.157
DIS,2020-01-01,20,0.0917,0.2756,0.1124
DIS,2020-01-02,20,0.0167,0.3805,-0.0271
DIS,2020-01-03,20,0.0297,0.3419,0.0261
DIS,2020-01-04,20,0.0048,0.2466,0.0374
DIS,2020-01-05,20,-0.0063,0.0648,0.0405
DIS,2020-01-06,20,-0.2287,0.1449,-0.0205
DIS,2020-01-07,20,-0.0208,0.4906,-0.0227
DIS,2020-01-08,20,-0.0631,0.2249,0.0128
DIS,2020-01-09,20,-0.1089,0.1778,0.0808
DIS,2020-01-10,20,-0.1968,0.1542,-0.0452
DIS,2020-01-11,20,-0.0241,0.1967,0.0347
DIS,2020-01-12,20,0.0324,0.248,0.077
DIS,2020-01-13,20,-0.0277,0.4002,0.0053
DIS,2020-01-14,20,0.0159,0.1359,0.0289
DIS,2020-01-15,20,-0.1363,0.2028,0.0221
DIS,2020-01-16,20,-0.0292,0.3323,0.0195
DIS,2020-01-17,20,0.0937,0.3812,0.0819
DIS,2020-01-18,20,0.0684,0.2013,0.0603
DIS,2020-01-19,20,0.0976,0.1622,0.0608
DIS,2020-01-20,20,0.0062,0.2246,0.0767
DIS,2020-01-21,20,0.0577,0.2752,0.0166
DIS,2020-01-22,20,-0.2065,-0.0545,-0.0393
DIS,2020-01-23,20,-0.1001,0.0586,-0.0245
DIS,2020-01-24,20,-0.0666,0.2291,0.0648
DIS,2020-01-25,20,-0.0263,0.323,0.0834
DIS,2020-01-26,20,-0.051,0.3638,0.0251
DIS,2020-01-27,20,-0.1826,0.2797,0.0523
DIS,2020-01-28,20,0.0355,0.3474,0.0927
DIS,2020-01-29,20,-0.099,0.4123,0.0246
DIS,2020-01-30,20,-0.1532,0.2001,0.0081
DIS,2020-01-31,20,0.1024,0.4666,0.0409
DIS,2020-02-01,20,-0.1093,0.3159,0.0239
DIS,2020-02-02,20,-0.0599,0.0526,0.0143
DIS,2020-02-03,20,-0.0007,0.2599,0.0624
DIS,2020-02-04,20,0.0233,0.3288,-0.0113
DIS,2020-02-05,20,-0.1081,0.434,0.0478
DIS,2020-02-06,20,-0.0965,0.4327,0.0697
DIS,2020-02-07,20,-0.096,0.168,0.0053
DIS,2020-02-08,20,-0.0831,0.2382,0.0351
DIS,2020-02-09,20,-0.0905,0.0438,0.0842
DIS,2020-02-10,20,-0.1748,0.284,0.1054
DIS,2020-02-11,20,-0.1151,0.3547,-0.0186
DIS,2020-02-12,20,-0.1089,0.3542,0.0276
DIS,2020-02-13,20,-0.1181,0.283,0.0432
DIS,2020-02-14,20,-0.0359,0.4006,0.0544
DIS,2020-02-15,20,-0.0562,0.1135,-0.0105
DIS,2020-02-16,20,-0.0483,0.1201,0.0572
DIS,2020-02-17,20,0.0291,0.3194,0.0403
DIS,2020-02-18,20,-0.1742,0.0031,-0.0132
DIS,2020-02-19,20,0.0455,0.1988,0.0962
DIS,2020-02-20,20,-0.0104,0.4691,-0.0606
DIS,2020-02-21,20,0.1369,0.147,0.1118
DIS,2020-02-22,20,-0.0221,0.2385,0.055
DIS,2020-02-23,20,-0.1778,0.1045,-0.0009
DIS,2020-02-24,20,-0.2587,0.2702,-0.0165
DIS,2020-02-25,20,-0.019,0.3549,0.047
DIS,2020-02-26,20,0.0577,0.2179,0.0623
DIS,2020-02-27,20,-0.3488,-0.0423,-0.0435
DIS,2020-02-28,20,-0.0308,0.362,0.0329
DIS,2020-02-29,20,-0.0833,0.2063,0.0192
DIS,2020-03-01,20,-0.07,0.1512,0.0754
DIS,2020-03-02,20,-0.1753,0.0193,0.063
DIS,2020-03-03,20,-0.1442,0.2187,-0.0562
DIS,2020-03-04,20,-0.09,0.0166,0.1082
DIS,2020-03-05,20,0.1141,0.4074,0.073
DIS,2020-03-06,20,-0.1318,0.3654,-0.0086
DIS,2020-03-07,20,-0.1762,0.1331,0.0552
DIS,2020-03-08,20,-0.1804,0.0818,-0.0156
DIS,2020-03-09,20,-0.0804,0.2603,-0.0482
DIS,2020-03-10,20,-0.0522,0.3294,0.0235
DIS,2020-03-11,20,-0.0955,0.2505,-0.1066
DIS,2020-03-12,20,-0.2053,0.1352,-0.004
DIS,2020-03-13,20,-0.2816,0.1303,-0.0043
DIS,2020-03-14,20,-0.1691,0.3139,0.0256
DIS,2020-03-15,20,-0.1257,0.2931,0.0444
DIS,2020-03-16,20,-0.1473,0.243,-0.0257
DIS,2020-03-17,20,-0.0816,-0.0339,-0.0163
DIS,2020-03-18,20,-0.0014,0.2499,-0.0273
DIS,2020-03-19,20,-0.2902,0.0629,0.0548
DIS,2020-03-20,20,-0.1729,0.2429,0.0212
DIS,2020-03-21,20,-0.1054,0.336,0.0268
DIS,2020-03-22,20,-0.1871,0.2832,0.0704
DIS,2020-03-23,20,-0.2313,0.0796,-0.0509
DIS,2020-03-24,20,-0.0387,0.1263,0.0945
DIS,2020-03-25,20,-0.0962,0.2465,0.0218
DIS,2020-03-26,20,-0.0314,0.2312,0.0346
DIS,2020-03-27,20,-0.072,0.1941,0.0638
DIS,2020-03-28,20,-0.1859,0.367,0.0655
DIS,2020-03-29,20,-0.1594,0.0169,0.0696
DIS,2020-03-30,20,-0.2212,0.1178,-0.0207
DIS,2020-03-31,20,-0.0181,0.2271,0.031
DIS,2020-04-01,20,-0.1388,0.2714,-0.0399
DIS,2020-04-02,20,-0.1165,0.2697,-0.0136
DIS,2020-04-03,20,-0.1186,0.3432,0.025
DIS,2020-04-04,20,-0.1164,0.1664,-0.007
DIS,2020-04-05,20,-0.1064,0.2587,0.0513
DIS,2020-04-06,20,0.0212,0.4343,-0.0331
DIS,2020-04-07,20,0.1037,0.3451,0.116
DIS,2020-04-08,20,-0.1173,0.2388,0.0254
DIS,2020-04-09,20,-0.064,0.2795,0.0501
DIS,2020-04-10,20,-0.003,0.2245,0.0723
DIS,2020-04-11,20,-0.1096,0.1999,0.0523
DIS,2020-04-12,20,-0.0725,0.3225,0.0444
DIS,2020-04-13,20,-0.0797,0.3264,-0.007
DIS,2020-04-14,20,0.0087,0.2448,0.0746
DIS,2020-04-15,20,-0.1643,-0.0776,-0.018
DIS,2020-04-16,20,-0.0197,0.0792,0.0626
DIS,2020-04-17,20,-0.0718,0.3582,0.0589
DIS,2020-04-18,20,-0.1897,0.0952,0.021
DIS,2020-04-19,20,0.0483,0.1243,0.0546
DIS,2020-04-20,20,0.0008,0.3622,0.0446
DIS,2020-04-21,20,-0.1009,0.1507,0.0191
DIS,2020-04-22,20,-0.0992,-0.0004,0.04
DIS,2020-04-23,20,-0.091,0.1897,0.0538
DIS,2020-04-24,20,-0.0334,0.3624,0.0122
DIS,2020-04-25,20,-0.0494,0.2228,0.0114
DIS,2020-04-26,20,-0.0682,0.1241,0.0845
DIS,2020-04-27,20,-0.0836,0.1396,-0.0484
DIS,2020-04-28,20,-0.1629,0.2159,0.0118
DIS,2020-04-29,20,-0.0496,0.234,0.0987
DIS,2020-04-30,20,-0.0327,0.2744,0.0687
DIS,2020-05-01,20,-0.1378,0.0325,0.0412
DIS,2020-05-02,20,-0.1324,0.0718,0.0904
DIS,2020-05-03,20,-0.0347,0.2007,0.0853
DIS,2020-05-04,20,-0.1156,0.2886,0.0591
DIS,2020-05-05,20,-0.1231,0.1379,-0.0664
DIS,2020-05-06,20,-0.1197,0.2696,0.0517
DIS,2020-05-07,20,-0.0783,0.3676,0.0192
DIS,2020-05-08,20,-0.0579,0.3508,0.1005
DIS,2020-05-09,20,-0.0754,0.1405,-0.008
DIS,2020-05-10,20,0.062,0.3001,0.0639
DIS,2020-05-11,20,-0.0993,0.2123,0.0122
DIS,2020-05-12,20,0.1486,0.4372,0.0763
DIS,2020-05-13,20,0.086,0.5412,-0.0456
DIS,2020-05-14,20,0.0016,0.2238,0.0559
DIS,2020-05-15,20,-0.0095,0.1204,-0.0085
DIS,2020-05-16,20,0.1017,0.2023,0.0716
DIS,2020-05-17,20,0.0328,0.3204,0.0408
DIS,2020-05-18,20,-0.0185,0.1676,0.0619
DIS,2020-05-19,20,-0.1106,0.1215,-0.0244
DIS,2020-05-20,20,-0.0864,0.1238,-0.0192
DIS,2020-05-21,20,0.0094,0.3345,0.0414
DIS,2020-05-22,20,-0.0543,0.2467,0.0362
DIS,2020-05-23,20,0.0447,0.3285,0.0584
DIS,2020-05-24,20,0.1073,0.2834,0.0966
DIS,2020-05-25,20,0.0512,0.3221,0.0266
DIS,2020-05-26,20,0.0176,0.0457,0.0836
DIS,2020-05-27,20,0.0156,0.4136,-0.0148
DIS,2020-05-28,20,-0.0856,0.2652,0.0303
DIS,2020-05-29,20,-0.1069,0.2176,0.0229
DIS,2020-05-30,20,0.1051,0.1387,0.1393
DIS,2020-05-31,20,0.068,0.4794,0.1144
DIS,2020-06-01,20,0.0561,0.3779,0.0942
DIS,2020-06-02,20,-0.0155,0.2234,0.0604
DIS,2020-06-03,20,0.0048,0.2888,0.0492
DIS,2020-06-04,20,0.101,0.5014,0.0702
DIS,2020-06-05,20,0.0999,0.3137,0.0924
DIS,2020-06-06,20,0.0248,0.3436,0.1311
DIS,2020-06-07,20,0.0121,0.2972,0.0922
DIS,2020-06-08,20,-0.121,0.4031,0.0686
DIS,2020-06-09,20,0.1034,0.3346,0.054
DIS,2020-06-10,20,-0.0578,0.3181,0.0108
DIS,2020-06-11,20,-0.053,0.3582,0.0266
DIS,2020-06-12,20,-0.0493,0.2887,0.0782
DIS,2020-06-13,20,-0.0712,0.0544,0.1328
DIS,2020-06-14,20,0.0475,0.107,0.018
DIS,2020-06-15,20,0.0216,0.3653,0.1275
DIS,2020-06-16,20,0.1261,0.3698,0.0221
DIS,2020-06-17,20,-0.2193,0.2615,0.0686
DIS,2020-06-18,20,0.0855,0.4231,0.0945
DIS,2020-06-19,20,0.0102,0.4845,0.0096
DIS,2020-06-20,20,-0.162,0.2762,0.0729
DIS,2020-06-21,20,-0.0419,0.3113,0.1116
DIS,2020-06-22,20,-0.0129,0.2649,0.0027
DIS,2020-06-23,20,0.0233,0.05,0.0604
DIS,2020-06-24,20,-0.1989,0.1526,-0.0143
DIS,2020-06-25,20,-0.0461,0.4444,-0.0332
DIS,2020-06-26,20,-0.1633,0.1255,-0.0387
DIS,2020-06-27,20,-0.0241,0.179,0.0954
DIS,2020-06-28,20,-0.1435,0.1582,0.0482
DIS,2020-06-29,20,-0.0018,0.1753,0.0809
DIS,2020-06-30,20,0.0699,0.2532,0.0167
DIS,2020-07-01,20,0.067,0.2718,0.0551
DIS,2020-07-02,20,-0.1039,0.3026,0.0509
DIS,2020-07-03,20,0.0665,0.2843,0.0516
DIS,2020-07-04,20,-0.0352,0.2317,0.0315
DIS,2020-07-05,20,-0.1578,0.2413,0.0232
DIS,2020-07-06,20,-0.0574,0.1973,-0.0289
DIS,2020-07-07,20,0.1045,0.2496,0.0353
DIS,2020-07-08,20,-0.0647,0.2568,0.036
DIS,2020-07-09,20,0.0083,0.1268,0.0935
DIS,2020-07-10,20,0.0328,0.3547,0.0267
DIS,2020-07-11,20,-0.1256,0.2223,-0.0258
DIS,2020-07-12,20,-0.0509,0.2744,-0.0094
DIS,2020-07-13,20,-0.0137,0.1404,0.0592
DIS,2020-07-14,20,-0.0345,0.1075,0.0659
DIS,2020-07-15,20,0.038,0.3285,0.0344
DIS,2020-07-16,20,-0.0729,0.1448,0.0688
DIS,2020-07-17,20,0.1194,0.3797,0.0752
DIS,2020-07-18,20,-0.0915,0.2423,0.054
DIS,2020-07-19,20,-0.0587,0.011,0.0632
DIS,2020-07-20,20,-0.128,0.2172,-0.0143
DIS,2020-07-21,20,-0.0011,0.2079,0.1294
DIS,2020-07-22,20,0.0219,0.4826,0.0622
DIS,2020-07-23,20,-0.1209,0.2698,0.0729
DIS,2020-07-24,20,0.0269,0.1167,0.0806
DIS,2020-07-25,20,-0.011,0.22,0.0621
DIS,2020-07-26,20,0.1044,0.2729,0.0248
DIS,2020-07-27,20,0.014,0.2376,-0.0013
DIS,2020-07-28,20,0.0694,0.243,0.1148
DIS,2020-07-29,20,0.1452,0.0506,0.0864
DIS,2020-07-30,20,0.0849,0.3086,0.1169
DIS,2020-07-31,20,0.2304,0.2898,0.1559
DIS,2020-08-01,20,-0.0305,0.1888,0.0368
DIS,2020-08-02,20,0.045,0.2069,0.0871
DIS,2020-08-03,20,0.0232,0.0075,0.103
DIS,2020-08-04,20,-0.1136,0.0696,0.058
DIS,2020-08-05,20,0.1199,0.4432,0.127
DIS,2020-08-06,20,-0.0777,0.2802,-0.0155
DIS,2020-08-07,20,0.158,0.2111,0.0864
DIS,2020-08-08,20,-0.0486,0.2097,0.0545
DIS,2020-08-09,20,-0.039,0.2146,0.0734
DIS,2020-08-10,20,-0.0141,0.1833,-0.0251
DIS,2020-08-11,20,-0.0334,0.4336,0.1053
DIS,2020-08-12,20,-0.0871,0.2441,0.0346
DIS,2020-08-13,20,-0.1605,0.1598,-0.0556
DIS,2020-08-14,20,-0.0727,0.3752,0.0695
DIS,2020-08-15,20,0.0683,0.4029,0.0336
DIS,2020-08-16,20,-0.0142,0.328,0.0755
DIS,2020-08-17,20,-0.0101,0.2859,0.0395
DIS,2020-08-18,20,-0.0385,0.1244,0.0403
DIS,2020-08-19,20,0.0375,0.366,0.0319
DIS,2020-08-20,20,0.0032,0.4394,0.1172
DIS,2020-08-21,20,-0.0166,0.3622,0.0707
DIS,2020-08-22,20,0.0737,0.219,0.0422
DIS,2020-08-23,20,0.0358,0.249,0.0492
DIS,2020-08-24,20,0.2483,0.375,0.1508
DIS,2020-08-25,20,-0.0443,0.3867,0.0396
DIS,2020-08-26,20,0.1312,0.4327,0.0456
DIS,2020-08-27,20,0.0458,0.2148,0.0588
DIS,2020-08-28,20,0.0886,0.4003,0.0626
DIS,2020-08-29,20,-0.0125,0.2164,-0.0006
DIS,2020-08-30,20,0.1,0.3197,0.0457
DIS,2020-08-31,20,-0.1237,0.1705,0.0181
DIS,2020-09-01,20,0.0886,0.4555,0.1146
DIS,2020-09-02,20,0.0541,0.3555,0.0629
DIS,2020-09-03,20,0.0508,0.2481,0.1516
DIS,2020-09-04,20,0.1593,0.562,0.1172
DIS,2020-09-05,20,-0.0325,0.158,0.0274
DIS,2020-09-06,20,-0.042,0.2619,0.0951
DIS,2020-09-07,20,0.07,0.2064,0.0115
DIS,2020-09-08,20,-0.0434,0.3189,0.0915
DIS,2020-09-09,20,-0.1785,0.0379,0.0492
DIS,2020-09-10,20,0.0092,0.1566,0.0856
DIS,2020-09-11,20,-0.0432,0.1791,0.1205
DIS,2020-09-12,20,0.1646,0.3763,0.0869
DIS,2020-09-13,20,-0.1848,0.2279,-0.0331
DIS,2020-09-14,20,-0.0279,0.2733,0.1524
DIS,2020-09-15,20,0.1069,0.3709,0.0558
DIS,2020-09-16,20,0.0791,0.4097,0.0806
DIS,2020-09-17,20,0.0143,0.1613,0.0316
DIS,2020-09-18,20,0.0382,0.3651,0.0784
DIS,2020-09-19,20,0.1005,0.2932,0.1422
DIS,2020-09-20,20,0.0839,0.2039,0.0728
DIS,2020-09-21,20,-0.1514,0.1488,-0.016
DIS,2020-09-22,20,0.1942,0.3613,0.0771
DIS,2020-09-23,20,-0.0006,0.2918,0.1114
DIS,2020-09-24,20,-0.2255,0.1228,0.0075
DIS,2020-09-25,20,-0.0706,0.4398,0.0356
DIS,2020-09-26,20,0.0046,0.2085,0.0368
DIS,2020-09-27,16,0.007,0.3994,0.0233
DIS,2020-09-28,20,0.1268,0.2955,0.0915
DIS,2020-09-29,20,-0.1906,0.146,0.0762
DIS,2020-09-30,20,-0.2358,0.0973,0.0448
DIS,2020-10-01,20,0.0589,0.3449,0.1124
DIS,2020-10-02,20,-0.1428,0.1962,0.0291
DIS,2020-10-03,20,0.1061,0.1755,0.0714
DIS,2020-10-04,20,-0.0987,0.0082,0.0198
DIS,2020-10-05,20,-0.1114,0.2371,-0.003
DIS,2020-10-06,20,-0.093,0.1343,0.0433
DIS,2020-10-07,20,-0.015,0.3166,0.102
DIS,2020-10-08,20,0.0534,0.3524,0.0932
DIS,2020-10-09,20,0.1174,0.4458,0.062
DIS,2020-10-10,20,-0.0996,0.2137,0.0312
DIS,2020-10-11,20,0.0294,0.3116,0.0638
DIS,2020-10-12,20,0.0601,0.1968,0.1156
DIS,2020-10-13,20,0.0541,0.1859,0.0377
DIS,2020-10-14,20,0.0611,0.3086,0.0804
DIS,2020-10-15,20,0.1242,0.3589,0.0443
DIS,2020-10-16,20,0.0618,0.2589,0.0122
DIS,2020-10-17,20,0.0951,0.1687,0.0633
DIS,2020-10-18,20,0.0394,0.3097,0.0362
DIS,2020-10-19,20,-0.0426,0.285,-0.0215
DIS,2020-10-20,20,0.0711,0.2159,0.125
DIS,2020-10-21,20,0.1305,0.1577,0.1066
DIS,2020-10-22,20,0.1473,0.4256,0.1316
DIS,2020-10-23,20,0.1349,0.2606,0.0674
DIS,2020-10-24,20,-0.0226,0.326,0.0502
DIS,2020-10-25,20,-0.143,0.3076,0.014
DIS,2020-10-26,20,0.0251,0.3583,0.0536
DIS,2020-10-27,20,0.0214,0.2672,0.0428
DIS,2020-10-28,20,-0.0219,0.1711,0.047
DIS,2020-10-29,20,-0.0142,0.3868,0.0119
DIS,2020-10-30,20,0.0165,0.3589,0.1314
DIS,2020-10-31,20,0.0163,0.238,0.0649
DIS,2020-11-01,20,0.0682,0.2878,0.0654
DIS,2020-11-02,20,-0.0029,0.4301,0.0767
DIS,2020-11-03,20,0.0475,0.2798,0.1254
DIS,2020-11-04,20,0.1324,0.2918,0.1207
DIS,2020-11-05,20,-0.1205,0.1962,0.0522
DIS,2020-11-06,20,-0.0005,0.3868,0.0952
DIS,2020-11-07,20,-0.054,0.415,0.0374
DIS,2020-11-08,20,0.0924,0.2276,0.0658
DIS,2020-11-09,20,-0.0292,0.302,0.0483
DIS,2020-11-10,20,0.1149,0.3351,0.1415
DIS,2020-11-11,20,0.0003,0.2003,0.0055
DIS,2020-11-12,20,-0.1,0.3872,0.0549
DIS,2020-11-13,20,0.1178,0.4508,0.0901
DIS,2020-11-14,20,0.1265,0.2682,0.0905
DIS,2020-11-15,20,0.0313,0.3584,0.035
DIS,2020-11-16,20,-0.0046,0.3103,0.0385
DIS,2020-11-17,20,-0.0833,0.2245,0.053
DIS,2020-11-18,20,-0.0339,0.3409,0.0626
DIS,2020-11-19,20,0.0321,0.0997,0.1319
DIS,2020-11-20,20,-0.0576,0.2198,0.0712
DIS,2020-11-21,20,0.0086,0.2816,0.1027
DIS,2020-11-22,20,0.1894,0.2278,0.0807
DIS,2020-11-23,20,0.0951,0.1354,0.0506
DIS,2020-11-24,20,0.0453,0.2746,0.0472
DIS,2020-11-25,20,0.042,0.3234,0.0503
DIS,2020-11-26,20,-0.2073,0.1301,0.0244
DIS,2020-11-27,20,-0.0239,0.3203,0.0932
DIS,2020-11-28,20,0.0371,0.3651,0.115
DIS,2020-11-29,20,-0.0991,0.2388,0.0654
DIS,2020-11-30,20,0.1803,0.5405,0.1471
DIS,2020-12-01,20,-0.0514,0.4148,0.0308
DIS,2020-12-02,20,-0.1143,0.0148,0.046
DIS,2020-12-03,20,0.0601,0.5208,0.0929
DIS,2020-12-04,20,-0.0192,0.1085,0.075
DIS,2020-12-05,20,0.0759,0.2267,0.0982
DIS,2020-12-06,20,0.0964,0.3981,0.095
DIS,2020-12-07,20,-0.0287,0.0562,0.0391
DIS,2020-12-08,20,-0.0136,0.2507,0.0762
DIS,2020-12-09,20,0.1896,0.4044,0.0462
DIS,2020-12-10,20,0.1215,0.38,0.1569
DIS,2020-12-11,20,0.0892,0.3342,0.0873
DIS,2020-12-12,20,0.0115,0.2306,0.0591
DIS,2020-12-13,20,0.0097,0.3157,0.057
DIS,2020-12-14,20,-0.0784,0.1971,-0.0168
DIS,2020-12-15,20,0.0406,0.1856,0.0407
DIS,2020-12-16,20,0.1241,0.302,-0.0393
DIS,2020-12-17,20,0.1332,0.3068,0.0532
DIS,2020-12-18,20,0.1278,0.4079,0.0664
DIS,2020-12-19,20,-0.0386,0.1547,0.0183
DIS,2020-12-20,20,0.0454,0.1698,0.0672
DIS,2020-12-21,20,0.0907,0.2568,0.0656
DIS,2020-12-22,20,0.0243,0.2291,0.07
DIS,2020-12-23,20,-0.0267,0.3881,0.0848
DIS,2020-12-24,20,0.0039,0.2364,0.0671
DIS,2020-12-25,20,0.0296,0.1575,0.0586
DIS,2020-12-26,20,-0.0414,0.2342,-0.0153
DIS,2020-12-27,20,0.0633,0.2372,0.082
DIS,2020-12-28,20,0.091,0.4678,0.0604
DIS,2020-12-29,20,0.1296,0.4436,0.0574
DIS,2020-12-30,20,-0.0889,0.3392,0.07
DIS,2020-12-31,20,0.0654,0.4983,0.0486
DIS,2021-01-01,20,0.1157,0.2815,0.0144
DIS,2021-01-02,20,0.1002,0.3963,0.0992
DIS,2021-01-03,20,0.0452,0.2495,0.052
DIS,2021-01-04,20,0.1227,0.3811,0.1076
DIS,2021-01-05,20,0.0511,0.3954,0.1117
DIS,2021-01-06,20,0.1024,0.3042,0.0466
DIS,2021-01-07,20,0.0125,0.1957,0.0491
DIS,2021-01-08,20,0.0418,0.2475,0.0202
DIS,2021-01-09,20,0.0579,0.4058,0.0714
DIS,2021-01-10,20,0.059,0.3262,-0.0022
DIS,2021-01-11,20,0.0891,0.2077,0.0901
DIS,2021-01-12,20,0.1164,0.2848,0.0786
DIS,2021-01-13,20,-0.0407,0.1908,0.0922
DIS,2021-01-14,20,0.0782,0.2237,0.0624
DIS,2021-01-15,20,-0.0281,0.2788,0.049
DIS,2021-01-16,20,-0.0773,0.1881,0.0168
DIS,2021-01-17,20,0.0763,0.1971,0.0346
DIS,2021-01-18,20,-0.0445,0.277,0.0446
DIS,2021-01-19,20,-0.1008,0.1091,0.0384
DIS,2021-01-20,20,0.1306,0.4386,0.044
DIS,2021-01-21,20,0.1753,0.3318,0.1022
DIS,2021-01-22,20,0.1533,0.3637,0.1494
DIS,2021-01-23,20,0.1015,0.2799,0.0592
DIS,2021-01-24,20,0.1464,0.2822,0.0626
DIS,2021-01-25,20,0.1159,0.416,0.0727
DIS,2021-01-26,20,-0.0295,0.2867,-0.0142
DIS,2021-01-27,20,0.0714,0.3727,0.0561
DIS,2021-01-28,20,0.2203,0.274,0.1006
DIS,2021-01-29,20,-0.0276,0.3048,-0.0044
DIS,2021-01-30,20,0.0394,0.3939,0.0872
DIS,2021-01-31,20,-0.0798,0.3472,-0.041
DIS,2021-02-01,20,0.1405,0.2783,0.0579
DIS,2021-02-02,20,0.0571,0.1918,0.05
DIS,2021-02-03,20,0.041,0.2555,0.1168
DIS,2021-02-04,20,0.0865,0.4057,0.1063
DIS,2021-02-05,20,0.0695,0.363,0.1108
DIS,2021-02-06,20,0.0853,0.3274,0.1021
DIS,2021-02-07,20,0.0539,0.4273,0.0192
DIS,2021-02-08,20,0.1177,0.3436,0.0273
DIS,2021-02-09,20,0.0176,0.4626,0.0754
DIS,2021-02-10,20,0.019,0.2113,0.0384
DIS,2021-02-11,20,0.0418,0.2476,0.0163
DIS,2021-02-12,20,-0.0969,0.2073,0.0402
DIS,2021-02-13,20,0.1632,0.2222,0.1062
DIS,2021-02-14,20,0.1761,0.3929,0.0732
DIS,2021-02-15,20,0.0479,0.3675,0.0661
DIS,2021-02-16,20,-0.0045,0.3706,0.0225
DIS,2021-02-17,20,-0.0395,0.2916,0.0242
DIS,2021-02-18,20,-0.0928,0.1382,-0.0224
DIS,2021-02-19,20,0.0885,0.386,0.0532
DIS,2021-02-20,20,0.011,0.047,0.073
DIS,2021-02-21,20,-0.0157,0.3507,0.0407
DIS,2021-02-22,20,-0.1025,0.1159,0.072
DIS,2021-02-23,20,-0.0558,0.2568,0.0398
DIS,2021-02-24,20,0.0418,0.2006,0.0649
DIS,2021-02-25,20,0.1125,0.2462,0.0717
DIS,2021-02-26,20,0.0999,0.3585,0.0767
DIS,2021-02-27,20,-0.0769,0.157,0.0844
DIS,2021-02-28,20,0.0427,0.3301,0.0528
DIS,2021-03-01,20,0.1173,0.3446,0.0775
DIS,2021-03-02,20,0.0487,0.2518,0.0082
DIS,2021-03-03,20,-0.0598,0.2218,0.0712
DIS,2021-03-04,20,0.0695,0.2876,0.0033
DIS,2021-03-05,20,-0.0166,0.1953,0.0469
DIS,2021-03-06,20,0.124,0.3255,0.1062
DIS,2021-03-07,20,-0.105,0.4013,0.011
DIS,2021-03-08,20,0.1081,0.4036,0.0827
DIS,2021-03-09,20,0.038,0.2635,0.0895
DIS,2021-03-10,20,-0.0144,0.212,0.0235
DIS,2021-03-11,20,0.0432,0.3752,0.0566
DIS,2021-03-12,20,0.0371,0.3491,0.0849
DIS,2021-03-13,20,0.073,0.2904,0.0781
DIS,2021-03-14,20,-0.034,0.1591,-0.0223
DIS,2021-03-15,20,0.0071,0.4013,0.0104
DIS,2021-03-16,20,0.0581,0.4057,0.0548
DIS,2021-03-17,20,-0.026,0.2962,0.0547
DIS,2021-03-18,20,0.1314,0.2068,0.1154
DIS,2021-03-19,20,0.0691,0.3577,0.0269
DIS,2021-03-20,20,0.0238,0.169,0.0738
DIS,2021-03-21,20,0.0036,0.2167,0.1064
DIS,2021-03-22,20,0.0183,0.4258,0.0668
DIS,2021-03-23,20,-0.0585,0.3144,0.0224
DIS,2021-03-24,20,-0.1994,0.2781,0.0139
DIS,2021-03-25,20,0.017,0.4317,0.0874
DIS,2021-03-26,20,0.0975,0.2845,0.0032
DIS,2021-03-27,20,0.0505,0.2346,0.0514
DIS,2021-03-28,20,-0.0613,0.1926,0.0403
DIS,2021-03-29,20,0.0526,0.1363,0.0553
DIS,2021-03-30,20,-0.0266,0.3587,0.0815
DIS,2021-03-31,20,0.0736,0.2615,0.0862
DIS,2021-04-01,20,0.0443,0.2358,-0.0024
DIS,2021-04-02,20,0.0959,0.2735,0.0702
DIS,2021-04-03,20,0.0696,0.3046,0.0872
DIS,2021-04-04,20,0.0282,0.2193,0.0852
DIS,2021-04-05,20,0.1215,0.3163,0.0767
DIS,2021-04-06,20,0.0014,0.4936,0.0418
DIS,2021-04-07,20,-0.0076,0.2592,0.0141
DIS,2021-04-08,20,-0.1047,0.1972,-0.0754
DIS,2021-04-09,20,-0.0158,0.3495,0.0507
DIS,2021-04-10,20,-0.0427,0.263,0.0708
DIS,2021-04-11,20,0.0673,0.1702,0.0586
DIS,2021-04-12,20,0.0382,0.3289,0.0451
DIS,2021-04-13,20,-0.0385,0.0255,0.0368
DIS,2021-04-14,20,-0.0119,0.0589,0.0652
DIS,2021-04-15,20,-0.0222,0.2898,-0.0332
DIS,2021-04-16,20,0.0799,0.3205,0.0175
DIS,2021-04-17,20,0.0237,0.0683,0.071
DIS,2021-04-18,20,-0.0748,0.3073,0.0571
DIS,2021-04-19,20,-0.0764,0.3826,0.0158
DIS,2021-04-20,20,-0.198,0.1642,0.0622
DIS,2021-04-21,20,0.0048,0.2756,0.0678
DIS,2021-04-22,20,0.0375,0.3214,0.136
DIS,2021-04-23,20,0.1638,0.3465,0.0532
DIS,2021-04-24,20,-0.033,0.2015,0.0942
DIS,2021-04-25,20,0.0168,0.2428,0.101
DIS,2021-04-26,20,-0.0193,0.2321,0.0449
DIS,2021-04-27,20,0.0566,0.3398,0.0408
DIS,2021-04-28,20,0.0154,0.1624,0.0172
DIS,2021-04-29,20,-0.0612,0.2834,0.0687
DIS,2021-04-30,20,-0.0105,0.2423,0.0912
DIS,2021-05-01,20,0.0725,0.219,0.059
DIS,2021-05-02,20,0.1428,0.3004,0.0677
DIS,2021-05-03,20,-0.0108,0.3169,0.0449
DIS,2021-05-04,20,-0.1368,0.1832,0.0162
DIS,2021-05-05,20,0.0155,0.2861,0.0384
DIS,2021-05-06,20,-0.1021,0.2831,-0.0489
DIS,2021-05-07,20,-0.0792,0.3727,0.0281
DIS,2021-05-08,20,-0.0076,0.2091,0.0532
DIS,2021-05-09,20,0.1166,0.3572,0.0726
DIS,2021-05-10,20,-0.0658,0.3059,0.0185
DIS,2021-05-11,20,0.0495,0.1271,0.052
DIS,2021-05-12,20,-0.1595,0.217,-0.0498
DIS,2021-05-13,20,0.0745,0.2991,0.0941
DIS,2021-05-14,20,0.0159,0.0557,0.0632
DIS,2021-05-15,20,0.1049,0.1883,0.0329
DIS,2021-05-16,20,-0.1624,0.1485,0.0529
DIS,2021-05-17,20,-0.0261,0.2703,0.068
DIS,2021-05-18,20,0.1605,0.3842,0.1181
DIS,2021-05-19,20,-0.0406,0.2275,0.1252
DIS,2021-05-20,20,0.0173,0.366,0.0499
DIS,2021-05-21,20,0.0479,0.2374,0.0631
DIS,2021-05-22,20,0.0281,0.1497,0.0646
DIS,2021-05-23,20,-0.0517,0.162,0.0479
DIS,2021-05-24,20,0.0762,0.3496,0.0869
DIS,2021-05-25,20,0.0501,0.2989,0.0202
DIS,2021-05-26,20,0.0528,0.226,0.0298
DIS,2021-05-27,20,0.0113,0.4055,0.0918
DIS,2021-05-28,20,-0.0318,0.2096,-0.0349
DIS,2021-05-29,20,-0.0121,0.3224,0.0432
DIS,2021-05-30,20,0.0199,0.1026,0.0568
DIS,2021-05-31,20,-0.0599,0.2164,0.0734
DIS,2021-06-01,20,0.0645,0.1116,0.044
DIS,2021-06-02,20,-0.0069,0.0838,0.0316
DIS,2021-06-03,20,-0.0567,0.3281,0.0576
DIS,2021-06-04,20,-0.0705,0.1807,0.0263
DIS,2021-06-05,20,0.0191,0.4299,-0.0296
DIS,2021-06-06,20,0.007,0.324,0.016
DIS,2021-06-07,20,0.1113,0.3506,0.0477
DIS,2021-06-08,20,0.0179,0.4879,0.039
DIS,2021-06-09,20,0.1737,0.2869,0.0894
DIS,2021-06-10,20,-0.1289,0.1619,0.0551
DIS,2021-06-11,20,0.0347,0.3063,0.0329
DIS,2021-06-12,20,-0.0511,0.1242,0.1247
DIS,2021-06-13,20,0.0324,0.3428,0.0706
DIS,2021-06-14,20,0.1267,0.3405,0.0564
DIS,2021-06-15,20,-0.0134,0.3675,0.0524
DIS,2021-06-16,20,0.0042,0.3469,0.0504
DIS,2021-06-17,20,0.02,0.3901,0.0217
DIS,2021-06-18,20,0.1348,0.3718,0.0366
DIS,2021-06-19,20,-0.0526,0.2519,0.0258
DIS,2021-06-20,20,-0.0227,0.2795,0.0206
DIS,2021-06-21,20,-0.0048,0.296,0.0512
DIS,2021-06-22,20,0.0422,0.1731,0.0692
DIS,2021-06-23,20,-0.0896,0.0759,0.0394
DIS,2021-06-24,20,0.1902,0.4945,0.1028
DIS,2021-06-25,20,-0.0254,0.2848,0.0053
DIS,2021-06-26,20,0.0491,0.3512,0.0942
DIS,2021-06-27,20,0.1708,0.3093,0.0626
DIS,2021-06-28,20,0.0023,0.3019,0.1098
DIS,2021-06-29,20,-0.0111,0.369,0.0558
DIS,2021-06-30,20,0.0462,0.257,0.0707
DIS,2021-07-01,20,-0.0395,0.0675,-0.0191
DIS,2021-07-02,20,0.0702,0.1621,0.1114
DIS,2021-07-03,20,0.0209,0.3142,0.0861
DIS,2021-07-04,20,-0.0616,0.3759,0.04
DIS,2021-07-05,20,-0.0438,0.1247,0.0496
DIS,2021-07-06,20,-0.0357,0.3113,0.0064
DIS,2021-07-07,20,-0.0164,0.3445,0.1114
DIS,2021-07-08,20,-0.0251,0.326,0.0634
DIS,2021-07-09,20,0.0689,0.0257,0.0521
DIS,2021-07-10,20,-0.0487,0.3657,0.0584
DIS,2021-07-11,20,0.0862,0.2068,0.0444
DIS,2021-07-12,20,0.0744,0.3283,0.0372
DIS,2021-07-13,20,0.1557,0.4829,0.0966
DIS,2021-07-14,20,0.0303,0.2348,-0.0474
DIS,2021-07-15,20,-0.0074,0.2268,-0.0026
DIS,2021-07-16,20,-0.0338,0.2981,-0.0248
DIS,2021-07-17,20,-0.1138,0.0706,0.0404
DIS,2021-07-18,20,0.0015,0.2207,0.065
DIS,2021-07-19,20,-0.135,0.334,0.0346
DIS,2021-07-20,20,-0.0689,0.2171,0.0348
DIS,2021-07-21,20,-0.0464,0.1552,-0.0417
DIS,2021-07-22,20,-0.0693,0.1759,0.0662
DIS,2021-07-23,20,-0.0288,0.1328,0.0068
DIS,2021-07-24,20,0.016,0.4775,0.1336
DIS,2021-07-25,20,-0.0559,0.2416,0.0992
DIS,2021-07-26,20,0.0398,0.3341,0.0676
DIS,2021-07-27,20,-0.0012,0.4098,0.011
DIS,2021-07-28,20,-0.0761,0.0464,-0.0501
DIS,2021-07-29,20,0.0183,0.2708,0.0198
DIS,2021-07-30,20,-0.0847,0.005,-0.0011
DIS,2021-07-31,20,-0.0432,0.1208,0.0852
DIS,2021-08-01,20,-0.0397,0.1387,0.0643
DIS,2021-08-02,20,0.118,0.3336,0.0501
DIS,2021-08-03,20,-0.0328,0.0732,0.0141
DIS,2021-08-04,20,-0.0527,0.2535,0.0228
DIS,2021-08-05,20,0.0322,0.325,0.1263
DIS,2021-08-06,20,0.0187,0.312,0.0577
DIS,2021-08-07,20,0.0362,0.1308,0.0353
DIS,2021-08-08,20,0.0618,0.2673,0.0614
DIS,2021-08-09,20,-0.0366,0.1848,0.0556
DIS,2021-08-10,20,0.003,0.2462,0.023
DIS,2021-08-11,20,0.0014,0.2058,0.0288
DIS,2021-08-12,20,0.0599,0.3892,0.1185
DIS,2021-08-13,20,-0.065,0.353,0.0271
DIS,2021-08-14,20,0.0941,0.1535,0.1084
DIS,2021-08-15,20,0.0557,0.2868,0.0562
DIS,2021-08-16,20,-0.1052,0.1409,0.0724
DIS,2021-08-17,20,0.0291,0.3447,0.0778
DIS,2021-08-18,20,-0.0429,0.2003,0.0206
DIS,2021-08-19,20,-0.0399,0.1871,0.0113
DIS,2021-08-20,20,0.011,0.2415,0.118
DIS,2021-08-21,20,0.1085,0.3205,0.1434
DIS,2021-08-22,20,0.0169,0.2347,0.0648
DIS,2021-08-23,20,-0.0393,0.1711,0.0507
DIS,2021-08-24,20,-0.0199,0.2704,0.0453
DIS,2021-08-25,20,-0.0746,0.1895,0.0607
DIS,2021-08-26,20,-0.0805,0.2895,0.0334
DIS,2021-08-27,20,0.0318,0.1722,0.0822
DIS,2021-08-28,20,0.0724,0.1657,0.0308
DIS,2021-08-29,20,0.096,0.3125,0.0878
DIS,2021-08-30,20,0.0078,0.2758,0.1794
DIS,2021-08-31,20,0.0107,0.2118,0.1058
DIS,2021-09-01,20,-0.0366,0.0784,0.0277
DIS,2021-09-02,20,-0.1055,0.3061,-0.063
DIS,2021-09-03,20,-0.0572,0.3453,-0.0052
DIS,2021-09-04,20,-0.0491,0.0205,0.0312
DIS,2021-09-05,20,0.0067,0.2268,0.0627
DIS,2021-09-06,20,-0.0973,0.1362,-0.0187
DIS,2021-09-07,20,0.0899,0.4273,0.0044
DIS,2021-09-08,20,0.0517,0.3549,0.054
DIS,2021-09-09,20,-0.0361,0.1694,0.036
DIS,2021-09-10,20,-0.0203,0.2978,0.067
DIS,2021-09-11,20,-0.061,0.1267,0.034
DIS,2021-09-12,20,0.138,0.09,0.0684
DIS,2021-09-13,20,-0.0165,0.1284,0.0222
DIS,2021-09-14,20,-0.0286,0.0863,0.0798
DIS,2021-09-15,20,-0.0347,0.166,0.0581
DIS,2021-09-16,20,-0.0155,0.0038,0.036
DIS,2021-09-17,20,-0.1176,0.2085,0.0746
DIS,2021-09-18,20,-0.0018,0.1033,0.0982
DIS,2021-09-19,20,-0.0274,0.1455,0.0548
DIS,2021-09-20,20,-0.0593,0.1902,0.1069
DIS,2021-09-21,20,-0.1488,0.0968,0.0039
DIS,2021-09-22,20,0.1181,0.1289,0.1604
DIS,2021-09-23,20,0.0821,0.1485,0.0086
DIS,2021-09-24,20,-0.0513,0.2378,0.0093
DIS,2021-09-25,20,-0.0465,0.1166,0.1325
DIS,2021-09-26,20,-0.0023,0.1381,0.0819
DIS,2021-09-27,20,0.0871,0.2689,0.1252
DIS,2021-09-28,20,-0.0397,0.1975,0.0458
DIS,2021-09-29,20,-0.011,0.27,-0.044
DIS,2021-09-30,20,-0.0946,0.1909,-0.0312
DIS,2021-10-01,20,-0.0779,-0.0082,0.0722
DIS,2021-10-02,20,0.0411,0.164,0.0985
DIS,2021-10-03,20,0.1672,0.192,0.1082
DIS,2021-10-04,20,0.042,0.0909,0.0329
DIS,2021-10-05,20,-0.0598,0.0971,0.0596
DIS,2021-10-06,20,-0.09,0.0546,0.0313
DIS,2021-10-07,20,0.041,0.1269,0.0897
DIS,2021-10-08,20,-0.0287,0.1227,0.063
DIS,2021-10-09,20,0.1036,0.1732,0.0452
DIS,2021-10-10,20,-0.0548,0.0907,0.0676
DIS,2021-10-11,20,-0.0637,0.0875,0.0141
DIS,2021-10-12,20,-0.0584,0.1942,0.0502
DIS,2021-10-13,20,0.053,0.2424,0.0711
DIS,2021-10-14,20,-0.0619,0.08,0.0003
DIS,2021-10-15,20,-0.0879,0.2599,-0.0365
DIS,2021-10-16,20,0.1043,0.0641,0.0584
DIS,2021-10-17,20,0.1282,0.2704,0.054
DIS,2021-10-18,20,-0.0665,0.2413,0.015
DIS,2021-10-19,20,0.0357,0.3621,0.074
DIS,2021-10-20,20,-0.0052,0.0084,0.0865
DIS,2021-10-21,20,0.0091,0.2897,0.0188
DIS,2021-10-22,20,-0.0257,0.2597,-0.0454
DIS,2021-10-23,20,0.0781,0.1958,0.0104
DIS,2021-10-24,20,-0.0186,0.2564,0.083
DIS,2021-10-25,20,0.0631,0.5221,0.1008
DIS,2021-10-26,20,0.0379,0.2456,0.1699
DIS,2021-10-27,20,-0.0091,0.2331,0.0198
DIS,2021-10-28,20,-0.0216,-0.0918,0.024
DIS,2021-10-29,20,-0.0514,0.1387,-0.0013
DIS,2021-10-30,20,0.1062,0.1693,0.078
DIS,2021-10-31,20,0.1284,0.4142,0.1231
DIS,2021-11-01,20,0.0646,0.4521,0.0322
DIS,2021-11-02,20,-0.0067,0.0619,0.0846
DIS,2021-11-03,20,-0.0155,0.3087,0.087
DIS,2021-11-04,20,-0.1379,0.0432,0.028
DIS,2021-11-05,20,-0.0901,0.1913,0.0562
DIS,2021-11-06,20,-0.0267,0.1251,0.055
DIS,2021-11-07,20,0.0,0.3479,0.0372
DIS,2021-11-08,20,0.0928,0.2874,0.1092
DIS,2021-11-09,20,-0.0675,0.2306,0.0823
DIS,2021-11-10,20,0.0608,0.2891,0.0093
DIS,2021-11-11,20,-0.0713,-0.0393,0.0226
DIS,2021-11-12,20,0.0453,0.4017,0.0173
DIS,2021-11-13,20,-0.0473,0.153,-0.0013
DIS,2021-11-14,20,-0.0435,0.0019,0.0656
DIS,2021-11-15,20,0.0454,0.3072,0.0833
DIS,2021-11-16,20,-0.0939,0.2484,-0.0144
DIS,2021-11-17,20,-0.1422,0.2068,-0.0358
DIS,2021-11-18,20,-0.0653,0.0033,0.004
DIS,2021-11-19,20,-0.0524,0.3727,-0.0199
DIS,2021-11-20,20,-0.0312,0.088,0.0426
DIS,2021-11-21,20,0.0474,0.3883,0.0387
DIS,2021-11-22,20,0.009,0.491,0.052
DIS,2021-11-23,20,-0.0924,0.1263,-0.0131
DIS,2021-11-24,20,-0.0968,0.0356,-0.0003
DIS,2021-11-25,20,-0.0472,0.1774,0.0711
DIS,2021-11-26,20,-0.0093,0.2876,0.0523
DIS,2021-11-27,20,-0.1292,0.0382,-0.0112
DIS,2021-11-28,20,-0.072,0.1576,0.0655
DIS,2021-11-29,20,-0.0279,0.3427,0.0665
DIS,2021-11-30,20,-0.2312,-0.1052,-0.0074
DIS,2021-12-01,20,-0.0077,0.2579,0.0226
DIS,2021-12-02,20,0.0343,0.3456,-0.0135
DIS,2021-12-03,20,-0.0409,0.2158,0.0364
DIS,2021-12-04,20,-0.1234,0.2426,0.0415
DIS,2021-12-05,20,0.0755,0.1289,0.076
DIS,2021-12-06,20,0.0089,0.0992,-0.0558
DIS,2021-12-07,20,-0.0852,0.0323,-0.0426
DIS,2021-12-08,20,0.1812,0.5971,0.031
DIS,2021-12-09,20,-0.0537,0.295,0.0402
DIS,2021-12-10,20,-0.0581,0.2459,0.05
DIS,2021-12-11,20,0.0004,0.109,-0.035
DIS,2021-12-12,20,0.0271,0.0846,0.0418
DIS,2021-12-13,20,-0.013,0.1328,0.065
DIS,2021-12-14,20,-0.063,0.3871,0.038
DIS,2021-12-15,20,-0.0972,0.3199,0.0236
DIS,2021-12-16,20,-0.0258,0.2549,0.0901
DIS,2021-12-17,20,0.0325,0.2166,-0.0084
DIS,2021-12-18,20,0.032,0.1902,0.0178
DIS,2021-12-19,20,0.0473,0.1738,0.0444
DIS,2021-12-20,20,-0.0165,0.1474,0.0205
DIS,2021-12-21,20,0.0815,0.029,0.0632
DIS,2021-12-22,20,0.1665,0.069,0.0711
DIS,2021-12-23,20,-0.0466,0.1684,0.082
DIS,2021-12-24,20,0.0373,0.1782,0.0872
DIS,2021-12-25,20,0.0338,0.0544,0.0354
DIS,2021-12-26,20,-0.0151,0.3656,0.0036
DIS,2021-12-27,20,0.0233,0.212,0.0268
DIS,2021-12-28,20,0.0082,0.3034,-0.0071
DIS,2021-12-29,20,0.0452,0.2273,0.0481
DIS,2021-12-30,20,-0.0713,0.0801,0.0691
DIS,2021-12-31,20,0.0059,0.0969,0.0357
DIS,2022-01-01,20,-0.0305,0.2923,0.0193
DIS,2022-01-02,20,0.1665,0.2859,0.0372
DIS,2022-01-03,20,-0.0218,0.09,0.0493
DIS,2022-01-04,20,-0.0324,0.2327,0.0671
DIS,2022-01-05,20,0.0604,0.2993,0.0774
DIS,2022-01-06,20,-0.0048,0.2344,0.0151
DIS,2022-01-07,20,0.0718,0.3363,0.0047
DIS,2022-01-08,20,0.0648,0.2498,0.0613
DIS,2022-01-09,20,0.0762,0.3257,0.0805
DIS,2022-01-10,20,-0.0224,0.033,0.0706
DIS,2022-01-11,20,0.0421,0.2566,0.0178
DIS,2022-01-12,20,-0.0864,0.0364,0.0097
DIS,2022-01-13,20,-0.006,0.124,0.0259
DIS,2022-01-14,20,-0.0446,0.309,0.0422
DIS,2022-01-15,20,0.0027,0.1653,-0.0125
DIS,2022-01-16,20,-0.1259,-0.0173,0.0668
DIS,2022-01-17,20,0.006,0.2783,0.0782
DIS,2022-01-18,20,0.0074,0.4033,0.0782
DIS,2022-01-19,20,-0.0269,0.2202,0.0244
DIS,2022-01-20,20,-0.0793,0.0913,-0.0588
DIS,2022-01-21,20,-0.222,0.1677,0.0366
DIS,2022-01-22,20,-0.0916,0.136,0.0311
DIS,2022-01-23,20,-0.2039,0.4002,-0.0059
DIS,2022-01-24,20,-0.0749,0.1288,-0.0057
DIS,2022-01-25,20,-0.0351,0.0523,-0.0023
DIS,2022-01-26,20,-0.0829,0.1418,0.0662
DIS,2022-01-27,20,-0.0309,0.0767,0.0425
DIS,2022-01-28,20,0.0167,0.2297,0.0322
DIS,2022-01-29,20,0.071,0.2089,0.036
DIS,2022-01-30,20,0.0678,0.1127,0.0291
DIS,2022-01-31,20,0.0536,0.184,0.066
DIS,2022-02-01,20,0.0508,0.2092,0.0176
DIS,2022-02-02,20,-0.0194,0.3851,0.015
DIS,2022-02-03,20,-0.0838,0.295,0.05
DIS,2022-02-04,20,-0.1253,0.3587,0.0098
DIS,2022-02-05,20,-0.0599,0.0664,0.0344
DIS,2022-02-06,20,0.0404,0.2995,0.0542
DIS,2022-02-07,20,0.0804,0.4299,0.0285
DIS,2022-02-08,20,-0.1098,0.1965,0.063
DIS,2022-02-09,20,-0.0912,-0.0358,0.1108
DIS,2022-02-10,20,0.0174,0.439,-0.0002
DIS,2022-02-11,20,0.0821,0.2602,0.0516
DIS,2022-02-12,20,-0.0158,0.0891,0.0965
DIS,2022-02-13,20,-0.0258,0.2835,0.1123
DIS,2022-02-14,20,0.0388,0.282,0.0198
DIS,2022-02-15,20,-0.0137,0.3076,0.0384
DIS,2022-02-16,20,-0.0126,0.3591,0.0331
DIS,2022-02-17,20,0.0613,0.2769,0.095
DIS,2022-02-18,20,-0.0635,0.213,0.0514
DIS,2022-02-19,20,0.0522,0.3369,0.0525
DIS,2022-02-20,20,-0.0639,0.2904,0.0374
DIS,2022-02-21,20,-0.01,0.3654,0.0317
DIS,2022-02-22,20,0.0302,0.3622,0.0448
DIS,2022-02-23,20,-0.1029,0.2099,0.0409
DIS,2022-02-24,20,-0.0128,0.3778,0.0582
DIS,2022-02-25,20,-0.0669,0.2257,0.013
DIS,2022-02-26,20,0.0589,0.1994,0.039
DIS,2022-02-27,20,-0.0671,0.1326,-0.0413
DIS,2022-02-28,20,-0.0796,0.2477,-0.0654
DIS,2022-03-01,20,-0.0996,0.1468,-0.036
DIS,2022-03-02,20,0.0023,0.0754,0.0202
DIS,2022-03-03,20,-0.1201,0.2697,-0.0432
DIS,2022-03-04,20,0.009,0.1582,0.0157
DIS,2022-03-05,20,0.0302,0.2326,0.08
DIS,2022-03-06,20,-0.0912,0.0359,0.0163
DIS,2022-03-07,20,-0.1442,0.186,0.0187
DIS,2022-03-08,20,-0.0959,0.2112,-0.0237
DIS,2022-03-09,20,-0.0877,0.2305,-0.0418
DIS,2022-03-10,20,-0.2229,0.1114,-0.0436
DIS,2022-03-11,20,-0.0999,0.2122,-0.0342
DIS,2022-03-12,20,-0.0417,0.171,0.1072
DIS,2022-03-13,20,-0.0579,0.1465,0.0362
DIS,2022-03-14,20,-0.199,0.1748,0.023
DIS,2022-03-15,20,-0.0742,0.1533,0.0239
DIS,2022-03-16,20,0.0121,0.2233,0.0468
DIS,2022-03-17,20,0.0363,0.2268,-0.0189
DIS,2022-03-18,20,-0.1022,0.286,0.069
DIS,2022-03-19,20,0.102,0.3155,0.0479
DIS,2022-03-20,20,-0.1694,0.1754,-0.0212
DIS,2022-03-21,20,-0.1419,0.2758,-0.019
DIS,2022-03-22,20,-0.0561,0.121,0.017
DIS,2022-03-23,20,-0.0753,0.2489,0.0741
DIS,2022-03-24,20,-0.1637,-0.0308,-0.0479
DIS,2022-03-25,20,-0.0328,0.1225,0.0243
DIS,2022-03-26,20,-0.1029,0.2523,0.0714
DIS,2022-03-27,20,-0.0421,0.1378,0.0518
DIS,2022-03-28,20,-0.1097,0.2164,-0.0042
DIS,2022-03-29,20,-0.0342,0.3705,0.0442
DIS,2022-03-30,20,-0.094,0.1252,0.0004
DIS,2022-03-31,20,-0.2551,0.0706,-0.0235
DIS,2022-04-01,20,-0.0996,0.1892,-0.0192
DIS,2022-04-02,20,-0.1665,0.1058,0.0485
DIS,2022-04-03,20,-0.182,0.0508,0.0048
DIS,2022-04-04,20,-0.1557,0.3415,-0.0567
DIS,2022-04-05,20,-0.0592,0.155,-0.0455
DIS,2022-04-06,20,-0.1114,0.2408,-0.0353
DIS,2022-04-07,20,-0.0845,0.1688,0.0331
DIS,2022-04-08,20,-0.1403,0.068,0.0316
DIS,2022-04-09,20,-0.1368,0.1182,0.0109
DIS,2022-04-10,20,-0.1413,0.1693,0.0896
DIS,2022-04-11,20,-0.1245,0.1178,0.0193
DIS,2022-04-12,20,-0.0245,0.2514,0.0354
DIS,2022-04-13,20,0.0066,0.3287,0.0702
DIS,2022-04-14,20,-0.058,0.322,0.0752
DIS,2022-04-15,20,-0.0875,0.2868,0.0048
DIS,2022-04-16,20,-0.1309,0.1527,0.0156
DIS,2022-04-17,20,-0.0885,0.0688,0.0299
DIS,2022-04-18,20,-0.1323,0.2207,0.0496
DIS,2022-04-19,20,-0.017,0.1879,0.0842
DIS,2022-04-20,20,-0.1042,0.167,0.0532
DIS,2022-04-21,20,-0.1121,0.1598,0.0334
DIS,2022-04-22,20,-0.1266,0.1824,-0.0614
DIS,2022-04-23,20,-0.2276,0.0776,-0.0676
DIS,2022-04-24,20,-0.0133,0.1248,0.004
DIS,2022-04-25,20,-0.1221,0.3991,-0.0274
DIS,2022-04-26,20,-0.1212,0.204,0.0379
DIS,2022-04-27,20,0.0251,0.214,0.109
DIS,2022-04-28,20,-0.0948,0.276,0.0677
DIS,2022-04-29,20,0.0445,0.288,0.0324
DIS,2022-04-30,20,-0.1496,0.2587,-0.0474
DIS,2022-05-01,20,-0.2659,-0.0289,-0.0631
DIS,2022-05-02,20,-0.2449,0.1297,-0.023
DIS,2022-05-03,20,-0.0999,0.2468,-0.0028
DIS,2022-05-04,20,-0.1758,0.2541,-0.01
DIS,2022-05-05,20,0.0092,0.337,0.0854
DIS,2022-05-06,20,-0.2041,0.1186,0.0203
DIS,2022-05-07,20,0.048,0.2777,0.0482
DIS,2022-05-08,20,-0.0921,0.2437,-0.0166
DIS,2022-05-09,20,-0.0225,0.1194,0.0223
DIS,2022-05-10,20,0.0338,0.2791,0.0596
DIS,2022-05-11,20,-0.0639,0.3036,0.0114
DIS,2022-05-12,20,-0.0792,0.3046,0.0538
DIS,2022-05-13,20,-0.0797,0.2529,0.0377
DIS,2022-05-14,20,-0.048,0.1842,-0.0125
DIS,2022-05-15,20,-0.1984,0.2073,0.0331
DIS,2022-05-16,20,-0.1241,-0.1194,0.0204
DIS,2022-05-17,20,-0.0071,0.3064,0.0692
DIS,2022-05-18,20,-0.0331,0.1872,0.1398
DIS,2022-05-19,20,-0.0424,0.3026,-0.0414
DIS,2022-05-20,20,-0.0946,0.1071,0.0558
DIS,2022-05-21,20,0.0349,0.3024,0.0957
DIS,2022-05-22,20,-0.1057,0.0948,0.0476
DIS,2022-05-23,20,-0.0908,0.1912,0.0111
DIS,2022-05-24,20,-0.0696,0.0404,0.0417
DIS,2022-05-25,20,-0.1629,0.0077,-0.0437
DIS,2022-05-26,20,-0.2075,0.1229,-0.0081
DIS,2022-05-27,20,-0.0244,0.2894,0.0189
DIS,2022-05-28,20,0.0822,0.2421,0.0555
DIS,2022-05-29,20,-0.02,0.1472,0.0602
DIS,2022-05-30,20,0.0884,0.3743,0.0842
DIS,2022-05-31,20,0.0055,0.1131,0.0932
DIS,2022-06-01,20,-0.0288,0.0873,0.0416
DIS,2022-06-02,20,0.0075,0.2096,0.0852
DIS,2022-06-03,20,-0.0858,0.1708,0.0112
DIS,2022-06-04,20,-0.0161,0.1887,0.0208
DIS,2022-06-05,20,-0.0802,0.0606,0.069
DIS,2022-06-06,20,-0.0709,0.303,0.0775
DIS,2022-06-07,20,-0.0752,0.1155,0.0602
DIS,2022-06-08,20,-0.0966,0.1383,0.0463
DIS,2022-06-09,20,-0.1028,0.1572,-0.0478
DIS,2022-06-10,20,-0.2455,0.2366,0.0002
DIS,2022-06-11,20,0.0082,0.0764,-0.0042
DIS,2022-06-12,20,-0.2922,0.1151,-0.0362
DIS,2022-06-13,20,-0.0678,0.1792,0.0967
DIS,2022-06-14,20,-0.0235,0.0315,-0.0598
DIS,2022-06-15,20,0.0403,0.1466,0.0714
DIS,2022-06-16,20,-0.088,0.1159,0.0133
DIS,2022-06-17,20,-0.1543,0.3852,-0.0909
DIS,2022-06-18,20,-0.2153,0.1634,-0.0181
DIS,2022-06-19,20,-0.1154,0.2456,0.0384
DIS,2022-06-20,20,-0.1081,0.3283,0.0288
DIS,2022-06-21,20,-0.3033,0.1671,-0.0131
DIS,2022-06-22,20,-0.0629,0.307,-0.0182
DIS,2022-06-23,20,-0.0359,0.0403,0.0302
DIS,2022-06-24,20,-0.057,0.2825,0.0058
DIS,2022-06-25,20,-0.1712,0.0539,0.0533
DIS,2022-06-26,20,-0.1096,0.1158,0.0016
DIS,2022-06-27,20,-0.1192,0.12,0.0478
DIS,2022-06-28,20,0.0376,0.3277,0.0119
DIS,2022-06-29,20,-0.025,0.2369,0.0748
DIS,2022-06-30,20,0.0291,0.1772,0.0422
DIS,2022-07-01,20,-0.206,0.2473,-0.0021
DIS,2022-07-02,20,-0.2213,0.1649,-0.0326
DIS,2022-07-03,20,-0.1806,-0.0636,0.0452
DIS,2022-07-04,20,-0.0071,0.2185,0.0875
DIS,2022-07-05,20,-0.1213,0.3424,0.0947
DIS,2022-07-06,20,-0.0623,0.1449,0.0114
DIS,2022-07-07,20,-0.0429,0.3479,-0.0128
DIS,2022-07-08,20,-0.1186,0.1032,-0.0079
DIS,2022-07-09,20,-0.0939,0.1806,-0.042
DIS,2022-07-10,20,0.0967,0.1946,0.1096
DIS,2022-07-11,20,-0.1215,0.1196,0.0434
DIS,2022-07-12,20,-0.1168,0.2213,0.017
DIS,2022-07-13,20,-0.0181,0.2275,0.0303
DIS,2022-07-14,20,0.0076,0.2261,0.0875
DIS,2022-07-15,20,-0.0607,0.1014,0.0686
DIS,2022-07-16,20,0.0322,0.2475,0.0446
DIS,2022-07-17,20,0.0985,0.4058,0.0281
DIS,2022-07-18,20,-0.0105,0.1498,0.0696
DIS,2022-07-19,20,0.0301,0.0578,0.1072
DIS,2022-07-20,20,-0.0002,0.3006,0.0315
DIS,2022-07-21,20,-0.0346,0.1311,0.0733
DIS,2022-07-22,20,-0.0588,0.1482,-0.0125
DIS,2022-07-23,20,-0.1285,0.0813,0.0818
DIS,2022-07-24,20,0.0192,0.2542,0.0616
DIS,2022-07-25,20,-0.0256,0.2541,0.0612
DIS,2022-07-26,20,-0.1347,0.3439,0.046
DIS,2022-07-27,20,-0.1657,0.1517,0.0386
DIS,2022-07-28,20,0.0079,0.2067,-0.0006
DIS,2022-07-29,20,-0.0129,0.1462,0.0571
DIS,2022-07-30,20,-0.1151,0.1014,-0.0014
DIS,2022-07-31,20,-0.0502,0.0752,0.0149
DIS,2022-08-01,20,0.0041,0.2104,0.0488
DIS,2022-08-02,20,0.1606,0.1572,0.0603
DIS,2022-08-03,20,-0.072,0.2764,0.0383
DIS,2022-08-04,20,0.0054,0.3549,0.0542
DIS,2022-08-05,20,-0.048,0.3088,-0.0073
DIS,2022-08-06,20,0.0489,0.2751,0.0552
DIS,2022-08-07,20,-0.0223,0.1995,0.0216
DIS,2022-08-08,20,-0.0114,0.0671,0.0275
DIS,2022-08-09,20,-0.0937,0.1462,-0.0145
DIS,2022-08-10,20,-0.1366,0.2946,0.0328
DIS,2022-08-11,20,0.0573,0.2398,0.0295
DIS,2022-08-12,20,0.1103,0.2023,0.051
DIS,2022-08-13,20,0.0235,0.1244,0.0464
DIS,2022-08-14,20,0.0494,0.3089,0.103
DIS,2022-08-15,20,0.1231,0.3649,0.0226
DIS,2022-08-16,20,-0.0641,0.2464,0.029
DIS,2022-08-17,20,0.0407,0.4706,0.0372
DIS,2022-08-18,20,-0.0682,0.2395,0.0656
DIS,2022-08-19,20,-0.0752,0.2398,0.0729
DIS,2022-08-20,20,0.1609,0.2138,0.0952
DIS,2022-08-21,20,0.0029,0.1907,0.0741
DIS,2022-08-22,20,-0.1653,0.0268,0.0744
DIS,2022-08-23,20,-0.0656,0.2287,0.017
DIS,2022-08-24,20,-0.0778,0.2739,0.0274
DIS,2022-08-25,20,-0.1698,0.0573,-0.0142
DIS,2022-08-26,20,-0.0369,0.0758,0.0182
DIS,2022-08-27,20,0.007,0.2729,-0.0354
DIS,2022-08-28,20,-0.1059,0.0301,0.0046
DIS,2022-08-29,20,-0.1109,0.1427,0.0506
DIS,2022-08-30,20,0.0471,0.1868,0.0672
DIS,2022-08-31,20,0.004,0.2997,0.0948
DIS,2022-09-01,20,0.0135,0.2832,0.0565
DIS,2022-09-02,20,-0.0124,0.173,0.0608
DIS,2022-09-03,20,-0.1346,0.0988,0.0125
DIS,2022-09-04,20,0.0035,0.0942,0.0414
DIS,2022-09-05,20,-0.0345,0.1963,0.0834
DIS,2022-09-06,20,-0.0146,0.3008,0.0581
DIS,2022-09-07,20,-0.1101,0.2687,0.0252
DIS,2022-09-08,20,0.0339,0.2597,0.0621
DIS,2022-09-09,20,0.0189,0.1401,0.0332
DIS,2022-09-10,20,-0.1017,0.1348,0.0039
DIS,2022-09-11,20,0.0221,0.2087,0.0161
DIS,2022-09-12,20,-0.0461,0.3441,0.0356
DIS,2022-09-13,20,0.0566,0.4155,0.1283
DIS,2022-09-14,20,-0.0751,0.2182,0.0572
DIS,2022-09-15,20,-0.0365,0.2145,0.0231
DIS,2022-09-16,20,-0.0005,0.2444,0.0256
DIS,2022-09-17,20,0.1105,0.266,0.0955
DIS,2022-09-18,20,-0.2321,-0.0004,0.0264
DIS,2022-09-19,20,0.0048,0.1569,-0.0254
DIS,2022-09-20,20,-0.0209,0.3441,0.006
DIS,2022-09-21,20,-0.0287,0.2314,-0.0225
DIS,2022-09-22,20,-0.1327,0.2003,0.004
DIS,2022-09-23,20,-0.1572,0.0439,0.0231
DIS,2022-09-24,20,-0.1472,0.0228,-0.0045
DIS,2022-09-25,20,-0.1135,0.1927,-0.0246
DIS,2022-09-26,20,-0.3261,0.0153,0.0079
DIS,2022-09-27,20,-0.1119,0.1748,0.0238
DIS,2022-09-28,20,0.0367,0.1001,0.0266
DIS,2022-09-29,20,-0.0589,0.2429,-0.0015
DIS,2022-09-30,20,-0.1974,0.0774,-0.0475
DIS,2022-10-01,20,-0.0078,0.247,-0.0417
DIS,2022-10-02,20,-0.1421,0.1008,0.0226
DIS,2022-10-03,20,-0.015,0.099,0.084
DIS,2022-10-04,20,-0.0494,0.1041,0.0172
DIS,2022-10-05,20,0.0292,0.2236,0.0948
DIS,2022-10-06,20,0.0554,0.253,0.0877
DIS,2022-10-07,20,-0.2004,0.2911,0.0039
DIS,2022-10-08,18,-0.1337,0.1754,-0.0471
DIS,2022-10-09,20,-0.0209,0.1326,0.0424
DIS,2022-10-10,20,-0.0119,-0.0091,0.047
DIS,2022-10-11,20,-0.1793,0.1413,0.0352
DIS,2022-10-12,20,-0.0918,0.0173,0.0542
DIS,2022-10-13,20,0.0226,0.4388,0.014
DIS,2022-10-14,20,-0.0219,0.4225,0.0082
DIS,2022-10-15,20,0.0041,0.2201,0.0114
DIS,2022-10-16,19,-0.1586,0.2096,0.0826
DIS,2022-10-17,20,-0.1029,0.0332,0.008
DIS,2022-10-18,20,0.074,0.4318,0.0605
DIS,2022-10-19,20,0.0143,0.3229,0.0942
DIS,2022-10-20,20,-0.0323,0.2046,0.1171
DIS,2022-10-21,20,-0.0103,0.5029,0.0414
DIS,2022-10-22,20,0.1061,0.34,0.0726
DIS,2022-10-23,16,0.135,0.328,0.0348
DIS,2022-10-24,20,-0.0904,0.2289,0.0119
DIS,2022-10-25,20,-0.001,0.15,0.049
DIS,2022-10-26,20,-0.0146,0.2498,0.0062
DIS,2022-10-27,20,0.001,0.169,0.0378
DIS,2022-10-28,20,0.0207,0.1231,0.0164
DIS,2022-10-29,20,0.0799,0.2259,0.062
DIS,2022-10-30,20,-0.044,0.3184,0.05
DIS,2022-10-31,20,-0.1069,0.1913,0.0736
DIS,2022-11-01,20,-0.0759,0.4029,0.0116
DIS,2022-11-02,20,-0.0664,0.289,0.1208
DIS,2022-11-03,20,-0.1408,0.1802,0.1159
DIS,2022-11-04,20,-0.1017,0.2039,-0.0142
DIS,2022-11-05,20,0.165,0.4171,0.0617
DIS,2022-11-06,20,0.0243,0.2914,0.0826
DIS,2022-11-07,20,-0.0062,0.3522,0.0247
DIS,2022-11-08,20,0.0366,0.1836,0.04
DIS,2022-11-09,20,0.0946,0.3822,0.0986
DIS,2022-11-10,20,-0.0209,0.1714,0.0612
DIS,2022-11-11,20,-0.1061,0.1614,0.0318
DIS,2022-11-12,20,-0.0667,0.2915,0.0812
DIS,2022-11-13,20,0.0083,0.1856,0.0262
DIS,2022-11-14,20,-0.179,-0.0364,0.0011
DIS,2022-11-15,20,-0.0058,0.1234,0.0576
DIS,2022-11-16,20,-0.0862,0.1804,-0.0475
DIS,2022-11-17,20,-0.0495,0.1447,0.0301
DIS,2022-11-18,20,-0.0854,0.2664,0.0617
DIS,2022-11-19,20,-0.2265,0.0804,0.0307
DIS,2022-11-20,20,-0.0931,0.0787,-0.0262
DIS,2022-11-21,20,0.0399,0.1185,0.0925
DIS,2022-11-22,20,-0.1265,0.2372,0.0059
DIS,2022-11-23,20,0.0751,0.3988,0.039
DIS,2022-11-24,20,0.0544,0.2941,0.0414
DIS,2022-11-25,20,-0.0928,0.2862,0.0873
DIS,2022-11-26,20,-0.1869,0.1072,-0.0073
DIS,2022-11-27,20,-0.2806,0.0027,-0.0107
DIS,2022-11-28,20,-0.1491,0.0724,-0.0052
DIS,2022-11-29,20,-0.0223,0.3075,0.029
DIS,2022-11-30,20,-0.0428,0.0883,-0.0026
DIS,2022-12-01,20,-0.1076,0.0621,-0.0401
DIS,2022-12-02,20,-0.1166,0.2589,0.0463
DIS,2022-12-03,20,-0.041,0.2453,0.04
DIS,2022-12-04,20,-0.0936,0.1419,0.0615
DIS,2022-12-05,20,-0.152,0.1821,-0.0528
DIS,2022-12-06,20,0.0047,0.3433,0.0426
DIS,2022-12-07,20,-0.0894,0.1985,0.0622
DIS,2022-12-08,20,-0.0028,0.2558,0.027
DIS,2022-12-09,20,-0.0186,0.2964,0.0154
DIS,2022-12-10,20,-0.0565,0.1865,0.0413
DIS,2022-12-11,20,-0.0187,0.3662,0.082
DIS,2022-12-12,20,-0.1288,-0.0005,0.0662
DIS,2022-12-13,20,-0.0638,0.1648,0.0563
DIS,2022-12-14,20,0.0068,0.1863,0.0211
DIS,2022-12-15,20,-0.158,0.0854,-0.001
DIS,2022-12-16,20,0.0304,0.3607,0.0436
DIS,2022-12-17,20,0.0162,0.2219,0.123
DIS,2022-12-18,20,0.0777,0.1599,0.0214
DIS,2022-12-19,20,-0.0414,0.3239,0.0061
DIS,2022-12-20,20,-0.2243,0.0708,-0.0389
DIS,2022-12-21,20,0.1507,0.3399,0.1405
DIS,2022-12-22,20,-0.0105,0.2985,0.0648
DIS,2022-12-23,20,0.2003,0.4172,0.0092
DIS,2022-12-24,20,-0.0829,0.1221,0.0337
DIS,2022-12-25,20,0.0325,0.1324,0.0253
DIS,2022-12-26,20,0.0665,0.2969,0.0136
DIS,2022-12-27,20,-0.1127,0.173,-0.0016
DIS,2022-12-28,20,-0.1174,0.1313,-0.063
DIS,2022-12-29,20,-0.0372,0.2604,-0.0151
DIS,2022-12-30,20,0.0298,0.3355,0.0434
DIS,2022-12-31,20,-0.184,0.1436,-0.0449
NCLH,2020-01-02,2,0.366,-0.4119,0.135
NCLH,2020-01-03,2,0.0478,-0.3093,0.102
NCLH,2020-01-05,3,0.0361,0.28,-0.0613
NCLH,2020-01-06,11,0.465,0.0639,0.1454
NCLH,2020-01-07,3,-0.5445,-0.0551,0.0617
NCLH,2020-01-08,1,-0.0965,-0.9355,0.0
NCLH,2020-01-09,2,0.1714,0.0047,0.2
NCLH,2020-01-10,2,-0.0592,0.3475,0.0355
NCLH,2020-01-13,7,0.2077,0.0915,-0.0183
NCLH,2020-01-14,1,-0.1027,-0.7654,0.138
NCLH,2020-01-15,1,0.2812,0.0908,0.0
NCLH,2020-01-16,2,0.4124,-0.4544,0.1295
NCLH,2020-01-17,8,0.0147,0.0232,0.0898
NCLH,2020-01-18,5,-0.182,-0.1912,-0.0448
NCLH,2020-01-19,1,-0.0173,-0.0583,0.0
NCLH,2020-01-20,1,0.0608,0.0394,0.143
NCLH,2020-01-21,1,0.0108,0.2148,0.145
NCLH,2020-01-22,2,0.7295,0.0435,0.0
NCLH,2020-01-23,2,-0.4508,-0.514,0.069
NCLH,2020-01-24,1,-0.3017,0.0402,0.156
NCLH,2020-01-25,1,0.1543,0.0699,0.0
NCLH,2020-01-26,2,0.4369,0.0356,-0.023
NCLH,2020-01-27,4,-0.1491,0.4436,0.024
NCLH,2020-01-28,5,-0.2251,-0.1257,-0.0136
NCLH,2020-01-29,4,-0.6788,-0.1919,-0.0618
NCLH,2020-01-30,9,-0.293,0.0244,-0.152
NCLH,2020-01-31,1,-0.0844,-0.9332,0.0
NCLH,2020-02-01,1,-0.0231,-0.9358,-0.142
NCLH,2020-02-03,7,-0.2539,0.2661,-0.0747
NCLH,2020-02-04,9,-0.0421,-0.0003,-0.0086
NCLH,2020-02-05,6,0.1013,0.1428,0.0445
NCLH,2020-02-06,2,0.1423,0.4156,0.0715
NCLH,2020-02-07,5,-0.6362,-0.2695,-0.0144
NCLH,2020-02-08,2,0.0488,-0.1969,0.1895
NCLH,2020-02-09,3,0.018,-0.3712,0.0227
NCLH,2020-02-10,8,-0.3334,-0.045,-0.0521
NCLH,2020-02-11,8,-0.0633,-0.0472,0.0753
NCLH,2020-02-12,10,-0.3512,-0.3094,-0.0252
NCLH,2020-02-13,20,-0.2036,-0.0257,0.0228
NCLH,2020-02-14,15,-0.1859,0.047,-0.0244
NCLH,2020-02-15,1,0.2729,0.1261,-0.132
NCLH,2020-02-16,3,-0.0098,-0.2852,-0.0533
NCLH,2020-02-17,1,0.671,-0.02,0.392
NCLH,2020-02-18,1,-0.2556,0.6757,-0.143
NCLH,2020-02-19,19,0.0325,0.2815,0.0004
NCLH,2020-02-20,20,-0.1231,0.0338,0.0087
NCLH,2020-02-21,20,0.0071,0.1435,-0.018
NCLH,2020-02-22,5,-0.2369,0.1194,0.0136
NCLH,2020-02-23,11,0.0712,0.1358,-0.0109
NCLH,2020-02-24,20,-0.3786,-0.09,0.0288
NCLH,2020-02-25,20,-0.1426,0.0703,0.0152
NCLH,2020-02-26,20,-0.064,0.3019,0.0225
NCLH,2020-02-27,20,-0.1991,0.1064,-0.0192
NCLH,2020-02-28,20,-0.1575,0.3048,-0.0351
NCLH,2020-02-29,20,-0.0498,0.2398,0.0326
NCLH,2020-03-01,13,-0.1719,0.0163,0.0332
NCLH,2020-03-02,20,-0.3029,0.1725,-0.0167
NCLH,2020-03-03,20,-0.1052,0.29,-0.0444
NCLH,2020-03-04,20,-0.1411,0.0428,0.0238
NCLH,2020-03-05,20,-0.3827,0.0486,-0.055
NCLH,2020-03-06,20,-0.1585,0.145,-0.0201
NCLH,2020-03-07,20,-0.234,0.0151,-0.012
NCLH,2020-03-08,20,0.03,0.2083,0.0676
NCLH,2020-03-09,20,-0.1058,0.4156,-0.0409
NCLH,2020-03-10,20,0.0722,0.2994,0.0119
NCLH,2020-03-11,20,-0.2017,-0.0049,0.0445
NCLH,2020-03-12,20,-0.2394,0.0092,0.0236
NCLH,2020-03-13,20,-0.1181,0.1906,0.0956
NCLH,2020-03-14,20,-0.4025,0.0991,-0.0111
NCLH,2020-03-15,20,-0.1065,0.194,-0.0179
NCLH,2020-03-16,20,0.0837,0.2206,0.1338
NCLH,2020-03-17,20,0.0875,0.3848,0.0542
NCLH,2020-03-18,20,-0.1106,0.2006,0.0673
NCLH,2020-03-19,20,0.0186,0.2725,0.0039
NCLH,2020-03-20,20,-0.0598,0.2914,0.0539
NCLH,2020-03-21,20,-0.1745,0.0414,0.002
NCLH,2020-03-22,20,-0.1285,0.2157,0.0053
NCLH,2020-03-23,20,-0.018,0.2094,-0.031
NCLH,2020-03-24,20,0.1054,0.6076,0.1262
NCLH,2020-03-25,20,-0.2406,0.2112,0.1269
NCLH,2020-03-26,20,-0.1708,-0.0655,-0.0117
NCLH,2020-03-27,20,-0.0166,0.0134,0.0103
NCLH,2020-03-28,20,-0.0026,0.0474,0.0552
NCLH,2020-03-29,20,-0.0019,0.1712,0.0522
NCLH,2020-03-30,20,-0.0544,0.0758,0.0103
NCLH,2020-03-31,20,-0.0414,0.2482,-0.0171
NCLH,2020-04-01,20,-0.1544,0.0879,0.0572
NCLH,2020-04-02,20,-0.0186,-0.0032,0.1092
NCLH,2020-04-03,20,0.0047,0.2121,0.0754
NCLH,2020-04-04,20,-0.2458,0.1476,0.0107
NCLH,2020-04-05,20,0.0222,-0.0887,0.0511
NCLH,2020-04-06,20,0.0975,0.2971,0.0427
NCLH,2020-04-07,20,-0.0797,0.0752,0.0296
NCLH,2020-04-08,20,0.092,0.344,0.124
NCLH,2020-04-09,20,0.1023,0.3865,0.0827
NCLH,2020-04-10,20,-0.0431,0.1874,-0.0062
NCLH,2020-04-11,20,-0.1668,-0.0499,-0.0506
NCLH,2020-04-12,20,-0.0964,-0.0077,0.0191
NCLH,2020-04-13,20,0.1281,0.295,0.0988
NCLH,2020-04-14,20,-0.0779,0.1966,0.082
NCLH,2020-04-15,20,0.1555,0.3197,0.0361
NCLH,2020-04-16,20,0.0589,0.398,0.0618
NCLH,2020-04-17,20,-0.0132,0.3375,0.0908
NCLH,2020-04-18,20,-0.1132,0.0881,0.0556
NCLH,2020-04-19,20,-0.0602,0.1961,0.0085
NCLH,2020-04-20,20,0.0215,0.2941,0.0598
NCLH,2020-04-21,20,-0.0837,0.6802,-0.0263
NCLH,2020-04-22,20,-0.1182,0.2595,0.0155
NCLH,2020-04-23,20,0.0561,0.3559,0.0132
NCLH,2020-04-24,20,-0.0366,0.2424,0.0861
NCLH,2020-04-25,20,-0.0525,0.2574,0.0464
NCLH,2020-04-26,20,-0.0159,0.1838,0.0266
NCLH,2020-04-27,20,0.0533,0.1914,0.0538
NCLH,2020-04-28,20,0.1477,0.3861,0.0832
NCLH,2020-04-29,20,0.0094,0.3143,0.0405
NCLH,2020-04-30,20,-0.0054,0.2997,-0.0295
NCLH,2020-05-01,20,-0.1267,0.2702,-0.0281
NCLH,2020-05-02,20,-0.1099,0.151,0.0424
NCLH,2020-05-03,20,-0.1405,0.3441,0.043
NCLH,2020-05-04,20,0.0648,0.2287,0.0964
NCLH,2020-05-05,20,-0.1654,0.0828,0.0135
NCLH,2020-05-06,20,-0.1453,0.1342,0.0918
NCLH,2020-05-07,20,0.1108,0.2531,0.1034
NCLH,2020-05-08,20,0.128,0.4021,0.116
NCLH,2020-05-09,20,0.1235,0.2677,0.0414
NCLH,2020-05-10,20,-0.0613,0.1407,0.038
NCLH,2020-05-11,20,0.0598,0.2157,0.0936
NCLH,2020-05-12,20,-0.1374,0.0868,-0.0153
NCLH,2020-05-13,20,0.0474,0.2643,0.0009
NCLH,2020-05-14,20,-0.0573,0.3049,0.0232
NCLH,2020-05-15,20,0.0559,0.2945,0.0813
NCLH,2020-05-16,20,-0.0419,0.1901,0.023
NCLH,2020-05-17,20,-0.0357,0.2196,0.0859
NCLH,2020-05-18,20,0.0876,0.5118,0.0266
NCLH,2020-05-19,20,0.0386,0.1658,0.0135
NCLH,2020-05-20,20,0.0111,0.2752,-0.0408
NCLH,2020-05-21,20,-0.0643,0.2506,0.0422
NCLH,2020-05-22,20,-0.0569,0.006,-0.0847
NCLH,2020-05-23,20,-0.0945,0.2703,0.0742
NCLH,2020-05-24,20,0.0938,0.2382,0.1088
NCLH,2020-05-25,20,0.1516,0.3861,0.097
NCLH,2020-05-26,20,0.221,0.5146,0.0648
NCLH,2020-05-27,20,0.116,0.7196,0.0846
NCLH,2020-05-28,20,0.2037,0.446,0.0452
NCLH,2020-05-29,20,0.2223,0.4555,0.0283
NCLH,2020-05-30,20,0.1324,0.2575,0.1133
NCLH,2020-05-31,20,-0.1206,0.3136,0.0251
NCLH,2020-06-01,20,0.0479,0.3279,0.0661
NCLH,2020-06-02,20,-0.1041,0.1895,0.1072
NCLH,2020-06-03,20,-0.1051,0.2445,0.0816
NCLH,2020-06-04,20,-0.1049,0.2411,0.0431
NCLH,2020-06-05,20,-0.0094,0.1654,0.0476
NCLH,2020-06-06,20,-0.0743,0.3203,0.0415
NCLH,2020-06-07,20,0.1379,0.3921,0.1112
NCLH,2020-06-08,20,0.0534,0.2939,0.0429
NCLH,2020-06-09,20,0.1961,0.5285,0.0745
NCLH,2020-06-10,20,-0.0415,0.2277,0.0304
NCLH,2020-06-11,20,-0.1114,0.0519,0.0437
NCLH,2020-06-12,20,-0.0375,0.2601,0.0047
NCLH,2020-06-13,20,-0.0784,0.2277,0.0503
NCLH,2020-06-14,20,-0.1061,0.1158,-0.0176
NCLH,2020-06-15,20,0.0747,0.4041,0.0513
NCLH,2020-06-16,20,-0.0594,0.3429,0.044
NCLH,2020-06-17,20,-0.0516,0.1106,-0.0786
NCLH,2020-06-18,20,-0.1709,0.1868,0.0051
NCLH,2020-06-19,20,-0.1281,0.1129,0.0682
NCLH,2020-06-20,20,-0.0907,0.3645,0.0347
NCLH,2020-06-21,20,-0.166,0.3375,0.0393
NCLH,2020-06-22,20,-0.0115,0.563,0.0555
NCLH,2020-06-23,20,-0.0692,0.2581,0.1166
NCLH,2020-06-24,20,0.0454,0.4832,0.0383
NCLH,2020-06-25,20,-0.0214,0.1239,0.0396
NCLH,2020-06-26,20,-0.0926,0.3328,0.0234
NCLH,2020-06-27,20,-0.0595,0.2131,0.0258
NCLH,2020-06-28,20,-0.0477,0.4238,0.0559
NCLH,2020-06-29,20,-0.0029,0.2725,0.0031
NCLH,2020-06-30,20,0.1169,0.3156,-0.0228
NCLH,2020-07-01,20,-0.05,0.3753,0.0643
NCLH,2020-07-02,20,-0.1288,0.1234,0.0588
NCLH,2020-07-03,20,-0.0425,0.1369,0.1183
NCLH,2020-07-04,20,0.0087,0.2225,0.0819
NCLH,2020-07-05,20,-0.0834,0.1157,0.0842
NCLH,2020-07-06,20,-0.1104,0.2715,0.0378
NCLH,2020-07-07,20,-0.0876,0.0631,0.0596
NCLH,2020-07-08,20,-0.0459,0.1597,0.0152
NCLH,2020-07-09,20,-0.1091,0.3009,-0.0147
NCLH,2020-07-10,20,-0.0032,0.244,0.0823
NCLH,2020-07-11,20,-0.1825,0.281,0.0358
NCLH,2020-07-12,20,-0.0269,-0.0238,0.0263
NCLH,2020-07-13,20,0.031,0.2503,0.0316
NCLH,2020-07-14,20,-0.1169,0.2911,0.0231
NCLH,2020-07-15,20,0.0134,0.4076,-0.0283
NCLH,2020-07-16,20,0.0796,0.3116,0.0636
NCLH,2020-07-17,20,-0.0704,0.4575,0.1016
NCLH,2020-07-18,20,-0.0457,0.3892,0.0495
NCLH,2020-07-19,20,0.1079,0.2598,0.0376
NCLH,2020-07-20,20,0.0208,0.5217,0.0746
NCLH,2020-07-21,20,0.0144,0.354,0.0242
NCLH,2020-07-22,20,-0.0165,0.2607,0.0336
NCLH,2020-07-23,20,0.0828,0.3853,0.0488
NCLH,2020-07-24,20,-0.0089,0.4786,0.0596
NCLH,2020-07-25,20,-0.0462,0.0609,0.0802
NCLH,2020-07-26,20,-0.0653,0.3272,0.0269
NCLH,2020-07-27,20,-0.0465,0.1721,0.0698
NCLH,2020-07-28,20,-0.0103,0.4106,0.0272
NCLH,2020-07-29,20,0.0162,0.3191,0.0124
NCLH,2020-07-30,20,0.0533,0.3071,0.101
NCLH,2020-07-31,20,-0.1206,0.4249,0.0372
NCLH,2020-08-01,20,0.0652,0.2159,0.0506
NCLH,2020-08-02,20,-0.1223,-0.0736,0.0008
NCLH,2020-08-03,20,-0.0576,0.1326,-0.048
NCLH,2020-08-04,20,-0.0254,0.3786,0.0839
NCLH,2020-08-05,20,-0.0482,-0.0321,0.0235
NCLH,2020-08-06,20,0.0409,0.0917,0.1198
NCLH,2020-08-07,20,-0.1505,0.1533,-0.024
NCLH,2020-08-08,20,-0.143,0.1763,0.0703
NCLH,2020-08-09,20,-0.1233,0.152,0.0097
NCLH,2020-08-10,20,0.0418,0.2811,0.0676
NCLH,2020-08-11,20,0.0463,0.5521,0.0387
NCLH,2020-08-12,20,0.1541,0.3185,0.1078
NCLH,2020-08-13,20,-0.0686,0.4175,0.0592
NCLH,2020-08-14,20,0.0645,0.1292,0.0049
NCLH,2020-08-15,20,0.1571,0.4131,0.0517
NCLH,2020-08-16,20,0.0397,0.2126,0.0591
NCLH,2020-08-17,20,-0.1442,0.2344,-0.0607
NCLH,2020-08-18,20,-0.094,0.367,-0.0314
NCLH,2020-08-19,20,0.0319,0.3526,0.0422
NCLH,2020-08-20,20,0.1148,0.5191,-0.0354
NCLH,2020-08-21,20,-0.0649,0.4006,-0.0085
NCLH,2020-08-22,20,0.1244,0.555,0.0919
NCLH,2020-08-23,20,0.1202,0.1656,0.1419
NCLH,2020-08-24,20,0.0097,0.3813,-0.0057
NCLH,2020-08-25,20,-0.0162,0.2209,0.0403
NCLH,2020-08-26,20,-0.1386,0.1935,-0.0137
NCLH,2020-08-27,20,0.0599,0.4639,0.1042
NCLH,2020-08-28,20,-0.0078,0.3456,-0.0031
NCLH,2020-08-29,20,0.0572,0.5901,0.0476
NCLH,2020-08-30,20,0.1049,0.3485,0.0388
NCLH,2020-08-31,20,0.1086,0.4837,0.0782
NCLH,2020-09-01,20,-0.1179,0.0651,0.0323
NCLH,2020-09-02,20,-0.0464,0.472,0.051
NCLH,2020-09-03,20,0.0446,0.2545,0.1042
NCLH,2020-09-04,20,-0.0798,-0.0481,0.048
NCLH,2020-09-05,20,-0.0629,0.2756,0.0582
NCLH,2020-09-06,19,-0.036,0.1551,0.0812
NCLH,2020-09-07,20,0.0518,0.2808,0.0788
NCLH,2020-09-08,20,-0.0837,0.4248,0.0046
NCLH,2020-09-09,20,-0.0203,0.1729,0.0082
NCLH,2020-09-10,20,0.1201,0.1383,0.1194
NCLH,2020-09-11,20,-0.0234,0.4343,0.0592
NCLH,2020-09-12,20,0.0212,0.337,0.1335
NCLH,2020-09-13,20,0.0326,0.2445,0.0948
NCLH,2020-09-14,20,-0.068,0.2463,0.0148
NCLH,2020-09-15,20,0.0467,0.3388,0.149
NCLH,2020-09-16,20,0.1863,0.5385,0.1206
NCLH,2020-09-17,20,-0.0237,0.1792,0.0616
NCLH,2020-09-18,20,0.1499,0.2831,0.118
NCLH,2020-09-19,20,-0.0015,0.2642,0.0734
NCLH,2020-09-20,20,-0.0351,0.0696,0.124
NCLH,2020-09-21,20,0.0275,0.3077,0.1051
NCLH,2020-09-22,20,0.0845,0.3258,0.1372
NCLH,2020-09-23,20,-0.0425,0.2315,0.0648
NCLH,2020-09-24,20,-0.2094,0.2349,-0.0138
NCLH,2020-09-25,20,0.1604,0.3304,0.125
NCLH,2020-09-26,20,-0.0755,0.1692,0.039
NCLH,2020-09-27,20,0.0124,0.3103,0.0752
NCLH,2020-09-28,20,0.1585,0.3581,0.0608
NCLH,2020-09-29,20,0.0236,0.3809,-0.0158
NCLH,2020-09-30,20,-0.0751,0.2857,-0.0284
NCLH,2020-10-01,20,0.0971,0.335,0.0547
NCLH,2020-10-02,20,-0.0681,0.2582,0.1229
NCLH,2020-10-03,20,0.0242,0.1484,0.0644
NCLH,2020-10-04,20,-0.0698,0.184,0.0133
NCLH,2020-10-05,20,-0.0993,0.3032,0.129
NCLH,2020-10-06,20,-0.0236,0.2592,0.1126
NCLH,2020-10-07,20,0.0227,0.1349,0.0282
NCLH,2020-10-08,20,-0.0442,0.4049,0.049
NCLH,2020-10-09,20,-0.0447,0.2522,-0.0112
NCLH,2020-10-10,20,0.1171,0.2398,0.0808
NCLH,2020-10-11,20,-0.0473,0.1358,0.049
NCLH,2020-10-12,20,-0.0875,0.3263,0.0346
NCLH,2020-10-13,20,-0.0514,0.3456,-0.0071
NCLH,2020-10-14,20,-0.0568,0.2649,0.0511
NCLH,2020-10-15,20,-0.2553,0.2906,0.0034
NCLH,2020-10-16,20,-0.0443,0.3392,0.0755
NCLH,2020-10-17,20,-0.233,0.2255,0.0623
NCLH,2020-10-18,20,-0.0819,0.2424,-0.0137
NCLH,2020-10-19,20,-0.0358,0.1963,0.041
NCLH,2020-10-20,20,0.0055,0.271,-0.0003
NCLH,2020-10-21,20,-0.1494,0.2824,-0.0786
NCLH,2020-10-22,20,-0.0682,0.3009,0.084
NCLH,2020-10-23,20,0.0291,0.2421,0.1312
NCLH,2020-10-24,20,-0.2173,0.1652,-0.0276
NCLH,2020-10-25,20,-0.1087,0.2393,-0.0233
NCLH,2020-10-26,20,0.0193,0.3162,-0.006
NCLH,2020-10-27,20,-0.163,0.2427,0.0132
NCLH,2020-10-28,20,0.0031,0.2162,0.001
NCLH,2020-10-29,20,-0.0511,0.1717,0.0372
NCLH,2020-10-30,20,-0.1549,0.0756,0.0706
NCLH,2020-10-31,20,0.1012,0.1804,0.0643
NCLH,2020-11-01,20,-0.1025,-0.0375,0.0628
NCLH,2020-11-02,20,-0.0721,0.32,0.0052
NCLH,2020-11-03,20,0.0049,0.148,0.0134
NCLH,2020-11-04,20,-0.0754,0.1748,0.0598
NCLH,2020-11-05,20,0.0419,0.3076,0.0865
NCLH,2020-11-06,20,-0.0571,0.1604,-0.0042
NCLH,2020-11-07,20,-0.0364,0.2614,0.069
NCLH,2020-11-08,20,-0.0688,0.0984,0.0268
NCLH,2020-11-09,20,0.018,0.54,0.1166
NCLH,2020-11-10,20,0.0225,0.3183,0.0426
NCLH,2020-11-11,20,0.0838,0.3216,0.0409
NCLH,2020-11-12,20,-0.0359,0.0142,0.072
NCLH,2020-11-13,20,-0.0098,0.3756,0.0325
NCLH,2020-11-14,20,-0.1181,0.1399,0.0362
NCLH,2020-11-15,20,-0.026,0.3232,0.032
NCLH,2020-11-16,20,0.1341,0.4681,0.0812
NCLH,2020-11-17,20,-0.0248,0.2682,0.0637
NCLH,2020-11-18,20,0.02,0.4095,0.0168
NCLH,2020-11-19,20,0.0982,0.2472,0.0918
NCLH,2020-11-20,20,0.014,0.1253,0.0843
NCLH,2020-11-21,20,0.0351,0.3137,0.0832
NCLH,2020-11-22,20,-0.2142,0.1179,-0.0552
NCLH,2020-11-23,20,-0.0706,0.2889,0.0937
NCLH,2020-11-24,20,0.0975,0.4009,0.1682
NCLH,2020-11-25,20,0.1091,0.334,0.0845
NCLH,2020-11-26,20,0.122,0.4134,0.0912
NCLH,2020-11-27,20,0.1653,0.4137,0.1246
NCLH,2020-11-28,20,0.054,0.3095,0.093
NCLH,2020-11-29,20,0.0579,0.1159,0.0526
NCLH,2020-11-30,20,0.0904,0.4845,0.0654
NCLH,2020-12-01,20,0.0847,0.4049,0.0554
NCLH,2020-12-02,20,-0.0001,0.357,0.0739
NCLH,2020-12-03,20,0.0327,0.5064,0.0612
NCLH,2020-12-04,20,0.0877,0.3445,0.1124
NCLH,2020-12-05,20,0.0438,0.4029,0.0688
NCLH,2020-12-06,20,-0.0279,0.2503,0.0924
NCLH,2020-12-07,20,0.0938,0.0579,0.1236
NCLH,2020-12-08,20,0.024,0.3361,0.114
NCLH,2020-12-09,20,-0.0045,0.2948,0.079
NCLH,2020-12-10,20,0.1189,0.2832,0.0916
NCLH,2020-12-11,20,-0.0996,0.4692,0.0556
NCLH,2020-12-12,20,-0.0445,0.3618,0.0654
NCLH,2020-12-13,20,-0.086,0.2118,0.0216
NCLH,2020-12-14,20,-0.0529,0.367,0.0412
NCLH,2020-12-15,20,-0.0727,0.1179,0.1018
NCLH,2020-12-16,20,-0.0673,0.1267,0.0146
NCLH,2020-12-17,20,0.016,0.512,0.0652
NCLH,2020-12-18,20,0.0849,0.3032,0.0504
NCLH,2020-12-19,13,0.0202,0.079,0.1115
NCLH,2020-12-20,20,-0.0855,0.1173,0.0576
NCLH,2020-12-21,20,0.0905,0.507,0.1252
NCLH,2020-12-22,20,0.0379,0.3002,0.0816
NCLH,2020-12-23,20,0.1708,0.3523,0.0409
NCLH,2020-12-24,20,0.056,0.3761,-0.0108
NCLH,2020-12-25,7,0.021,0.0784,0.1266
NCLH,2020-12-26,5,0.0308,0.2585,0.017
NCLH,2020-12-27,14,0.0184,0.4314,0.0574
NCLH,2020-12-28,20,-0.0177,0.3277,0.0344
NCLH,2020-12-29,20,-0.0156,0.2415,0.0623
NCLH,2020-12-30,20,0.0653,0.3214,0.0853
NCLH,2020-12-31,20,0.0774,0.3257,0.0847
NCLH,2021-01-01,14,0.0819,0.2488,0.1161
NCLH,2021-01-02,5,0.03,0.3916,0.0392
NCLH,2021-01-03,7,-0.1793,0.0976,0.002
NCLH,2021-01-04,20,-0.1046,0.1719,0.0067
NCLH,2021-01-05,20,-0.1416,0.4438,0.0119
NCLH,2021-01-06,20,-0.0012,0.1644,0.1328
NCLH,2021-01-07,20,-0.1128,0.0968,0.0544
NCLH,2021-01-08,20,0.0692,0.3555,-0.0062
NCLH,2021-01-09,14,-0.0774,0.1279,0.0965
NCLH,2021-01-10,12,-0.1959,0.1003,0.0265
NCLH,2021-01-11,20,-0.0416,0.1338,0.0473
NCLH,2021-01-12,20,0.0578,0.3016,0.0476
NCLH,2021-01-13,20,0.0933,0.4537,0.0718
NCLH,2021-01-14,20,0.081,0.6453,0.0085
NCLH,2021-01-15,20,0.1014,0.4566,0.0231
NCLH,2021-01-16,15,-0.1355,0.176,0.0261
NCLH,2021-01-17,18,0.0651,0.2386,0.1069
NCLH,2021-01-18,20,-0.0004,0.1665,-0.0071
NCLH,2021-01-19,20,-0.0503,0.4546,0.0255
NCLH,2021-01-20,20,0.0378,0.1876,0.0271
NCLH,2021-01-21,20,0.0188,0.3091,-0.0059
NCLH,2021-01-22,20,-0.0471,0.3601,0.0385
NCLH,2021-01-23,20,-0.1347,0.1492,0.067
NCLH,2021-01-24,20,0.1191,0.2235,0.0438
NCLH,2021-01-25,20,0.0055,0.3188,0.0338
NCLH,2021-01-26,20,-0.0289,0.4826,0.0325
NCLH,2021-01-27,20,-0.17,0.2034,0.069
NCLH,2021-01-28,20,0.1195,0.4547,0.0593
NCLH,2021-01-29,20,-0.097,0.3027,-0.0007
NCLH,2021-01-30,20,-0.0856,0.0497,0.0325
NCLH,2021-01-31,9,0.088,0.4253,0.0359
NCLH,2021-02-01,20,-0.0054,0.3884,0.022
NCLH,2021-02-02,20,0.144,0.4219,0.0606
NCLH,2021-02-03,20,0.2653,0.4706,0.112
NCLH,2021-02-04,20,0.0615,0.3375,0.0392
NCLH,2021-02-05,20,-0.0727,0.4347,0.1005
NCLH,2021-02-06,20,0.0174,0.4474,0.0623
NCLH,2021-02-07,15,-0.0473,0.4773,0.0604
NCLH,2021-02-08,20,0.0072,0.3129,0.0619
NCLH,2021-02-09,20,0.0507,0.3197,0.103
NCLH,2021-02-10,20,0.0837,0.3311,0.0802
NCLH,2021-02-11,20,0.116,0.2515,0.0504
NCLH,2021-02-12,20,-0.0417,0.2892,0.088
NCLH,2021-02-13,15,0.0137,0.4548,0.0823
NCLH,2021-02-14,10,-0.2002,0.2885,0.0306
NCLH,2021-02-15,14,0.1599,0.289,0.0403
NCLH,2021-02-16,20,-0.0727,0.3221,0.0325
NCLH,2021-02-17,20,0.1413,0.5333,0.08
NCLH,2021-02-18,20,0.0474,0.3678,0.0122
NCLH,2021-02-19,20,0.0116,0.2331,0.0479
NCLH,2021-02-20,16,-0.0181,0.4654,0.0569
NCLH,2021-02-21,19,0.1108,0.3951,0.0712
NCLH,2021-02-22,20,-0.0325,0.2908,0.0163
NCLH,2021-02-23,20,0.139,0.3494,0.0416
NCLH,2021-02-24,20,0.1258,0.4163,0.0253
NCLH,2021-02-25,20,-0.0505,0.3466,0.0678
NCLH,2021-02-26,20,0.0256,0.423,0.1095
NCLH,2021-02-27,20,0.0124,0.2762,0.0948
NCLH,2021-02-28,20,0.1782,0.4446,0.0504
NCLH,2021-03-01,20,0.1709,0.3702,0.0399
NCLH,2021-03-02,20,-0.0327,0.4571,0.0632
NCLH,2021-03-03,20,-0.0202,0.3364,0.1136
NCLH,2021-03-04,20,0.0365,0.4221,0.0516
NCLH,2021-03-05,20,-0.1142,0.3821,-0.018
NCLH,2021-03-06,20,0.0975,0.3501,0.1851
NCLH,2021-03-07,20,0.0087,0.4364,0.0421
NCLH,2021-03-08,20,0.0585,0.3996,0.1743
NCLH,2021-03-09,20,0.0487,0.3487,0.0526
NCLH,2021-03-10,20,0.0827,0.1772,0.0762
NCLH,2021-03-11,20,0.0076,0.1616,0.0022
NCLH,2021-03-12,20,0.0416,0.3559,0.0477
NCLH,2021-03-13,20,0.012,0.2606,0.0425
NCLH,2021-03-14,20,0.0933,0.5167,0.0036
NCLH,2021-03-15,20,0.0092,0.4119,0.072
NCLH,2021-03-16,20,-0.2067,0.3491,0.03
NCLH,2021-03-17,20,-0.0035,0.5083,0.0546
NCLH,2021-03-18,20,0.0244,0.3404,0.0574
NCLH,2021-03-19,20,0.1192,0.4432,0.0425
NCLH,2021-03-20,14,-0.0074,0.425,0.0334
NCLH,2021-03-21,20,0.0314,0.2765,0.0342
NCLH,2021-03-22,20,0.2171,0.4716,0.0764
NCLH,2021-03-23,20,0.0676,0.5009,0.0548
NCLH,2021-03-24,20,0.0101,0.1332,0.0785
NCLH,2021-03-25,20,-0.128,0.3261,0.0534
NCLH,2021-03-26,20,-0.0717,0.3088,0.0192
NCLH,2021-03-27,16,-0.1681,0.167,0.0246
NCLH,2021-03-28,20,-0.0,0.2792,0.0218
NCLH,2021-03-29,20,-0.0645,0.2596,0.015
NCLH,2021-03-30,20,0.0744,0.4123,0.0423
NCLH,2021-03-31,20,-0.0128,0.3804,0.0623
NCLH,2021-04-01,20,-0.0365,0.2342,0.0629
NCLH,2021-04-02,20,0.0571,0.318,0.1096
NCLH,2021-04-03,20,-0.0769,0.352,0.056
NCLH,2021-04-04,11,-0.0553,0.1825,-0.0097
NCLH,2021-04-05,20,0.023,0.3195,0.0704
NCLH,2021-04-06,20,-0.0416,0.2951,0.0294
NCLH,2021-04-07,20,0.1539,0.1824,0.0927
NCLH,2021-04-08,20,0.0644,0.331,0.131
NCLH,2021-04-09,20,0.0048,0.2877,0.1001
NCLH,2021-04-10,18,0.0567,0.3439,0.0534
NCLH,2021-04-11,18,0.0107,0.2099,0.0731
NCLH,2021-04-12,20,0.0169,0.27,0.0952
NCLH,2021-04-13,20,-0.0537,0.2201,0.0282
NCLH,2021-04-14,20,0.1016,0.3221,0.065
NCLH,2021-04-15,20,0.0172,0.2232,0.0527
NCLH,2021-04-16,20,-0.067,0.1868,0.0261
NCLH,2021-04-17,13,0.045,0.135,0.0161
NCLH,2021-04-18,10,-0.1692,0.0471,0.0086
NCLH,2021-04-19,20,-0.1318,0.044,0.0232
NCLH,2021-04-20,20,-0.0804,0.2166,0.0216
NCLH,2021-04-21,20,0.1772,0.3554,0.0546
NCLH,2021-04-22,20,-0.0207,0.3684,0.0449
NCLH,2021-04-23,20,0.0578,0.3033,0.065
NCLH,2021-04-24,20,0.0592,0.3815,0.1258
NCLH,2021-04-25,14,-0.0008,0.2607,0.0807
NCLH,2021-04-26,20,-0.0183,0.1701,0.1144
NCLH,2021-04-27,20,0.0439,0.4197,0.1054
NCLH,2021-04-28,20,-0.0491,0.1245,0.0357
NCLH,2021-04-29,20,0.2223,0.4126,0.0593
NCLH,2021-04-30,20,-0.0832,0.1573,0.0545
NCLH,2021-05-01,20,-0.018,0.1245,0.06
NCLH,2021-05-02,13,0.0675,0.1457,0.0585
NCLH,2021-05-03,20,-0.0042,0.3483,0.0754
NCLH,2021-05-04,20,0.0618,0.3972,0.0957
NCLH,2021-05-05,20,-0.0485,0.152,0.0811
NCLH,2021-05-06,20,-0.1449,0.0713,0.0676
NCLH,2021-05-07,20,-0.1061,0.4427,0.0485
NCLH,2021-05-08,13,-0.0514,0.1162,0.0842
NCLH,2021-05-09,18,-0.0267,0.2303,0.0685
NCLH,2021-05-10,20,-0.0297,0.2869,0.0583
NCLH,2021-05-11,20,-0.0186,0.3178,0.0329
NCLH,2021-05-12,20,0.0032,0.2221,-0.0038
NCLH,2021-05-13,20,-0.0078,0.128,0.0559
NCLH,2021-05-14,20,-0.003,0.2034,0.0552
NCLH,2021-05-15,20,0.0966,0.2003,0.0148
NCLH,2021-05-16,17,-0.0305,0.2069,0.0304
NCLH,2021-05-17,20,0.0615,0.259,0.145
NCLH,2021-05-18,20,0.1575,0.3683,0.187
NCLH,2021-05-19,20,-0.1058,0.1588,0.1311
NCLH,2021-05-20,20,0.0179,0.4348,0.0656
NCLH,2021-05-21,20,0.0465,0.1788,0.0364
NCLH,2021-05-22,12,0.0053,0.3963,0.0585
NCLH,2021-05-23,10,0.0032,0.0412,0.1347
NCLH,2021-05-24,20,0.264,0.2938,0.066
NCLH,2021-05-25,20,0.0876,0.2901,0.1442
NCLH,2021-05-26,20,0.1336,0.3131,0.1135
NCLH,2021-05-27,20,0.1525,0.4431,0.0866
NCLH,2021-05-28,20,0.054,0.4486,0.0362
NCLH,2021-05-29,16,-0.0874,0.16,0.0798
NCLH,2021-05-30,14,-0.0589,0.2843,0.0504
NCLH,2021-05-31,20,-0.0419,0.2999,0.1046
NCLH,2021-06-01,20,0.0861,0.4239,0.2019
NCLH,2021-06-02,20,-0.0939,0.151,0.0351
NCLH,2021-06-03,20,0.0724,0.3295,0.1
NCLH,2021-06-04,20,0.0773,0.2879,0.1062
NCLH,2021-06-05,15,-0.0198,0.3325,0.0451
NCLH,2021-06-06,15,0.0327,0.3174,0.12
NCLH,2021-06-07,20,0.1073,0.5734,0.1609
NCLH,2021-06-08,20,0.0797,0.4528,0.1555
NCLH,2021-06-09,20,0.1285,0.5344,0.207
NCLH,2021-06-10,20,-0.0385,0.251,0.0619
NCLH,2021-06-11,20,-0.0049,0.5614,0.1693
NCLH,2021-06-12,14,-0.1016,0.277,0.0546
NCLH,2021-06-13,15,-0.0516,0.3322,0.0678
NCLH,2021-06-14,20,0.0185,0.5763,0.0358
NCLH,2021-06-15,20,0.0457,0.3292,0.1376
NCLH,2021-06-16,20,0.0165,0.4815,0.0696
NCLH,2021-06-17,20,0.0282,0.4912,0.0625
NCLH,2021-06-18,20,0.0578,0.3798,0.0688
NCLH,2021-06-19,20,0.0078,0.3588,0.0053
NCLH,2021-06-20,20,-0.0033,0.3011,0.0227
NCLH,2021-06-21,20,0.042,0.4234,0.1273
NCLH,2021-06-22,20,0.0759,0.3105,0.144
NCLH,2021-06-23,20,0.1224,0.4705,0.1098
NCLH,2021-06-24,20,-0.0701,0.2086,0.1104
NCLH,2021-06-25,20,0.0032,0.2419,0.0657
NCLH,2021-06-26,9,0.0379,0.4541,0.0363
NCLH,2021-06-27,9,-0.0277,0.5028,0.0604
NCLH,2021-06-28,20,-0.3294,0.2957,0.0976
NCLH,2021-06-29,20,0.0627,0.3065,0.054
NCLH,2021-06-30,20,0.0987,0.4852,0.0879
NCLH,2021-07-01,20,0.116,0.3505,0.0781
NCLH,2021-07-02,20,-0.0214,0.2977,0.0584
NCLH,2021-07-03,20,0.0519,0.329,0.1053
NCLH,2021-07-04,20,-0.0301,0.1522,0.0044
NCLH,2021-07-05,18,-0.0502,0.2913,0.0518
NCLH,2021-07-06,20,-0.0646,0.2077,0.0508
NCLH,2021-07-07,20,-0.0799,0.1783,0.0452
NCLH,2021-07-08,20,0.0524,0.1369,-0.0142
NCLH,2021-07-09,20,-0.0704,0.2056,0.0044
NCLH,2021-07-10,20,-0.0948,0.1708,-0.0037
NCLH,2021-07-11,20,-0.0501,0.3056,0.0266
NCLH,2021-07-12,20,0.0081,0.3967,0.0792
NCLH,2021-07-13,20,-0.312,0.1912,-0.0456
NCLH,2021-07-14,20,-0.0244,0.3349,0.0184
NCLH,2021-07-15,20,-0.1289,0.2434,-0.0322
NCLH,2021-07-16,20,-0.0263,0.4155,0.0578
NCLH,2021-07-17,20,-0.1433,0.2077,0.0232
NCLH,2021-07-18,20,-0.2234,0.162,0.0869
NCLH,2021-07-19,20,-0.0528,0.3036,0.0203
NCLH,2021-07-20,20,0.0067,0.4262,0.0375
NCLH,2021-07-21,20,0.0162,0.3037,-0.0109
NCLH,2021-07-22,20,-0.0421,0.0145,-0.0021
NCLH,2021-07-23,20,-0.0601,0.3753,0.0155
NCLH,2021-07-24,20,-0.0539,0.195,0.0894
NCLH,2021-07-25,20,0.0036,0.2346,0.056
NCLH,2021-07-26,20,-0.0906,0.1737,0.0516
NCLH,2021-07-27,20,0.0256,0.1749,-0.017
NCLH,2021-07-28,20,0.0181,0.4053,0.0045
NCLH,2021-07-29,20,0.0462,0.2768,0.0702
NCLH,2021-07-30,20,-0.0092,0.2929,0.0436
NCLH,2021-07-31,20,-0.0321,0.249,-0.0126
NCLH,2021-08-01,20,-0.01,0.2179,0.0345
NCLH,2021-08-02,20,-0.1515,0.2946,0.018
NCLH,2021-08-03,20,-0.1273,0.2163,-0.028
NCLH,2021-08-04,20,-0.1915,0.0047,0.0497
NCLH,2021-08-05,20,-0.0848,0.2424,0.0076
NCLH,2021-08-06,20,-0.1625,0.1346,0.0217
NCLH,2021-08-07,20,-0.1123,0.1861,0.0197
NCLH,2021-08-08,20,0.1157,0.2775,0.0383
NCLH,2021-08-09,20,-0.0331,0.2587,0.0416
NCLH,2021-08-10,20,-0.0016,0.4836,0.1446
NCLH,2021-08-11,20,0.0407,0.4073,0.0613
NCLH,2021-08-12,20,0.0554,0.1221,-0.0215
NCLH,2021-08-13,20,0.0017,0.4085,0.0683
NCLH,2021-08-14,20,-0.1874,0.232,0.0237
NCLH,2021-08-15,20,-0.0168,0.306,0.0594
NCLH,2021-08-16,20,-0.0332,0.154,0.0
NCLH,2021-08-17,20,-0.0795,0.1584,0.013
NCLH,2021-08-18,20,-0.1239,0.1128,0.0132
NCLH,2021-08-19,20,-0.0646,0.2914,0.0764
NCLH,2021-08-20,20,-0.059,0.1223,0.072
NCLH,2021-08-21,20,-0.0309,0.0655,0.0322
NCLH,2021-08-22,20,0.1415,0.2684,0.1306
NCLH,2021-08-23,20,0.1688,0.3972,0.1306
NCLH,2021-08-24,20,0.1359,0.2414,0.1221
NCLH,2021-08-25,20,0.0414,0.2954,0.0416
NCLH,2021-08-26,20,-0.0873,0.109,-0.009
NCLH,2021-08-27,20,-0.0503,0.177,0.0193
NCLH,2021-08-28,20,-0.0573,0.1863,0.0546
NCLH,2021-08-29,20,-0.1486,0.073,-0.0043
NCLH,2021-08-30,20,-0.0074,0.225,0.0762
NCLH,2021-08-31,20,0.0049,0.257,0.0487
NCLH,2021-09-01,20,0.0524,0.0995,0.0473
NCLH,2021-09-02,20,-0.0679,0.204,0.0538
NCLH,2021-09-03,20,-0.3255,0.1233,0.0144
NCLH,2021-09-04,20,0.0359,0.2682,0.0857
NCLH,2021-09-05,20,-0.0454,0.3383,0.0572
NCLH,2021-09-06,20,-0.0196,0.3014,0.0932
NCLH,2021-09-07,20,-0.0007,0.3235,-0.0036
NCLH,2021-09-08,20,-0.0168,0.2111,0.0816
NCLH,2021-09-09,20,-0.0773,0.1349,0.0382
NCLH,2021-09-10,20,-0.0245,0.1571,0.0738
NCLH,2021-09-11,20,-0.0832,0.0973,0.0452
NCLH,2021-09-12,20,0.1609,0.2044,0.0724
NCLH,2021-09-13,20,-0.0694,0.0949,0.0446
NCLH,2021-09-14,20,0.0035,0.2043,0.0166
NCLH,2021-09-15,20,0.0284,0.1199,0.043
NCLH,2021-09-16,20,-0.1398,0.137,0.0909
NCLH,2021-09-17,20,0.1731,0.5002,0.0328
NCLH,2021-09-18,16,0.1453,0.2887,0.0616
NCLH,2021-09-19,15,-0.0289,0.2066,0.0728
NCLH,2021-09-20,20,0.0599,0.2035,0.0502
NCLH,2021-09-21,20,-0.0942,0.3363,0.0842
NCLH,2021-09-22,20,0.0182,0.2953,0.1059
NCLH,2021-09-23,20,0.2771,0.3947,0.087
NCLH,2021-09-24,20,0.0155,0.2441,0.0222
NCLH,2021-09-25,20,0.0193,0.0434,0.0744
NCLH,2021-09-26,16,0.0528,0.319,0.1186
NCLH,2021-09-27,20,0.1611,0.316,0.082
NCLH,2021-09-28,20,0.1128,0.2912,0.0548
NCLH,2021-09-29,20,0.0849,0.3408,0.0322
NCLH,2021-09-30,20,0.0597,0.2673,0.0722
NCLH,2021-10-01,20,0.0089,0.2386,0.0525
NCLH,2021-10-02,20,-0.1009,0.1417,0.0328
NCLH,2021-10-03,13,0.0288,0.3006,0.1437
NCLH,2021-10-04,20,0.0802,0.1984,0.0294
NCLH,2021-10-05,20,0.0347,0.1549,0.0748
NCLH,2021-10-06,20,-0.0094,0.0943,0.0455
NCLH,2021-10-07,20,-0.0951,0.2521,0.0078
NCLH,2021-10-08,20,-0.0521,0.4166,0.0834
NCLH,2021-10-09,20,-0.1215,0.198,0.1245
NCLH,2021-10-10,20,-0.0786,0.0562,0.0683
NCLH,2021-10-11,20,0.1197,0.1445,0.0653
NCLH,2021-10-12,20,-0.1329,0.2459,0.0334
NCLH,2021-10-13,20,-0.0924,0.285,0.0796
NCLH,2021-10-14,20,0.0168,0.2099,0.064
NCLH,2021-10-15,20,-0.0877,0.1372,0.0456
NCLH,2021-10-16,14,0.0953,0.1829,0.1107
NCLH,2021-10-17,7,-0.0292,0.0062,0.1457
NCLH,2021-10-18,20,-0.0601,0.2113,0.1034
NCLH,2021-10-19,20,0.0396,0.2175,0.0047
NCLH,2021-10-20,20,-0.0125,0.2611,0.0264
NCLH,2021-10-21,20,-0.0182,0.1581,0.1097
NCLH,2021-10-22,20,-0.039,0.2144,-0.0356
NCLH,2021-10-23,20,-0.1273,0.1294,0.0645
NCLH,2021-10-24,20,-0.0676,0.1237,0.0704
NCLH,2021-10-25,20,0.0242,0.2647,-0.0051
NCLH,2021-10-26,20,0.0038,0.3477,0.0613
NCLH,2021-10-27,20,-0.0098,0.3026,0.0634
NCLH,2021-10-28,20,0.0758,0.4016,0.0541
NCLH,2021-10-29,20,0.2413,0.1788,0.0643
NCLH,2021-10-30,8,-0.1035,0.1767,0.1502
NCLH,2021-10-31,7,-0.1403,0.0747,0.1556
NCLH,2021-11-01,20,0.0025,0.3437,0.0489
NCLH,2021-11-02,20,0.0179,0.1164,0.0207
NCLH,2021-11-03,20,0.0075,0.0364,0.001
NCLH,2021-11-04,20,0.1116,0.3988,0.05
NCLH,2021-11-05,20,0.0742,0.4555,0.0932
NCLH,2021-11-06,10,-0.0273,0.0884,0.0529
NCLH,2021-11-07,16,0.2414,0.5474,0.0932
NCLH,2021-11-08,20,0.049,0.2921,0.0887
NCLH,2021-11-09,20,-0.0753,0.211,0.131
NCLH,2021-11-10,20,-0.0191,0.3268,0.1116
NCLH,2021-11-11,20,-0.1237,0.2648,0.0805
NCLH,2021-11-12,20,-0.1491,0.2914,0.0673
NCLH,2021-11-13,16,0.0614,0.2824,0.0859
NCLH,2021-11-14,5,-0.2294,0.1348,0.077
NCLH,2021-11-15,20,0.0281,0.39,0.1212
NCLH,2021-11-16,20,-0.1964,0.1511,0.0164
NCLH,2021-11-17,20,-0.0831,0.2485,0.0362
NCLH,2021-11-18,20,-0.0157,0.0964,0.0695
NCLH,2021-11-19,20,-0.0292,0.3413,0.0055
NCLH,2021-11-20,20,-0.0282,0.3425,0.1306
NCLH,2021-11-21,19,-0.0708,0.1378,0.0473
NCLH,2021-11-22,20,0.0057,0.2098,0.0909
NCLH,2021-11-23,20,-0.0324,0.2538,0.1373
NCLH,2021-11-24,20,-0.0728,0.2429,0.0663
NCLH,2021-11-25,18,-0.152,0.1645,0.1071
NCLH,2021-11-26,20,-0.214,0.1602,0.0344
NCLH,2021-11-27,20,-0.0822,0.2696,-0.0246
NCLH,2021-11-28,20,-0.0277,0.1946,0.1037
NCLH,2021-11-29,20,-0.0613,0.3932,0.0449
NCLH,2021-11-30,20,0.0573,0.5012,0.0324
NCLH,2021-12-01,20,-0.1604,0.2784,-0.0172
NCLH,2021-12-02,20,0.0131,0.1802,0.056
NCLH,2021-12-03,20,-0.1135,0.2403,0.0405
NCLH,2021-12-04,20,0.0206,0.3087,0.0614
NCLH,2021-12-05,20,-0.176,0.1072,0.0463
NCLH,2021-12-06,20,-0.0244,0.3019,0.1372
NCLH,2021-12-07,20,-0.1815,0.1402,0.0824
NCLH,2021-12-08,20,0.0419,0.3315,-0.0713
NCLH,2021-12-09,20,-0.0099,0.2972,-0.0256
NCLH,2021-12-10,20,0.0009,0.2803,0.0926
NCLH,2021-12-11,19,-0.0101,0.4196,0.0253
NCLH,2021-12-12,20,-0.1033,0.178,0.0323
NCLH,2021-12-13,20,0.0334,0.151,0.0627
NCLH,2021-12-14,20,0.0901,0.2854,0.022
NCLH,2021-12-15,20,-0.075,0.3157,0.0624
NCLH,2021-12-16,20,0.0574,0.4142,0.0385
NCLH,2021-12-17,20,-0.0977,0.1295,0.0138
NCLH,2021-12-18,20,0.1179,0.3677,0.0663
NCLH,2021-12-19,20,-0.186,0.1274,0.0009
NCLH,2021-12-20,20,-0.0531,0.2841,0.0206
NCLH,2021-12-21,20,0.0517,0.1343,0.0512
NCLH,2021-12-22,20,0.0657,0.3336,0.1134
NCLH,2021-12-23,20,-0.0443,0.1997,0.055
NCLH,2021-12-24,20,-0.0763,0.216,0.1291
NCLH,2021-12-25,20,-0.1896,0.1742,0.1738
NCLH,2021-12-26,20,-0.1004,0.1404,0.0444
NCLH,2021-12-27,20,-0.1822,0.2932,0.0746
NCLH,2021-12-28,20,-0.0412,0.1893,0.0368
NCLH,2021-12-29,20,-0.1269,0.2818,0.0211
NCLH,2021-12-30,20,-0.0439,0.3302,0.055
NCLH,2021-12-31,20,-0.071,0.2739,0.024
NCLH,2022-01-01,20,-0.0931,0.0953,0.054
NCLH,2022-01-02,20,-0.1345,0.1078,-0.0288
NCLH,2022-01-03,20,0.0336,0.3428,0.0218
NCLH,2022-01-04,20,0.0003,0.2142,0.118
NCLH,2022-01-05,20,-0.096,0.2151,0.0535
NCLH,2022-01-06,20,-0.202,0.263,0.0578
NCLH,2022-01-07,20,-0.0215,0.2409,0.0331
NCLH,2022-01-08,20,-0.223,0.1347,0.0068
NCLH,2022-01-09,20,-0.1888,0.2452,-0.0233
NCLH,2022-01-10,20,-0.1092,0.2649,0.09
NCLH,2022-01-11,20,-0.209,0.2317,-0.0188
NCLH,2022-01-12,20,0.0101,0.1931,-0.0278
NCLH,2022-01-13,20,0.2805,0.5526,0.0452
NCLH,2022-01-14,20,0.2166,0.3516,0.0611
NCLH,2022-01-15,18,-0.0788,0.1612,0.0291
NCLH,2022-01-16,20,-0.1285,0.2449,-0.015
NCLH,2022-01-17,20,-0.2446,0.0496,0.038
NCLH,2022-01-18,20,-0.2864,0.083,0.0311
NCLH,2022-01-19,20,0.0137,0.1485,0.1095
NCLH,2022-01-20,20,0.0256,0.3761,0.0293
NCLH,2022-01-21,20,-0.0108,0.3789,0.115
NCLH,2022-01-22,16,-0.1956,0.1348,-0.0242
NCLH,2022-01-23,20,-0.041,0.1788,0.0397
NCLH,2022-01-24,20,0.0286,0.1389,0.0156
NCLH,2022-01-25,20,0.057,0.5419,0.0228
NCLH,2022-01-26,20,0.3043,0.2605,0.1724
NCLH,2022-01-27,20,-0.2561,0.0413,0.0089
NCLH,2022-01-28,20,0.0233,0.4514,0.0613
NCLH,2022-01-29,15,0.0272,0.1321,0.0678
NCLH,2022-01-30,16,0.0898,0.4653,0.1149
NCLH,2022-01-31,20,0.1522,0.3492,0.1106
NCLH,2022-02-01,20,0.1111,0.4148,0.1288
NCLH,2022-02-02,20,-0.0315,0.5411,0.0791
NCLH,2022-02-03,20,-0.0872,0.3794,0.071
NCLH,2022-02-04,20,0.085,0.355,0.051
NCLH,2022-02-05,20,-0.1511,0.1667,0.0233
NCLH,2022-02-06,13,-0.0246,0.0434,0.0287
NCLH,2022-02-07,20,-0.0012,0.2588,0.0945
NCLH,2022-02-08,20,0.1808,0.3225,0.0689
NCLH,2022-02-09,20,0.0726,0.452,0.0984
NCLH,2022-02-10,20,0.1176,0.3625,0.0856
NCLH,2022-02-11,20,-0.1107,0.343,0.0166
NCLH,2022-02-12,20,0.0488,0.3216,0.0706
NCLH,2022-02-13,15,-0.0831,0.205,0.0535
NCLH,2022-02-14,20,0.0453,0.5344,0.0441
NCLH,2022-02-15,20,0.1705,0.5004,0.0859
NCLH,2022-02-16,20,0.0622,0.1884,0.0262
NCLH,2022-02-17,20,-0.0893,0.3402,0.0234
NCLH,2022-02-18,20,-0.1053,0.2202,0.0176
NCLH,2022-02-19,13,0.102,0.2814,0.0595
NCLH,2022-02-20,13,-0.0494,0.3078,0.036
NCLH,2022-02-21,20,0.0044,0.3429,0.0336
NCLH,2022-02-22,20,0.1181,0.3716,0.076
NCLH,2022-02-23,20,0.0019,0.2381,0.0111
NCLH,2022-02-24,20,-0.1546,0.3142,0.0068
NCLH,2022-02-25,20,-0.0672,0.2701,0.0128
NCLH,2022-02-26,18,-0.1266,0.2498,0.0501
NCLH,2022-02-27,14,0.0588,0.1791,0.0234
NCLH,2022-02-28,20,-0.2408,0.001,0.013
NCLH,2022-03-01,20,0.0699,0.3962,0.0466
NCLH,2022-03-02,20,0.1002,0.1742,0.0709
NCLH,2022-03-03,20,0.0296,0.3179,0.0131
NCLH,2022-03-04,20,-0.0737,0.2731,0.0657
NCLH,2022-03-05,13,-0.1134,0.2422,0.0527
NCLH,2022-03-06,17,-0.2289,0.2477,-0.0315
NCLH,2022-03-07,20,-0.0498,0.097,0.0387
NCLH,2022-03-08,20,0.0012,0.3927,0.1201
NCLH,2022-03-09,20,0.0845,0.2834,0.0459
NCLH,2022-03-10,20,-0.0634,0.4725,0.0866
NCLH,2022-03-11,20,0.1615,0.3362,0.1124
NCLH,2022-03-12,18,-0.0731,0.2177,0.0102
NCLH,2022-03-13,18,0.057,0.223,0.0633
NCLH,2022-03-14,20,-0.117,0.1829,0.0241
NCLH,2022-03-15,20,-0.0912,0.3586,0.0774
NCLH,2022-03-16,20,0.024,0.5336,0.0458
NCLH,2022-03-17,20,-0.0913,0.256,0.035
NCLH,2022-03-18,20,0.0477,0.2877,0.1156
NCLH,2022-03-19,7,-0.1878,0.2592,0.0174
NCLH,2022-03-20,8,0.111,0.1337,0.1124
NCLH,2022-03-21,20,0.0509,0.2451,0.0703
NCLH,2022-03-22,20,0.004,0.1969,0.0384
NCLH,2022-03-23,20,-0.0273,0.2045,0.0468
NCLH,2022-03-24,20,0.0671,0.3783,0.1364
NCLH,2022-03-25,20,0.2336,0.5438,0.1084
NCLH,2022-03-26,8,-0.0609,0.1983,0.053
NCLH,2022-03-27,10,0.0109,0.1293,0.0731
NCLH,2022-03-28,20,-0.1905,0.4253,0.0546
NCLH,2022-03-29,20,0.0157,0.4015,0.0542
NCLH,2022-03-30,20,0.0744,0.1958,0.0152
NCLH,2022-03-31,20,0.0768,0.3937,0.0975
NCLH,2022-04-01,20,-0.1163,0.2956,0.0606
NCLH,2022-04-02,10,0.1083,0.5011,0.1809
NCLH,2022-04-03,7,0.051,0.1283,0.0986
NCLH,2022-04-04,20,0.1841,0.494,0.0762
NCLH,2022-04-05,20,-0.0689,0.4303,0.0342
NCLH,2022-04-06,20,-0.0962,0.1203,0.0442
NCLH,2022-04-07,20,0.0852,0.5114,0.0733
NCLH,2022-04-08,20,-0.0099,0.4359,0.0581
NCLH,2022-04-09,9,-0.0114,0.1019,0.0171
NCLH,2022-04-10,10,-0.2282,0.052,0.0334
NCLH,2022-04-11,20,0.0458,0.3664,0.0298
NCLH,2022-04-12,20,-0.0029,0.2807,0.0575
NCLH,2022-04-13,20,0.1305,0.2539,0.1216
NCLH,2022-04-14,20,0.0518,0.2908,0.0643
NCLH,2022-04-15,8,0.0159,0.256,-0.0585
NCLH,2022-04-16,5,0.2336,0.3237,0.1502
NCLH,2022-04-17,7,0.2252,0.4827,-0.0304
NCLH,2022-04-18,20,0.1054,0.4594,0.045
NCLH,2022-04-19,20,0.0639,0.304,0.0698
NCLH,2022-04-20,20,0.1589,0.4815,0.0788
NCLH,2022-04-21,20,0.0788,0.3721,0.0319
NCLH,2022-04-22,20,0.0793,0.3166,0.0449
NCLH,2022-04-23,13,-0.2464,0.1342,-0.0071
NCLH,2022-04-24,13,-0.1274,0.2587,0.0035
NCLH,2022-04-25,20,-0.1107,0.1731,-0.0182
NCLH,2022-04-26,20,0.01,0.3248,-0.0248
NCLH,2022-04-27,20,-0.1286,0.0289,-0.0084
NCLH,2022-04-28,20,-0.2395,-0.0016,0.0338
NCLH,2022-04-29,20,-0.0936,0.2109,0.0404
NCLH,2022-04-30,15,-0.0943,0.0166,0.0339
NCLH,2022-05-01,6,-0.3286,0.1471,-0.0012
NCLH,2022-05-02,20,0.1101,0.3125,0.0331
NCLH,2022-05-03,20,0.2628,0.4875,0.0783
NCLH,2022-05-04,20,0.0512,0.1016,0.039
NCLH,2022-05-05,20,-0.0378,0.4933,0.0716
NCLH,2022-05-06,20,-0.0006,0.4254,0.1126
NCLH,2022-05-07,13,-0.1286,0.3246,0.0081
NCLH,2022-05-08,15,-0.0608,0.0548,0.0278
NCLH,2022-05-09,20,-0.0118,0.1027,0.005
NCLH,2022-05-10,20,0.0524,0.3032,0.0211
NCLH,2022-05-11,20,0.0253,0.2934,0.0718
NCLH,2022-05-12,20,-0.1462,0.1691,0.0333
NCLH,2022-05-13,20,0.097,0.4187,0.0472
NCLH,2022-05-14,10,0.0366,0.3311,0.1085
NCLH,2022-05-15,12,-0.0328,0.1912,0.0112
NCLH,2022-05-16,20,0.0405,0.319,0.1106
NCLH,2022-05-17,20,0.1232,0.3773,0.0897
NCLH,2022-05-18,20,0.0877,0.3674,0.1379
NCLH,2022-05-19,20,0.0279,0.2552,0.0154
NCLH,2022-05-20,20,-0.035,0.2349,0.0566
NCLH,2022-05-21,20,0.0636,-0.0086,0.0446
NCLH,2022-05-22,14,0.1069,0.294,0.0302
NCLH,2022-05-23,20,0.016,0.2983,0.0125
NCLH,2022-05-24,20,-0.1576,0.161,-0.0275
NCLH,2022-05-25,20,-0.0057,0.2008,0.0882
NCLH,2022-05-26,20,-0.0738,0.2312,0.073
NCLH,2022-05-27,20,0.057,0.4038,0.1062
NCLH,2022-05-28,15,0.1145,0.1206,0.041
NCLH,2022-05-29,15,0.1037,0.1253,0.0207
NCLH,2022-05-30,20,-0.0344,0.3604,0.0937
NCLH,2022-05-31,20,-0.1045,0.2797,0.1884
NCLH,2022-06-01,20,-0.0277,0.2429,0.1119
NCLH,2022-06-02,20,0.1047,0.2656,0.097
NCLH,2022-06-03,20,-0.2265,0.0139,0.0277
NCLH,2022-06-04,9,-0.184,0.151,0.0182
NCLH,2022-06-05,12,0.0066,0.0376,0.1012
NCLH,2022-06-06,20,-0.079,0.2469,0.0348
NCLH,2022-06-07,20,0.0442,0.1993,0.0235
NCLH,2022-06-08,20,-0.0392,0.2348,0.0312
NCLH,2022-06-09,20,0.1238,0.2126,0.0136
NCLH,2022-06-10,20,-0.1453,0.3006,0.0682
NCLH,2022-06-11,20,-0.0061,0.1649,0.0438
NCLH,2022-06-12,18,-0.1908,0.3011,0.0249
NCLH,2022-06-13,20,0.101,0.3519,0.0631
NCLH,2022-06-14,20,-0.0836,0.1096,0.0059
NCLH,2022-06-15,20,0.115,0.435,0.0817
NCLH,2022-06-16,20,-0.3707,-0.0344,-0.0097
NCLH,2022-06-17,20,0.0464,0.3927,0.1434
NCLH,2022-06-18,20,0.0295,0.0092,0.0529
NCLH,2022-06-19,18,0.0579,0.2593,0.0752
NCLH,2022-06-20,20,0.0258,0.2139,0.0664
NCLH,2022-06-21,20,-0.1149,0.3711,-0.0018
NCLH,2022-06-22,20,0.0116,-0.0083,0.061
NCLH,2022-06-23,20,0.1203,0.2894,0.0986
NCLH,2022-06-24,20,0.0124,0.3023,0.1412
NCLH,2022-06-25,20,0.1374,0.239,0.0348
NCLH,2022-06-26,11,-0.2562,0.0574,0.0202
NCLH,2022-06-27,20,-0.016,0.2533,0.0289
NCLH,2022-06-28,20,0.1084,0.4077,0.051
NCLH,2022-06-29,20,-0.195,0.2258,0.0172
NCLH,2022-06-30,20,0.0853,0.3198,0.0268
NCLH,2022-07-01,20,-0.0629,0.1289,0.0031
NCLH,2022-07-02,15,0.0446,0.3007,0.0678
NCLH,2022-07-03,19,-0.1768,0.1588,0.0147
NCLH,2022-07-04,17,-0.056,0.0733,0.0071
NCLH,2022-07-05,20,-0.0083,0.1333,0.0208
NCLH,2022-07-06,20,-0.0718,0.1876,0.1009
NCLH,2022-07-07,20,0.0441,0.1818,-0.0231
NCLH,2022-07-08,20,0.219,0.5063,0.047
NCLH,2022-07-09,18,-0.1813,0.0272,0.0721
NCLH,2022-07-10,17,-0.294,-0.108,0.0336
NCLH,2022-07-11,20,0.0613,0.4433,0.112
NCLH,2022-07-12,20,0.1252,0.234,0.0969
NCLH,2022-07-13,20,-0.0208,0.1994,0.0486
NCLH,2022-07-14,20,-0.0392,0.3289,-0.007
NCLH,2022-07-15,20,0.0492,0.227,0.0146
NCLH,2022-07-16,9,0.1394,0.1789,0.0847
NCLH,2022-07-17,10,0.0614,0.0994,0.0223
NCLH,2022-07-18,20,0.1418,0.3213,0.0156
NCLH,2022-07-19,20,0.0826,0.4517,0.0657
NCLH,2022-07-20,20,-0.1758,0.0867,-0.0106
NCLH,2022-07-21,20,-0.0952,0.2877,0.0384
NCLH,2022-07-22,20,-0.0551,0.1027,0.0118
NCLH,2022-07-23,20,-0.0364,0.0973,0.1231
NCLH,2022-07-24,20,-0.027,0.0665,0.0672
NCLH,2022-07-25,20,0.044,0.2281,0.0666
NCLH,2022-07-26,20,-0.1877,-0.0797,0.0772
NCLH,2022-07-27,20,0.1106,0.2129,0.0635
NCLH,2022-07-28,20,0.1479,0.2757,0.0822
NCLH,2022-07-29,20,0.1401,0.2533,0.1603
NCLH,2022-07-30,13,-0.0666,-0.1733,0.0424
NCLH,2022-07-31,18,-0.1537,-0.0087,0.0154
NCLH,2022-08-01,20,-0.0017,0.3032,0.0438
NCLH,2022-08-02,20,-0.2107,0.0112,0.0308
NCLH,2022-08-03,20,-0.0704,0.2786,-0.024
NCLH,2022-08-04,20,0.1694,0.339,0.0002
NCLH,2022-08-05,20,0.0207,0.2729,0.1
NCLH,2022-08-06,20,0.0625,0.3279,0.097
NCLH,2022-08-07,20,0.0087,0.3798,0.0077
NCLH,2022-08-08,20,0.0446,0.2259,0.0032
NCLH,2022-08-09,20,0.1497,0.2525,0.0608
NCLH,2022-08-10,20,0.0496,0.3647,0.0288
NCLH,2022-08-11,20,0.0963,0.2994,0.0563
NCLH,2022-08-12,20,0.0083,0.4432,0.1008
NCLH,2022-08-13,15,-0.0554,0.2011,-0.0437
NCLH,2022-08-14,17,-0.0401,0.2666,0.1318
NCLH,2022-08-15,20,0.1738,0.3381,0.0506
NCLH,2022-08-16,20,0.0832,0.2787,0.0395
NCLH,2022-08-17,20,-0.0211,0.376,0.0568
NCLH,2022-08-18,20,-0.0817,0.5013,0.0335
NCLH,2022-08-19,20,0.0041,0.333,0.0408
NCLH,2022-08-20,12,-0.0149,0.243,0.0568
NCLH,2022-08-21,14,0.0553,0.4449,0.058
NCLH,2022-08-22,20,-0.0169,0.3159,0.0227
NCLH,2022-08-23,20,0.1284,0.3409,-0.0021
NCLH,2022-08-24,20,0.0581,0.4547,0.0261
NCLH,2022-08-25,20,0.1503,0.4436,0.0286
NCLH,2022-08-26,20,-0.0023,0.2572,-0.0228
NCLH,2022-08-27,11,0.0211,0.2245,0.0779
NCLH,2022-08-28,20,-0.088,0.2746,0.021
NCLH,2022-08-29,20,0.1032,-0.0682,0.0692
NCLH,2022-08-30,20,-0.012,0.3808,0.0155
NCLH,2022-08-31,20,-0.1053,0.2666,0.0308
NCLH,2022-09-01,20,0.0373,0.3172,0.0598
NCLH,2022-09-02,20,-0.0706,0.3544,0.0399
NCLH,2022-09-03,17,-0.0204,0.211,0.0751
NCLH,2022-09-04,11,0.1017,0.3127,0.0906
NCLH,2022-09-05,11,-0.0298,0.1143,0.0705
NCLH,2022-09-06,20,0.0174,0.4015,-0.0203
NCLH,2022-09-07,20,0.0557,0.2144,0.115
NCLH,2022-09-08,20,-0.088,0.0571,0.0325
NCLH,2022-09-09,20,-0.0466,0.0577,0.058
NCLH,2022-09-10,17,0.0598,0.3595,0.0188
NCLH,2022-09-11,9,-0.043,0.4642,0.0114
NCLH,2022-09-12,20,0.0232,0.4936,0.0321
NCLH,2022-09-13,20,0.1666,0.4386,0.0395
NCLH,2022-09-14,20,0.0212,0.3888,0.071
NCLH,2022-09-15,20,0.0705,0.433,0.0616
NCLH,2022-09-16,20,-0.0232,0.2803,0.0285
NCLH,2022-09-17,16,-0.039,0.2333,0.0418
NCLH,2022-09-18,11,-0.019,0.3041,0.0705
NCLH,2022-09-19,20,-0.0553,0.2487,-0.0132
NCLH,2022-09-20,20,0.0666,0.4925,0.0708
NCLH,2022-09-21,20,-0.0373,0.3625,-0.0092
NCLH,2022-09-22,20,-0.1429,0.2863,0.0523
NCLH,2022-09-23,20,-0.0537,0.3024,-0.0662
NCLH,2022-09-24,20,-0.0645,0.2478,0.0094
NCLH,2022-09-25,11,-0.0348,0.2501,0.0025
NCLH,2022-09-26,20,-0.0966,0.1124,0.0098
NCLH,2022-09-27,20,-0.0077,0.2711,0.0344
NCLH,2022-09-28,20,0.1491,0.281,0.148
NCLH,2022-09-29,20,-0.0067,0.2602,0.1026
NCLH,2022-09-30,20,0.0504,0.0821,0.0396
NCLH,2022-10-01,20,0.0848,0.1526,0.069
NCLH,2022-10-02,19,-0.0941,0.0255,0.0746
NCLH,2022-10-03,20,0.0364,0.3213,-0.0032
NCLH,2022-10-04,20,0.0398,0.2709,0.081
NCLH,2022-10-05,20,0.0035,0.2547,0.03
NCLH,2022-10-06,20,0.1104,0.2688,0.0415
NCLH,2022-10-07,20,0.0234,0.1498,0.0645
NCLH,2022-10-08,17,0.18,0.1508,0.0929
NCLH,2022-10-09,14,0.0125,0.3317,0.0212
NCLH,2022-10-10,20,-0.0253,0.2466,0.1562
NCLH,2022-10-11,20,-0.0174,0.2334,0.0648
NCLH,2022-10-12,20,0.0069,0.4505,0.0097
NCLH,2022-10-13,20,-0.0024,0.2172,0.1577
NCLH,2022-10-14,20,-0.0292,0.2557,0.0738
NCLH,2022-10-15,8,-0.1106,-0.1068,0.0366
NCLH,2022-10-16,8,-0.1153,-0.0344,0.065
NCLH,2022-10-17,20,-0.0393,0.1078,0.0187
NCLH,2022-10-18,20,0.0494,0.348,0.1019
NCLH,2022-10-19,20,-0.0372,0.4245,0.0848
NCLH,2022-10-20,20,0.1668,0.2751,0.059
NCLH,2022-10-21,20,0.0909,0.3318,0.065
NCLH,2022-10-22,16,0.0583,0.1772,0.1039
NCLH,2022-10-23,15,0.1488,0.5167,0.1154
NCLH,2022-10-24,20,-0.0736,0.2315,0.007
NCLH,2022-10-25,20,-0.0616,0.4088,0.0236
NCLH,2022-10-26,20,-0.0172,0.2938,-0.0019
NCLH,2022-10-27,20,0.0247,0.2039,0.0663
NCLH,2022-10-28,20,0.2055,0.3017,-0.0342
NCLH,2022-10-29,20,0.1046,0.0921,0.0521
NCLH,2022-10-30,15,0.1599,0.3187,0.033
NCLH,2022-10-31,20,-0.0817,0.2659,-0.0013
NCLH,2022-11-01,20,0.1501,0.2928,0.0429
NCLH,2022-11-02,20,0.0304,0.5805,-0.0096
NCLH,2022-11-03,20,-0.0341,0.2177,0.0852
NCLH,2022-11-04,20,0.1044,0.2184,0.0164
NCLH,2022-11-05,19,-0.0434,0.2541,-0.0335
NCLH,2022-11-06,20,0.0522,0.4223,0.0349
NCLH,2022-11-07,20,0.0275,0.218,0.0876
NCLH,2022-11-08,20,0.0579,0.1903,0.1775
NCLH,2022-11-09,20,0.0254,0.3301,0.0763
NCLH,2022-11-10,20,-0.1015,0.1902,0.0458
NCLH,2022-11-11,20,0.0447,0.2286,0.0029
NCLH,2022-11-12,15,-0.1501,0.0656,0.0445
NCLH,2022-11-13,12,-0.0464,0.147,0.041
NCLH,2022-11-14,20,-0.0201,0.1673,0.07
NCLH,2022-11-15,20,0.0858,0.341,0.037
NCLH,2022-11-16,20,-0.0482,0.4098,0.0327
NCLH,2022-11-17,20,-0.1251,0.1954,0.0666
NCLH,2022-11-18,20,-0.0651,0.2938,0.0131
NCLH,2022-11-19,20,-0.1876,0.1435,0.0009
NCLH,2022-11-20,12,0.0973,0.2689,0.0602
NCLH,2022-11-21,20,-0.2614,0.3041,-0.0409
NCLH,2022-11-22,20,-0.0709,0.256,0.0144
NCLH,2022-11-23,20,-0.076,0.3377,0.0164
NCLH,2022-11-24,8,0.0734,0.1712,0.0161
NCLH,2022-11-25,10,0.0489,0.4144,0.0582
NCLH,2022-11-26,2,-0.1393,0.0315,0.1295
NCLH,2022-11-27,7,-0.2429,0.28,-0.0091
NCLH,2022-11-28,20,-0.1013,0.2248,0.1032
NCLH,2022-11-29,20,0.1073,0.4203,0.0588
NCLH,2022-11-30,20,0.0575,0.2554,0.0045
NCLH,2022-12-01,20,0.1084,0.1756,0.104
NCLH,2022-12-02,20,-0.0515,0.283,0.0362
NCLH,2022-12-03,9,0.1645,0.3147,0.0907
NCLH,2022-12-04,8,-0.0012,0.0425,0.1131
NCLH,2022-12-05,17,0.0465,0.1657,0.0689
NCLH,2022-12-06,20,-0.1149,0.2166,-0.0085
NCLH,2022-12-07,20,-0.1091,0.2753,0.046
NCLH,2022-12-08,20,-0.0418,0.1815,0.0314
NCLH,2022-12-09,20,0.1456,0.1215,0.026
NCLH,2022-12-10,5,-0.0007,0.4151,0.1016
NCLH,2022-12-11,9,-0.1423,0.077,-0.0091
NCLH,2022-12-12,20,-0.3034,0.059,-0.0025
NCLH,2022-12-13,20,-0.2034,-0.0102,0.0387
NCLH,2022-12-14,20,-0.0521,0.3344,-0.0465
NCLH,2022-12-15,20,0.1449,0.337,0.0266
NCLH,2022-12-16,20,-0.0985,0.183,-0.043
NCLH,2022-12-17,11,0.0933,0.3767,0.0295
NCLH,2022-12-18,6,-0.1509,0.1694,-0.0027
NCLH,2022-12-19,20,0.0519,0.2423,0.0021
NCLH,2022-12-20,20,0.0252,0.3979,0.0926
NCLH,2022-12-21,20,0.0057,0.1228,0.0206
NCLH,2022-12-22,20,-0.1591,0.1764,0.0302
NCLH,2022-12-23,17,-0.0539,0.3625,0.0681
NCLH,2022-12-24,10,0.2423,0.192,0.1082
NCLH,2022-12-25,6,0.2781,0.3518,0.1045
NCLH,2022-12-26,6,0.0423,0.3726,0.0093
NCLH,2022-12-27,20,0.0782,0.5077,0.0686
NCLH,2022-12-28,20,-0.1151,0.0072,0.0392
NCLH,2022-12-29,20,-0.0502,0.2081,-0.0346
NCLH,2022-12-30,20,-0.394,0.1857,0.0484
NCLH,2022-12-31,12,-0.1046,-0.0112,0.0502
TGT,2020-01-01,12,0.0918,0.3502,0.0826
TGT,2020-01-02,20,0.0024,0.1209,0.0858
TGT,2020-01-03,20,0.1021,0.196,0.1563
TGT,2020-01-04,11,0.0946,0.1924,0.0352
TGT,2020-01-05,12,-0.081,0.0615,-0.0105
TGT,2020-01-06,20,-0.1093,0.1425,0.0744
TGT,2020-01-07,20,-0.0637,0.0797,0.0179
TGT,2020-01-08,20,0.0694,0.1315,0.045
TGT,2020-01-09,20,-0.1677,-0.1532,-0.0175
TGT,2020-01-10,20,0.0206,0.1854,0.0554
TGT,2020-01-11,12,-0.1434,0.1676,0.0991
TGT,2020-01-12,14,0.0939,0.1146,0.0426
TGT,2020-01-13,20,-0.02,0.2879,0.0463
TGT,2020-01-14,20,0.1224,0.3477,0.0745
TGT,2020-01-15,20,0.0379,0.1764,0.0471
TGT,2020-01-16,20,0.0381,0.0292,0.0772
TGT,2020-01-17,20,0.0297,0.3966,0.0613
TGT,2020-01-18,19,-0.1363,0.1481,0.0679
TGT,2020-01-19,12,0.1046,0.2997,0.013
TGT,2020-01-20,12,0.0734,0.2144,0.0816
TGT,2020-01-21,20,-0.0712,0.3572,0.0471
TGT,2020-01-22,20,0.1321,0.3255,0.0758
TGT,2020-01-23,20,-0.0542,0.0922,0.0232
TGT,2020-01-24,20,-0.0517,-0.019,0.0488
TGT,2020-01-25,7,0.063,0.1498,0.0816
TGT,2020-01-26,10,0.0735,0.3628,0.0333
TGT,2020-01-27,20,-0.008,0.1479,0.0548
TGT,2020-01-28,20,-0.009,0.1353,0.0462
TGT,2020-01-29,20,-0.0665,0.2112,-0.0244
TGT,2020-01-30,20,-0.0285,0.1557,0.0002
TGT,2020-01-31,20,-0.052,0.069,-0.0422
TGT,2020-02-01,20,-0.0962,0.1772,-0.01
TGT,2020-02-02,19,-0.0732,0.1048,0.0328
TGT,2020-02-03,20,-0.119,0.1247,0.0382
TGT,2020-02-04,20,0.0145,0.1886,0.0306
TGT,2020-02-05,20,0.0593,0.2718,0.0285
TGT,2020-02-06,20,0.242,0.1982,0.0798
TGT,2020-02-07,20,0.0486,0.119,0.022
TGT,2020-02-08,10,-0.0903,0.2973,0.0355
TGT,2020-02-09,5,0.1029,0.3639,0.0774
TGT,2020-02-10,20,0.1315,0.3352,0.0938
TGT,2020-02-11,20,-0.0362,0.4478,0.0417
TGT,2020-02-12,20,-0.0477,0.1303,-0.0257
TGT,2020-02-13,20,-0.0749,0.0404,0.0041
TGT,2020-02-14,20,0.1527,0.293,0.0065
TGT,2020-02-15,18,0.0521,0.1354,0.0833
TGT,2020-02-16,12,0.0002,0.1487,-0.0002
TGT,2020-02-17,14,0.1559,0.2366,0.1304
TGT,2020-02-18,20,0.1002,0.2779,0.0664
TGT,2020-02-19,20,-0.007,0.1577,0.0518
TGT,2020-02-20,20,-0.0081,0.1161,0.0144
TGT,2020-02-21,20,0.0684,0.3514,0.1037
TGT,2020-02-22,15,-0.1227,0.1607,0.0393
TGT,2020-02-23,4,0.1124,0.2468,0.015
TGT,2020-02-24,20,0.0123,0.3184,-0.0568
TGT,2020-02-25,20,-0.0487,-0.0242,0.0194
TGT,2020-02-26,20,-0.0883,-0.0006,0.0214
TGT,2020-02-27,20,-0.1748,0.2144,0.0357
TGT,2020-02-28,20,-0.0594,0.0055,0.0208
TGT,2020-02-29,20,0.0472,0.1048,0.08
TGT,2020-03-01,20,-0.1444,0.0182,0.0153
TGT,2020-03-02,20,-0.0206,0.1029,0.043
TGT,2020-03-03,20,-0.1159,0.0608,0.1256
TGT,2020-03-04,20,-0.0419,0.0603,-0.0462
TGT,2020-03-05,20,-0.0476,0.1215,0.031
TGT,2020-03-06,20,0.0655,0.09,0.0218
TGT,2020-03-07,6,-0.0201,0.1131,-0.0893
TGT,2020-03-08,11,-0.0538,0.3399,0.0835
TGT,2020-03-09,20,0.043,0.0956,0.0259
TGT,2020-03-10,20,-0.0794,0.0654,0.0202
TGT,2020-03-11,20,-0.0869,-0.0828,0.0084
TGT,2020-03-12,20,0.0055,0.1177,0.0344
TGT,2020-03-13,20,0.0707,0.186,0.017
TGT,2020-03-14,20,0.0939,-0.0528,0.0724
TGT,2020-03-15,20,-0.0162,0.235,0.0838
TGT,2020-03-16,20,-0.1344,0.0318,-0.0241
TGT,2020-03-17,20,0.0447,0.1171,0.0827
TGT,2020-03-18,20,0.1357,0.2696,0.0897
TGT,2020-03-19,20,-0.0876,0.2186,0.0228
TGT,2020-03-20,20,-0.001,0.1971,0.0359
TGT,2020-03-21,17,-0.0194,0.1579,0.0212
TGT,2020-03-22,20,-0.0823,0.1024,0.0213
TGT,2020-03-23,20,0.0331,0.0997,-0.0079
TGT,2020-03-24,20,-0.2726,0.0179,0.0486
TGT,2020-03-25,20,-0.1398,0.2958,-0.0425
TGT,2020-03-26,20,-0.1218,0.1662,0.0811
TGT,2020-03-27,20,-0.0554,-0.0032,0.0467
TGT,2020-03-28,16,0.1493,0.3054,0.0899
TGT,2020-03-29,20,0.1112,0.273,0.0516
TGT,2020-03-30,20,-0.1394,0.0104,0.0058
TGT,2020-03-31,20,-0.0022,0.1973,0.0277
TGT,2020-04-01,20,0.0685,0.1954,0.1148
TGT,2020-04-02,20,-0.023,0.0779,0.0652
TGT,2020-04-03,20,-0.0452,0.2619,0.0508
TGT,2020-04-04,14,-0.1279,0.1984,-0.0267
TGT,2020-04-05,17,-0.0181,0.0705,0.0219
TGT,2020-04-06,20,0.0549,0.1688,0.0547
TGT,2020-04-07,20,0.0746,0.1108,0.0223
TGT,2020-04-08,20,0.089,0.1995,0.0688
TGT,2020-04-09,20,0.0306,0.3205,0.1004
TGT,2020-04-10,20,0.2386,0.1903,0.1562
TGT,2020-04-11,20,0.2391,0.278,0.1077
TGT,2020-04-12,14,0.2164,0.2919,0.0896
TGT,2020-04-13,20,0.047,0.1502,-0.0022
TGT,2020-04-14,20,0.0957,0.2048,0.0822
TGT,2020-04-15,20,0.3086,0.3909,0.0916
TGT,2020-04-16,20,0.0867,0.3198,0.0698
TGT,2020-04-17,20,0.075,0.0459,0.0844
TGT,2020-04-18,12,-0.0291,0.3158,0.039
TGT,2020-04-19,13,-0.0597,0.2106,-0.0056
TGT,2020-04-20,20,-0.0141,0.4222,0.0098
TGT,2020-04-21,20,0.0995,0.1045,0.0612
TGT,2020-04-22,20,0.0764,0.1687,0.0223
TGT,2020-04-23,20,0.1886,0.387,0.0688
TGT,2020-04-24,20,0.0025,0.2312,0.0653
TGT,2020-04-25,15,0.1324,0.2561,0.0871
TGT,2020-04-26,20,0.1428,0.2672,0.0345
TGT,2020-04-27,20,0.1749,0.2976,0.0101
TGT,2020-04-28,20,0.095,0.4745,0.0516
TGT,2020-04-29,20,-0.0458,0.3217,0.0516
TGT,2020-04-30,20,-0.205,0.217,0.0468
TGT,2020-05-01,20,-0.0591,0.086,0.0164
TGT,2020-05-02,10,0.2879,0.3532,0.0383
TGT,2020-05-03,20,0.0893,0.3889,0.038
TGT,2020-05-04,20,0.0752,0.3369,0.1087
TGT,2020-05-05,20,0.1577,0.4276,0.0605
TGT,2020-05-06,20,0.1287,0.368,0.0892
TGT,2020-05-07,20,0.0879,0.4091,-0.0101
TGT,2020-05-08,20,0.0529,0.3353,0.0568
TGT,2020-05-09,9,0.1148,0.1922,0.032
TGT,2020-05-10,20,0.0529,0.2114,0.0516
TGT,2020-05-11,20,0.0584,0.3241,0.0475
TGT,2020-05-12,20,0.1228,0.2214,0.1265
TGT,2020-05-13,20,-0.0616,0.1753,0.0538
TGT,2020-05-14,20,0.003,0.1724,0.0319
TGT,2020-05-15,20,-0.0819,0.1499,0.057
TGT,2020-05-16,20,-0.1784,0.1772,-0.0195
TGT,2020-05-17,20,0.0801,0.3574,0.0088
TGT,2020-05-18,20,0.2031,0.577,0.0582
TGT,2020-05-19,20,-0.0554,0.0424,0.0314
TGT,2020-05-20,20,-0.0961,-0.0317,-0.064
TGT,2020-05-21,20,-0.0344,0.095,0.0392
TGT,2020-05-22,20,-0.0675,-0.0065,-0.009
TGT,2020-05-23,19,0.1344,0.3027,0.0812
TGT,2020-05-24,12,-0.0363,0.0881,0.0535
TGT,2020-05-25,18,0.094,0.2272,0.0172
TGT,2020-05-26,20,0.0685,0.2888,0.0846
TGT,2020-05-27,20,-0.1131,0.2938,-0.0256
TGT,2020-05-28,20,0.1513,0.1881,0.0594
TGT,2020-05-29,20,-0.1494,0.0411,0.0379
TGT,2020-05-30,20,-0.0048,0.066,0.0542
TGT,2020-05-31,20,-0.2151,-0.0232,0.0516
TGT,2020-06-01,20,-0.098,0.2455,0.066
TGT,2020-06-02,20,-0.2397,0.0921,-0.0932
TGT,2020-06-03,20,0.0523,0.0594,0.0406
TGT,2020-06-04,20,0.0605,0.1203,0.0649
TGT,2020-06-05,20,-0.1361,0.1353,-0.0081
TGT,2020-06-06,15,0.0169,0.3262,0.0475
TGT,2020-06-07,18,0.0863,0.2066,0.0344
TGT,2020-06-08,20,0.1014,0.4412,0.0326
TGT,2020-06-09,20,-0.0025,0.0492,0.0631
TGT,2020-06-10,20,0.0635,0.1508,0.0524
TGT,2020-06-11,20,0.1355,0.2314,0.0957
TGT,2020-06-12,20,-0.0177,0.2437,0.0524
TGT,2020-06-13,20,0.1606,0.3466,0.0748
TGT,2020-06-14,20,0.1124,0.3583,0.0357
TGT,2020-06-15,20,0.1402,0.331,0.1022
TGT,2020-06-16,20,0.2476,0.1067,0.0638
TGT,2020-06-17,20,0.1618,0.1466,0.0634
TGT,2020-06-18,16,0.0783,0.2187,0.0538
TGT,2020-06-19,20,0.0993,0.2561,0.094
TGT,2020-06-20,11,0.0741,0.3211,0.0749
TGT,2020-06-21,8,0.0136,0.1949,0.0604
TGT,2020-06-22,20,0.199,0.4472,0.037
TGT,2020-06-23,20,-0.0621,0.2165,0.096
TGT,2020-06-24,15,-0.0715,0.2323,0.0583
TGT,2020-06-25,20,0.1737,0.175,0.0965
TGT,2020-06-26,10,0.152,0.2479,0.0272
TGT,2020-06-27,8,0.239,0.2763,0.0712
TGT,2020-06-28,12,0.0385,0.2747,0.0354
TGT,2020-06-29,17,0.0583,0.0829,0.0561
TGT,2020-06-30,19,0.0952,0.4837,0.0729
TGT,2020-07-01,10,0.0899,0.2831,0.0078
TGT,2020-07-02,20,0.1413,0.1732,0.0633
TGT,2020-07-03,20,0.2431,0.3802,0.1515
TGT,2020-07-04,4,0.2524,0.0948,0.18
TGT,2020-07-05,5,0.1863,0.309,0.1104
TGT,2020-07-06,20,0.1584,0.2856,0.1139
TGT,2020-07-07,20,0.1065,0.169,0.087
TGT,2020-07-08,20,0.0311,-0.0345,0.0094
TGT,2020-07-09,20,0.0817,0.2126,0.0786
TGT,2020-07-10,20,0.0257,0.2322,0.0651
TGT,2020-07-11,20,0.1017,0.2321,0.1118
TGT,2020-07-12,10,0.2202,0.1017,0.1134
TGT,2020-07-13,20,0.1366,0.306,0.0516
TGT,2020-07-14,20,0.2068,0.3068,0.156
TGT,2020-07-15,20,0.1616,0.2279,0.0921
TGT,2020-07-16,20,-0.0158,0.2298,-0.0019
TGT,2020-07-17,20,0.0751,0.1515,0.0884
TGT,2020-07-18,11,0.1081,0.3352,0.1093
TGT,2020-07-19,10,0.0003,0.3959,0.0278
TGT,2020-07-20,20,0.128,0.3412,0.0361
TGT,2020-07-21,18,0.1073,0.2074,0.1192
TGT,2020-07-22,20,0.2483,0.3973,0.0472
TGT,2020-07-23,20,0.1153,0.3254,0.0722
TGT,2020-07-24,20,0.2458,0.3501,0.1434
TGT,2020-07-25,14,0.1669,0.2148,0.055
TGT,2020-07-26,15,0.1962,0.2234,0.0528
TGT,2020-07-27,20,0.1183,0.161,0.0909
TGT,2020-07-28,20,-0.0599,0.1006,0.0491
TGT,2020-07-29,20,0.0538,0.1575,0.0782
TGT,2020-07-30,20,-0.013,0.1071,-0.0107
TGT,2020-07-31,20,0.1836,0.338,0.113
TGT,2020-08-01,16,0.1277,0.4509,0.0305
TGT,2020-08-02,20,0.0373,0.2663,0.0818
TGT,2020-08-03,20,0.1454,0.1016,0.1014
TGT,2020-08-04,20,0.0485,0.214,0.078
TGT,2020-08-05,20,-0.1132,0.2207,0.0046
TGT,2020-08-06,20,0.0447,0.1234,0.064
TGT,2020-08-07,20,-0.0414,-0.0666,0.025
TGT,2020-08-08,7,-0.1619,0.0438,0.0606
TGT,2020-08-09,18,0.0887,0.3741,0.0369
TGT,2020-08-10,20,0.1111,0.2985,0.1085
TGT,2020-08-11,20,0.1394,0.2644,0.0626
TGT,2020-08-12,20,0.2812,0.3595,0.0644
TGT,2020-08-13,19,0.2916,0.407,0.1015
TGT,2020-08-14,20,0.2034,0.2166,0.0658
TGT,2020-08-15,20,0.0701,0.133,0.0528
TGT,2020-08-16,20,0.0737,0.3374,0.0666
TGT,2020-08-17,20,-0.0233,0.3358,0.0222
TGT,2020-08-18,20,0.1632,0.2334,0.0718
TGT,2020-08-19,20,-0.0147,0.1531,-0.0322
TGT,2020-08-20,20,-0.033,0.1284,0.0384
TGT,2020-08-21,20,-0.0209,0.2843,0.0671
TGT,2020-08-22,20,-0.0148,0.3007,0.0879
TGT,2020-08-23,20,0.2921,0.3429,0.0799
TGT,2020-08-24,20,0.0978,0.181,-0.0058
TGT,2020-08-25,20,-0.0881,0.2845,0.0525
TGT,2020-08-26,20,0.0234,0.0617,0.0774
TGT,2020-08-27,20,0.0388,0.3189,0.0946
TGT,2020-08-28,20,0.0935,0.2119,0.0896
TGT,2020-08-29,15,0.1179,0.1953,0.053
TGT,2020-08-30,14,-0.0812,0.2472,0.0224
TGT,2020-08-31,20,0.0722,0.2908,0.1066
TGT,2020-09-01,20,0.0272,0.0312,0.0788
TGT,2020-09-02,20,0.0025,0.0976,0.0838
TGT,2020-09-03,20,0.044,0.313,0.0349
TGT,2020-09-04,20,-0.1395,0.058,-0.0235
TGT,2020-09-05,7,0.1187,0.1753,0.0747
TGT,2020-09-06,8,0.0359,0.2765,0.0232
TGT,2020-09-07,11,0.2195,0.3583,0.1502
TGT,2020-09-08,20,-0.021,0.1359,0.079
TGT,2020-09-09,20,0.1667,0.2687,0.0526
TGT,2020-09-10,20,0.2139,0.1796,0.0265
TGT,2020-09-11,16,0.0991,0.0813,0.0795
TGT,2020-09-12,8,0.1973,0.2228,0.0041
TGT,2020-09-13,14,0.0524,0.2833,0.0705
TGT,2020-09-14,20,-0.0678,0.0946,0.046
TGT,2020-09-15,13,0.1884,0.3334,0.0745
TGT,2020-09-16,20,0.0628,0.2417,0.0556
TGT,2020-09-17,10,0.1135,0.4971,-0.0422
TGT,2020-09-18,12,0.1523,0.3272,0.1267
TGT,2020-09-19,13,-0.0039,0.0912,0.0971
TGT,2020-09-20,11,-0.0997,0.401,0.0755
TGT,2020-09-21,20,0.1639,0.328,0.0782
TGT,2020-09-22,20,0.3372,0.5453,0.0918
TGT,2020-09-23,20,0.0173,0.188,0.0775
TGT,2020-09-24,20,0.0821,0.2042,0.1094
TGT,2020-09-25,20,0.1081,0.361,0.0758
TGT,2020-09-26,14,-0.0407,0.1198,0.0355
TGT,2020-09-27,9,-0.093,0.0137,0.0639
TGT,2020-09-28,20,0.0728,0.3139,0.0258
TGT,2020-09-29,20,0.1934,0.3502,0.0352
TGT,2020-09-30,20,0.1641,0.2624,0.0656
TGT,2020-10-01,20,0.1245,0.3365,0.0608
TGT,2020-10-02,20,0.1483,0.3036,0.0521
TGT,2020-10-03,7,0.1244,0.3315,0.0926
TGT,2020-10-04,20,0.0994,0.3934,0.0262
TGT,2020-10-05,20,0.1398,0.262,0.0621
TGT,2020-10-06,20,0.0108,0.2538,0.0372
TGT,2020-10-07,20,0.0646,0.1231,0.1032
TGT,2020-10-08,20,0.2598,0.2353,0.0849
TGT,2020-10-09,20,0.0717,0.2122,-0.0046
TGT,2020-10-10,6,0.0146,0.2518,0.0142
TGT,2020-10-11,18,0.0982,0.2847,0.0631
TGT,2020-10-12,20,0.07,0.2278,0.0867
TGT,2020-10-13,20,0.0802,0.3156,0.0852
TGT,2020-10-14,20,0.0182,0.2791,0.0808
TGT,2020-10-15,20,0.1602,0.155,0.0078
TGT,2020-10-16,20,0.129,0.4315,0.1092
TGT,2020-10-17,11,-0.0738,0.2307,0.0214
TGT,2020-10-18,11,-0.0225,0.2283,0.0167
TGT,2020-10-19,20,0.0642,0.3325,0.1256
TGT,2020-10-20,20,0.189,0.3035,0.0916
TGT,2020-10-21,20,0.1897,0.2835,0.1114
TGT,2020-10-22,20,0.0784,0.1903,0.0138
TGT,2020-10-23,19,0.064,0.0868,0.0214
TGT,2020-10-24,5,0.121,0.3176,0.1466
TGT,2020-10-25,4,0.0684,0.3539,0.1195
TGT,2020-10-26,19,0.0828,0.1407,-0.0226
TGT,2020-10-27,20,0.1293,0.2143,0.0377
TGT,2020-10-28,20,-0.0075,0.1416,0.1335
TGT,2020-10-29,15,0.0236,0.0778,0.0435
TGT,2020-10-30,11,0.0547,0.4111,0.0575
TGT,2020-10-31,6,-0.1437,0.0025,0.0347
TGT,2020-11-01,12,0.0639,0.148,0.0694
TGT,2020-11-02,20,0.2206,0.2262,0.0485
TGT,2020-11-03,14,0.0967,0.321,0.0106
TGT,2020-11-04,16,0.0614,0.2009,-0.0128
TGT,2020-11-05,11,0.0268,0.1432,0.0873
TGT,2020-11-06,17,-0.0129,0.241,0.0975
TGT,2020-11-07,7,0.0711,0.1681,0.0233
TGT,2020-11-08,7,0.0415,0.4564,-0.0179
TGT,2020-11-09,20,-0.022,0.1136,0.0622
TGT,2020-11-10,20,0.0281,0.1759,0.1961
TGT,2020-11-11,20,0.1474,0.2845,0.045
TGT,2020-11-12,20,0.2213,0.3231,0.0834
TGT,2020-11-13,20,0.0327,0.247,0.0891
TGT,2020-11-14,16,0.0544,0.2168,0.0376
TGT,2020-11-15,20,0.1177,0.3383,0.0182
TGT,2020-11-16,20,0.1697,0.4801,0.0365
TGT,2020-11-17,20,-0.0576,-0.1083,0.0586
TGT,2020-11-18,20,0.1194,0.1838,0.0408
TGT,2020-11-19,20,0.2571,0.445,0.104
TGT,2020-11-20,20,0.1125,0.292,0.1344
TGT,2020-11-21,18,0.1679,0.2942,0.0571
TGT,2020-11-22,20,0.0106,0.243,0.0581
TGT,2020-11-23,20,0.127,0.3752,0.1964
TGT,2020-11-24,20,0.1662,0.2384,0.071
TGT,2020-11-25,20,0.0184,0.308,0.0904
TGT,2020-11-26,17,0.0977,0.2014,0.0643
TGT,2020-11-27,20,0.0381,0.2903,0.0882
TGT,2020-11-28,11,0.1088,0.2554,0.0995
TGT,2020-11-29,15,-0.0084,0.2952,0.0897
TGT,2020-11-30,20,0.0497,0.2302,0.0329
TGT,2020-12-01,20,0.0303,0.1635,0.0255
TGT,2020-12-02,20,0.0094,0.0532,-0.0067
TGT,2020-12-03,20,-0.0034,0.2414,-0.0018
TGT,2020-12-04,20,0.017,0.3157,0.0501
TGT,2020-12-05,6,0.0555,0.0693,0.0767
TGT,2020-12-06,12,0.0368,0.1257,0.0706
TGT,2020-12-07,20,0.1279,0.2322,0.028
TGT,2020-12-08,20,-0.0725,0.2052,0.0236
TGT,2020-12-09,20,0.1095,0.4098,0.0674
TGT,2020-12-10,20,-0.0348,0.373,0.0432
TGT,2020-12-11,18,0.1031,0.2929,0.0306
TGT,2020-12-12,6,0.1585,0.0333,0.038
TGT,2020-12-13,9,0.0333,0.0179,0.0306
TGT,2020-12-14,20,0.0864,0.3028,0.0252
TGT,2020-12-15,20,0.2452,0.3536,0.0709
TGT,2020-12-16,20,-0.0416,0.1172,-0.0462
TGT,2020-12-17,20,0.129,0.3878,0.0152
TGT,2020-12-18,20,0.0892,0.2768,0.0173
TGT,2020-12-19,16,0.0509,0.2951,0.0446
TGT,2020-12-20,18,0.0885,0.295,0.0833
TGT,2020-12-21,20,0.1046,-0.1485,0.1266
TGT,2020-12-22,20,0.157,0.3232,0.0355
TGT,2020-12-23,20,0.0783,0.2647,0.1502
TGT,2020-12-24,20,0.1447,0.2503,0.0276
TGT,2020-12-25,8,0.1353,0.342,0.0904
TGT,2020-12-26,7,0.0239,0.0182,0.1414
TGT,2020-12-27,12,0.1948,0.2578,0.0109
TGT,2020-12-28,20,0.08,0.0985,0.0328
TGT,2020-12-29,20,0.1358,0.1346,0.0442
TGT,2020-12-30,20,0.0231,0.2925,-0.0135
TGT,2020-12-31,20,0.0357,0.296,0.0005
TGT,2021-01-01,8,0.075,0.0387,-0.0081
TGT,2021-01-02,9,0.2175,0.2719,0.158
TGT,2021-01-03,9,0.0594,0.2524,0.0892
TGT,2021-01-04,20,-0.042,0.1742,0.0669
TGT,2021-01-05,20,0.0397,0.2481,0.0832
TGT,2021-01-06,20,0.0696,0.2241,0.0918
TGT,2021-01-07,20,0.0218,0.2337,0.1068
TGT,2021-01-08,20,0.061,0.2138,0.0172
TGT,2021-01-09,9,-0.0714,0.279,0.0397
TGT,2021-01-10,13,0.1247,0.4102,0.0735
TGT,2021-01-11,20,0.0716,0.261,0.0508
TGT,2021-01-12,20,0.1208,0.3235,0.125
TGT,2021-01-13,20,0.3003,0.2308,0.1697
TGT,2021-01-14,20,0.2066,0.2852,0.0448
TGT,2021-01-15,20,-0.1344,0.1204,0.098
TGT,2021-01-16,9,0.0518,0.0886,0.0803
TGT,2021-01-17,10,-0.0147,0.464,0.0045
TGT,2021-01-18,15,0.0647,0.1598,0.0447
TGT,2021-01-19,20,0.1438,0.4426,0.0542
TGT,2021-01-20,20,0.183,0.4726,0.0883
TGT,2021-01-21,20,0.1495,0.3285,0.1125
TGT,2021-01-22,20,0.1277,0.1837,0.0537
TGT,2021-01-23,7,0.1999,0.3308,0.0837
TGT,2021-01-24,12,0.072,0.233,0.0568
TGT,2021-01-25,15,0.0846,0.1318,0.0945
TGT,2021-01-26,20,0.1764,0.3143,0.058
TGT,2021-01-27,20,-0.0118,0.1424,0.0574
TGT,2021-01-28,20,0.0905,0.3874,0.0948
TGT,2021-01-29,12,0.2318,0.409,0.0734
TGT,2021-01-30,14,0.0553,0.2094,0.0621
TGT,2021-01-31,9,-0.0093,0.2924,0.0059
TGT,2021-02-01,20,0.212,0.2988,0.0926
TGT,2021-02-02,20,0.1273,0.308,0.1074
TGT,2021-02-03,11,0.1294,0.1852,0.0613
TGT,2021-02-04,20,0.1062,0.1077,0.0354
TGT,2021-02-05,20,0.01,0.3105,0.0082
TGT,2021-02-06,19,0.1943,0.268,0.1018
TGT,2021-02-07,13,-0.0626,0.3959,0.0444
TGT,2021-02-08,20,0.459,0.3402,0.0606
TGT,2021-02-09,20,0.2513,0.3961,0.0802
TGT,2021-02-10,20,0.1363,0.2821,0.0285
TGT,2021-02-11,20,0.0389,0.2057,0.0364
TGT,2021-02-12,20,0.169,0.4703,0.1394
TGT,2021-02-13,7,-0.1256,0.1005,0.0997
TGT,2021-02-14,11,0.1318,0.4556,-0.0286
TGT,2021-02-15,6,-0.0122,0.4074,0.083
TGT,2021-02-16,20,0.0034,0.1429,0.0143
TGT,2021-02-17,20,0.0803,0.0419,0.0605
TGT,2021-02-18,20,-0.0335,0.1482,0.0222
TGT,2021-02-19,20,-0.0078,0.1948,0.0332
TGT,2021-02-20,8,-0.0096,0.153,0.101
TGT,2021-02-21,10,0.0247,0.212,0.1243
TGT,2021-02-22,20,0.073,0.2009,0.0175
TGT,2021-02-23,20,0.0149,0.1529,0.0673
TGT,2021-02-24,20,0.0493,0.1791,0.0477
TGT,2021-02-25,20,0.1981,0.2414,0.1169
TGT,2021-02-26,20,0.1675,0.2665,0.1422
TGT,2021-02-27,20,0.0655,0.1095,0.1055
TGT,2021-02-28,20,-0.0516,0.3005,-0.0076
TGT,2021-03-01,20,0.0455,0.2281,0.078
TGT,2021-03-02,20,0.0849,0.2329,0.0343
TGT,2021-03-03,20,0.0125,0.15,0.0536
TGT,2021-03-04,20,-0.01,0.29,0.0506
TGT,2021-03-05,20,0.1687,0.3753,0.0655
TGT,2021-03-06,20,0.142,0.3874,0.0836
TGT,2021-03-07,20,-0.0441,0.2397,0.0086
TGT,2021-03-08,20,0.1804,0.3948,0.0085
TGT,2021-03-09,20,0.2032,0.1996,0.053
TGT,2021-03-10,20,-0.1548,0.0932,0.0676
TGT,2021-03-11,20,0.1448,0.3926,0.0414
TGT,2021-03-12,20,0.1789,0.2643,0.098
TGT,2021-03-13,20,0.4234,0.2468,0.1122
TGT,2021-03-14,16,0.0387,0.1853,0.1014
TGT,2021-03-15,20,0.0546,0.2664,0.04
TGT,2021-03-16,20,0.0127,0.2234,0.0405
TGT,2021-03-17,20,-0.0868,0.1233,0.0634
TGT,2021-03-18,20,0.0554,0.0989,0.1192
TGT,2021-03-19,20,0.2249,0.4275,0.079
TGT,2021-03-20,20,0.153,0.2684,0.0647
TGT,2021-03-21,20,0.1471,0.3559,0.0934
TGT,2021-03-22,20,0.1333,0.3792,0.0642
TGT,2021-03-23,20,0.1171,0.261,0.0411
TGT,2021-03-24,20,-0.007,0.3664,0.0324
TGT,2021-03-25,20,0.0706,0.1809,0.0846
TGT,2021-03-26,20,0.0724,0.3482,-0.0062
TGT,2021-03-27,20,-0.0307,0.2087,0.1185
TGT,2021-03-28,16,0.1576,0.3906,0.0621
TGT,2021-03-29,20,-0.0525,0.1586,0.0056
TGT,2021-03-30,20,0.0569,0.3039,0.0057
TGT,2021-03-31,20,0.083,0.2013,0.0794
TGT,2021-04-01,20,-0.046,0.2612,0.0598
TGT,2021-04-02,10,0.0426,0.0506,0.0391
TGT,2021-04-03,13,0.116,0.1961,0.038
TGT,2021-04-04,7,0.0697,0.4683,0.103
TGT,2021-04-05,20,0.1362,0.3426,0.1026
TGT,2021-04-06,20,0.0818,0.318,0.0191
TGT,2021-04-07,20,0.0151,0.1832,0.0336
TGT,2021-04-08,20,0.0172,0.0006,0.0387
TGT,2021-04-09,20,0.0632,0.325,0.0329
TGT,2021-04-10,12,-0.0925,0.2653,0.0334
TGT,2021-04-11,10,0.1382,0.2859,0.0032
TGT,2021-04-12,20,0.002,0.195,0.1171
TGT,2021-04-13,20,0.0768,0.2867,0.0238
TGT,2021-04-14,20,-0.0557,0.3807,0.0471
TGT,2021-04-15,20,0.001,0.3214,0.0804
TGT,2021-04-16,20,0.0902,0.1899,0.0819
TGT,2021-04-17,12,0.1148,0.2967,0.0594
TGT,2021-04-18,8,0.199,0.4474,0.02
TGT,2021-04-19,20,0.1891,0.3699,0.0518
TGT,2021-04-20,20,0.0461,0.3197,0.0245
TGT,2021-04-21,18,0.0649,0.2355,0.1179
TGT,2021-04-22,16,0.0713,0.1599,0.0369
TGT,2021-04-23,20,0.0282,0.2286,0.0982
TGT,2021-04-24,7,0.0319,0.4064,0.037
TGT,2021-04-25,8,-0.0188,0.3069,0.0218
TGT,2021-04-26,20,-0.0707,0.2156,0.0352
TGT,2021-04-27,20,0.0995,0.3361,0.0885
TGT,2021-04-28,20,-0.0387,0.0376,0.059
TGT,2021-04-29,20,0.0389,0.2036,0.0527
TGT,2021-04-30,16,-0.108,0.1424,0.0577
TGT,2021-05-01,9,0.0814,0.5287,0.0312
TGT,2021-05-02,7,-0.0198,0.401,0.0827
TGT,2021-05-03,20,-0.0369,0.0739,0.0344
TGT,2021-05-04,18,0.099,0.2626,0.0938
TGT,2021-05-05,20,0.1928,0.3252,0.0758
TGT,2021-05-06,19,0.0541,0.3017,0.0857
TGT,2021-05-07,20,0.1153,0.2268,0.1343
TGT,2021-05-08,8,0.0051,0.4717,0.073
TGT,2021-05-09,8,0.1042,0.5725,-0.046
TGT,2021-05-10,19,-0.1743,0.3268,0.0487
TGT,2021-05-11,20,0.1744,0.3314,0.0135
TGT,2021-05-12,20,-0.0236,0.2632,-0.0604
TGT,2021-05-13,20,0.0542,0.1525,0.0459
TGT,2021-05-14,20,0.0592,0.241,0.0582
TGT,2021-05-15,12,0.058,0.1941,0.0251
TGT,2021-05-16,18,0.0081,0.219,0.0089
TGT,2021-05-17,20,0.0994,0.3696,0.037
TGT,2021-05-18,20,0.0988,0.1677,0.0486
TGT,2021-05-19,20,0.1169,0.2206,-0.0052
TGT,2021-05-20,20,0.1254,0.2626,0.1108
TGT,2021-05-21,20,0.056,0.3868,0.1671
TGT,2021-05-22,14,0.2359,0.2444,0.0927
TGT,2021-05-23,13,0.1456,0.2407,0.0114
TGT,2021-05-24,20,-0.0114,0.1332,-0.0248
TGT,2021-05-25,20,0.1027,0.3773,0.0363
TGT,2021-05-26,20,0.2297,0.4074,0.1165
TGT,2021-05-27,20,0.0381,0.3997,0.013
TGT,2021-05-28,20,-0.0246,0.1998,0.0319
TGT,2021-05-29,10,0.0783,0.1897,0.0837
TGT,2021-05-30,16,0.0512,0.3296,0.0508
TGT,2021-05-31,17,0.0669,0.2424,0.0736
TGT,2021-06-01,20,-0.0899,0.2374,0.0363
TGT,2021-06-02,20,0.0602,0.1403,0.0762
TGT,2021-06-03,20,-0.0742,0.2553,0.0119
TGT,2021-06-04,20,0.0993,0.37,0.0739
TGT,2021-06-05,18,-0.037,0.3032,0.0752
TGT,2021-06-06,16,0.0038,0.306,0.0399
TGT,2021-06-07,17,0.1378,0.2533,0.0442
TGT,2021-06-08,20,0.1518,0.3428,0.0738
TGT,2021-06-09,20,0.1757,0.3024,0.0554
TGT,2021-06-10,20,0.0285,0.3152,0.0504
TGT,2021-06-11,20,0.0344,0.3095,0.0767
TGT,2021-06-12,19,-0.142,0.1026,0.0514
TGT,2021-06-13,13,0.1561,0.4205,0.046
TGT,2021-06-14,20,-0.0626,0.0713,-0.0131
TGT,2021-06-15,20,-0.0077,0.0007,0.0748
TGT,2021-06-16,20,-0.0496,0.5041,0.0413
TGT,2021-06-17,20,0.0984,0.4611,0.0422
TGT,2021-06-18,20,0.0437,0.2847,0.0936
TGT,2021-06-19,14,-0.0287,0.1371,0.0261
TGT,2021-06-20,20,-0.0571,0.2423,0.0715
TGT,2021-06-21,20,0.046,0.364,0.1111
TGT,2021-06-22,20,0.1482,0.3033,0.088
TGT,2021-06-23,20,0.0607,0.2467,0.0877
TGT,2021-06-24,20,0.0541,0.2055,0.1265
TGT,2021-06-25,20,0.0059,0.3179,0.0616
TGT,2021-06-26,15,0.0433,0.179,0.1054
TGT,2021-06-27,11,-0.0346,0.3204,0.0571
TGT,2021-06-28,20,0.0536,0.174,0.0706
TGT,2021-06-29,20,0.0948,0.4159,0.0689
TGT,2021-06-30,20,-0.0123,0.15,0.0448
TGT,2021-07-01,20,0.0437,0.1778,0.0804
TGT,2021-07-02,20,-0.025,0.1633,0.0496
TGT,2021-07-03,20,-0.0641,0.2547,0.0516
TGT,2021-07-04,20,0.0394,0.0856,0.0658
TGT,2021-07-05,19,0.0088,0.1993,0.115
TGT,2021-07-06,20,0.0495,0.1937,0.0391
TGT,2021-07-07,20,0.1493,0.3646,0.0688
TGT,2021-07-08,20,0.0126,0.3061,0.1216
TGT,2021-07-09,20,0.046,0.2351,0.09
TGT,2021-07-10,14,-0.046,0.077,0.0651
TGT,2021-07-11,14,0.0848,0.2606,0.0853
TGT,2021-07-12,20,0.0492,0.4243,0.0102
TGT,2021-07-13,20,-0.0482,-0.0591,0.1042
TGT,2021-07-14,20,-0.0027,0.3573,0.1739
TGT,2021-07-15,20,0.0591,0.2522,0.0738
TGT,2021-07-16,20,-0.143,0.104,0.0482
TGT,2021-07-17,14,-0.0402,0.2666,0.0491
TGT,2021-07-18,13,0.1813,0.3476,0.0451
TGT,2021-07-19,20,-0.0851,0.1678,0.0523
TGT,2021-07-20,20,-0.0544,0.118,0.0982
TGT,2021-07-21,20,0.0684,0.2076,0.0374
TGT,2021-07-22,20,0.1291,0.2937,0.0902
TGT,2021-07-23,20,0.0032,0.2917,0.0946
TGT,2021-07-24,16,0.1624,0.3575,0.0968
TGT,2021-07-25,20,0.0958,0.213,0.1051
TGT,2021-07-26,20,0.0496,0.3903,0.0583
TGT,2021-07-27,20,0.1578,0.3858,0.0497
TGT,2021-07-28,20,-0.0026,0.1958,0.073
TGT,2021-07-29,20,0.1104,0.3534,0.0892
TGT,2021-07-30,20,0.0237,0.2837,0.0547
TGT,2021-07-31,20,0.0067,0.1061,0.0456
TGT,2021-08-01,15,0.1471,0.2896,0.0461
TGT,2021-08-02,20,-0.0061,0.2219,0.12
TGT,2021-08-03,20,-0.0192,0.2262,0.0668
TGT,2021-08-04,20,0.0348,0.2466,0.0978
TGT,2021-08-05,20,0.1074,0.3017,0.079
TGT,2021-08-06,20,-0.0775,0.1656,0.0338
TGT,2021-08-07,20,0.0358,0.5991,0.0334
TGT,2021-08-08,20,-0.0118,0.3484,0.0272
TGT,2021-08-09,20,0.0706,0.3019,0.0693
TGT,2021-08-10,20,0.1324,0.1072,0.0698
TGT,2021-08-11,20,0.1485,0.1303,0.0864
TGT,2021-08-12,20,0.1,0.1805,0.1552
TGT,2021-08-13,20,0.0786,0.1449,0.0784
TGT,2021-08-14,20,0.0377,0.2538,0.065
TGT,2021-08-15,20,0.1158,0.4605,-0.0031
TGT,2021-08-16,20,0.1162,0.4822,0.0094
TGT,2021-08-17,20,0.073,0.148,0.0231
TGT,2021-08-18,20,0.0172,0.4062,0.099
TGT,2021-08-19,20,0.1815,0.342,0.0216
TGT,2021-08-20,20,0.0354,0.1537,0.1079
TGT,2021-08-21,20,0.1094,0.1822,0.0472
TGT,2021-08-22,20,0.1689,0.3116,0.1176
TGT,2021-08-23,20,-0.0292,0.2918,0.0483
TGT,2021-08-24,20,-0.1423,0.1757,0.0222
TGT,2021-08-25,20,-0.0274,0.0483,0.0647
TGT,2021-08-26,20,-0.0687,0.1425,0.0768
TGT,2021-08-27,20,0.0631,0.1737,0.0118
TGT,2021-08-28,16,0.0032,0.2257,0.0866
TGT,2021-08-29,17,0.105,0.183,0.1192
TGT,2021-08-30,20,0.072,0.2716,0.0573
TGT,2021-08-31,20,-0.0381,0.2448,0.0093
TGT,2021-09-01,20,0.0332,0.3855,0.0699
TGT,2021-09-02,20,-0.0915,0.1934,-0.0459
TGT,2021-09-03,20,0.1099,0.0763,0.1418
TGT,2021-09-04,20,-0.0575,0.126,0.0528
TGT,2021-09-05,14,-0.1575,0.0623,0.0719
TGT,2021-09-06,14,-0.0668,0.0773,0.0249
TGT,2021-09-07,20,0.0548,0.2981,0.0795
TGT,2021-09-08,20,0.0768,0.3404,0.0002
TGT,2021-09-09,20,-0.0131,0.2927,0.0247
TGT,2021-09-10,20,0.0298,0.3726,0.1228
TGT,2021-09-11,11,-0.0486,-0.0857,0.1207
TGT,2021-09-12,12,0.0104,0.2811,0.103
TGT,2021-09-13,20,-0.0139,0.4513,0.0707
TGT,2021-09-14,20,0.077,0.3232,0.0319
TGT,2021-09-15,20,-0.0878,0.1163,0.0103
TGT,2021-09-16,20,0.1366,0.4514,0.1612
TGT,2021-09-17,20,0.0093,0.2947,0.097
TGT,2021-09-18,18,0.0274,0.3002,0.0577
TGT,2021-09-19,13,0.083,0.3209,0.1
TGT,2021-09-20,20,0.0201,0.3114,0.0371
TGT,2021-09-21,18,-0.1468,0.3695,0.0878
TGT,2021-09-22,20,0.0246,0.3464,0.1115
TGT,2021-09-23,20,0.0149,0.0611,0.0125
TGT,2021-09-24,20,-0.0757,0.0617,0.0668
TGT,2021-09-25,12,0.0272,0.2407,0.0499
TGT,2021-09-26,16,-0.0116,0.2886,0.0329
TGT,2021-09-27,20,-0.1531,0.0856,0.0564
TGT,2021-09-28,20,-0.0376,0.1939,0.0158
TGT,2021-09-29,20,0.069,0.2711,0.05
TGT,2021-09-30,20,-0.0224,0.2772,-0.0
TGT,2021-10-01,20,-0.0673,0.276,0.0402
TGT,2021-10-02,10,-0.0835,-0.026,0.0692
TGT,2021-10-03,11,0.0214,0.0339,0.1306
TGT,2021-10-04,20,0.1023,0.2237,0.072
TGT,2021-10-05,20,0.1325,0.3736,0.0684
TGT,2021-10-06,20,0.0503,0.0736,0.0553
TGT,2021-10-07,20,0.0745,0.2357,0.0874
TGT,2021-10-08,19,-0.0176,0.2499,0.0086
TGT,2021-10-09,10,0.0582,0.4054,0.0421
TGT,2021-10-10,18,0.1189,0.3146,0.1018
TGT,2021-10-11,20,0.1072,0.3326,0.0474
TGT,2021-10-12,20,-0.0161,0.166,0.048
TGT,2021-10-13,20,0.1889,0.2932,0.0373
TGT,2021-10-14,20,0.1735,0.1758,0.0636
TGT,2021-10-15,20,0.1909,0.1791,0.069
TGT,2021-10-16,15,-0.0887,0.2345,0.0326
TGT,2021-10-17,13,0.0516,0.3463,0.0324
TGT,2021-10-18,20,0.0351,0.356,0.0598
TGT,2021-10-19,20,0.082,0.1617,0.0082
TGT,2021-10-20,20,0.2488,0.4155,0.0616
TGT,2021-10-21,20,0.0173,0.2875,0.0442
TGT,2021-10-22,20,0.0553,0.1589,0.1325
TGT,2021-10-23,15,0.0522,0.3727,0.0733
TGT,2021-10-24,9,0.0694,0.3594,0.0721
TGT,2021-10-25,20,0.1042,0.3228,0.0752
TGT,2021-10-26,20,0.1925,0.2866,0.116
TGT,2021-10-27,20,0.0291,0.3189,0.0654
TGT,2021-10-28,20,-0.069,0.0871,0.0515
TGT,2021-10-29,20,0.0485,0.1569,0.0399
TGT,2021-10-30,17,0.0278,0.2507,0.0897
TGT,2021-10-31,16,0.0926,0.2135,0.1304
TGT,2021-11-01,20,0.1275,0.4854,0.0799
TGT,2021-11-02,20,0.209,0.2937,0.105
TGT,2021-11-03,20,0.0952,0.3069,0.0677
TGT,2021-11-04,20,-0.0646,0.2992,0.0693
TGT,2021-11-05,20,-0.0011,0.0664,0.0824
TGT,2021-11-06,12,-0.1071,0.0209,0.0232
TGT,2021-11-07,7,0.0909,0.2667,0.0939
TGT,2021-11-08,13,0.0513,0.4046,0.0387
TGT,2021-11-09,16,0.0651,0.3816,0.0341
TGT,2021-11-10,20,0.0839,0.1537,0.0027
TGT,2021-11-11,20,0.0956,0.2298,0.1208
TGT,2021-11-12,20,-0.0415,0.0738,0.0744
TGT,2021-11-13,20,-0.0377,0.1437,0.0322
TGT,2021-11-14,20,0.0507,0.4061,0.0377
TGT,2021-11-15,20,0.0489,0.1582,0.0755
TGT,2021-11-16,20,-0.0765,0.1662,0.0636
TGT,2021-11-17,20,0.0172,0.2533,0.0506
TGT,2021-11-18,20,0.0493,0.263,0.0938
TGT,2021-11-19,20,-0.0177,0.1347,0.029
TGT,2021-11-20,18,0.1305,0.2013,0.0964
TGT,2021-11-21,19,-0.0859,0.2145,0.0479
TGT,2021-11-22,20,-0.0005,0.1999,0.0611
TGT,2021-11-23,20,0.0241,0.3348,0.0908
TGT,2021-11-24,20,0.0058,0.2226,0.0182
TGT,2021-11-25,18,-0.0157,0.0753,0.0688
TGT,2021-11-26,20,-0.0385,0.3996,0.026
TGT,2021-11-27,20,-0.1701,0.113,0.0093
TGT,2021-11-28,19,-0.273,0.0548,0.0599
TGT,2021-11-29,20,-0.0453,0.2715,0.0997
TGT,2021-11-30,20,-0.1369,0.0612,0.0649
TGT,2021-12-01,20,-0.1528,0.1071,0.0392
TGT,2021-12-02,20,0.007,0.3407,0.1228
TGT,2021-12-03,20,-0.2001,0.1008,0.1034
TGT,2021-12-04,11,-0.1447,-0.0002,0.0681
TGT,2021-12-05,14,-0.016,0.1254,0.0071
TGT,2021-12-06,20,-0.0433,0.1337,0.0258
TGT,2021-12-07,20,-0.13,-0.0388,0.0312
TGT,2021-12-08,20,-0.0286,-0.0412,0.0929
TGT,2021-12-09,20,0.0514,0.1759,0.0456
TGT,2021-12-10,20,-0.1424,0.0528,0.0253
TGT,2021-12-11,16,-0.1835,0.1074,0.1144
TGT,2021-12-12,16,-0.1126,-0.002,0.0437
TGT,2021-12-13,20,-0.0986,-0.0266,0.0272
TGT,2021-12-14,20,-0.0973,0.1178,0.061
TGT,2021-12-15,20,-0.1061,0.1614,0.0049
TGT,2021-12-16,20,-0.0985,0.0459,0.026
TGT,2021-12-17,20,0.1114,0.1035,0.0807
TGT,2021-12-18,11,0.0105,0.3029,0.0973
TGT,2021-12-19,9,-0.2034,-0.1647,0.0691
TGT,2021-12-20,20,-0.0342,0.3245,0.0737
TGT,2021-12-21,20,-0.1872,0.0678,-0.0429
TGT,2021-12-22,20,-0.0686,0.1884,-0.0677
TGT,2021-12-23,20,0.0253,0.3585,-0.0015
TGT,2021-12-24,20,0.0494,0.097,0.0909
TGT,2021-12-25,7,-0.0897,0.1691,0.0736
TGT,2021-12-26,9,0.0528,0.2993,0.1037
TGT,2021-12-27,20,-0.0939,0.1749,0.1626
TGT,2021-12-28,20,0.075,0.2339,0.0346
TGT,2021-12-29,20,0.1617,0.341,0.072
TGT,2021-12-30,20,0.1426,0.2383,0.0538
TGT,2021-12-31,20,0.0884,0.3224,0.071
TGT,2022-01-01,10,-0.0364,0.2442,0.0415
TGT,2022-01-02,12,-0.0632,0.2372,-0.0257
TGT,2022-01-03,20,0.0138,0.255,0.0279
TGT,2022-01-04,20,-0.0944,0.2204,-0.0446
TGT,2022-01-05,20,-0.0305,0.2833,0.0174
TGT,2022-01-06,20,-0.2502,0.0225,-0.013
TGT,2022-01-07,20,-0.07,0.0728,0.0314
TGT,2022-01-08,6,-0.034,0.0534,0.0573
TGT,2022-01-09,9,0.0135,0.3338,0.0212
TGT,2022-01-10,20,-0.1409,0.0533,-0.0136
TGT,2022-01-11,20,-0.1224,0.0909,-0.0354
TGT,2022-01-12,20,-0.2018,0.1605,-0.0477
TGT,2022-01-13,20,-0.0772,0.2647,0.0536
TGT,2022-01-14,20,-0.131,0.106,0.0094
TGT,2022-01-15,10,0.0154,0.3438,-0.1038
TGT,2022-01-16,13,0.1219,0.1402,-0.0078
TGT,2022-01-17,17,-0.1321,0.1933,0.0316
TGT,2022-01-18,20,-0.0248,0.1823,-0.0232
TGT,2022-01-19,20,0.0134,0.3312,0.0546
TGT,2022-01-20,20,0.0202,0.1499,-0.0216
TGT,2022-01-21,20,0.0951,0.1305,0.0556
TGT,2022-01-22,10,-0.0291,0.0948,0.0727
TGT,2022-01-23,7,0.2026,0.1454,-0.0281
TGT,2022-01-24,20,0.0447,0.202,0.0786
TGT,2022-01-25,14,0.0711,0.3207,0.1082
TGT,2022-01-26,19,-0.0887,0.0671,0.0174
TGT,2022-01-27,13,-0.0224,0.1969,-0.0056
TGT,2022-01-28,20,-0.0808,0.3064,0.057
TGT,2022-01-29,2,-0.2726,0.3293,0.0765
TGT,2022-01-30,7,0.025,0.4092,0.0977
TGT,2022-01-31,20,0.1459,0.1538,0.0845
TGT,2022-02-01,20,-0.0531,0.1847,-0.0133
TGT,2022-02-02,20,-0.0109,0.2998,0.0532
TGT,2022-02-03,20,-0.0729,0.1501,-0.0051
TGT,2022-02-04,20,-0.044,0.0477,-0.0086
TGT,2022-02-05,11,-0.2241,0.1124,0.0297
TGT,2022-02-06,8,0.0625,0.2592,0.0347
TGT,2022-02-07,20,0.0446,0.2709,0.0378
TGT,2022-02-08,14,0.041,0.3097,0.0795
TGT,2022-02-09,18,0.0171,0.353,0.0761
TGT,2022-02-10,20,0.0904,0.5183,0.0802
TGT,2022-02-11,9,0.2245,0.4848,0.0547
TGT,2022-02-12,1,0.0143,-0.1348,0.0
TGT,2022-02-13,5,-0.3445,0.2651,-0.024
TGT,2022-02-14,20,-0.0717,0.0575,0.0302
TGT,2022-02-15,20,-0.0105,0.2999,0.0958
TGT,2022-02-16,20,-0.1471,0.3938,0.0826
TGT,2022-02-17,20,-0.1205,0.1917,-0.0116
TGT,2022-02-18,19,-0.0059,0.2706,0.0865
TGT,2022-02-19,4,-0.1458,0.3028,0.0305
TGT,2022-02-20,5,-0.1418,0.2711,0.0152
TGT,2022-02-21,7,0.0701,0.4011,0.0106
TGT,2022-02-22,20,-0.1999,0.0364,-0.0256
TGT,2022-02-23,20,0.0703,0.3429,0.0507
TGT,2022-02-24,20,0.0346,0.3197,0.0462
TGT,2022-02-25,18,0.0388,0.3031,0.1113
TGT,2022-02-26,10,-0.0899,0.0456,0.0231
TGT,2022-02-27,14,0.0425,0.181,0.0382
TGT,2022-02-28,20,0.0079,0.1125,0.0573
TGT,2022-03-01,20,0.0937,0.2162,-0.037
TGT,2022-03-02,20,0.1191,0.2272,0.0774
TGT,2022-03-03,20,0.1973,0.2079,0.1077
TGT,2022-03-04,20,0.0955,0.278,0.097
TGT,2022-03-05,18,-0.0552,0.1388,0.0631
TGT,2022-03-06,15,-0.0219,0.1185,0.0027
TGT,2022-03-07,20,-0.093,0.0691,0.0313
TGT,2022-03-08,20,-0.0096,0.3883,0.113
TGT,2022-03-09,20,0.0738,0.2024,0.0164
TGT,2022-03-10,20,0.0633,0.2523,0.1302
TGT,2022-03-11,20,0.0976,0.1268,0.036
TGT,2022-03-12,20,0.04,0.0048,0.1298
TGT,2022-03-13,10,-0.0895,0.1273,0.0012
TGT,2022-03-14,20,0.0658,0.2098,0.0949
TGT,2022-03-15,18,0.0548,0.2612,0.0642
TGT,2022-03-16,20,-0.0434,0.1113,0.0283
TGT,2022-03-17,20,0.0538,0.1598,0.1088
TGT,2022-03-18,20,-0.1459,0.1684,0.0881
TGT,2022-03-19,7,-0.0224,0.3423,0.0707
TGT,2022-03-20,10,0.1131,0.3212,0.0316
TGT,2022-03-21,20,-0.0739,0.1518,0.0498
TGT,2022-03-22,20,0.0564,0.2066,0.0843
TGT,2022-03-23,20,0.0044,0.1994,0.0742
TGT,2022-03-24,15,0.1009,0.1887,0.0678
TGT,2022-03-25,12,0.0549,0.2379,0.1104
TGT,2022-03-26,13,0.1149,0.2482,-0.0138
TGT,2022-03-27,5,0.0634,0.0777,0.064
TGT,2022-03-28,12,-0.0723,-0.0087,0.0852
TGT,2022-03-29,16,-0.1121,0.1866,-0.016
TGT,2022-03-30,14,0.1221,0.2777,0.0441
TGT,2022-03-31,20,-0.0219,0.1728,-0.0
TGT,2022-04-01,20,-0.0244,-0.0579,-0.0012
TGT,2022-04-02,11,-0.1291,0.0768,0.0115
TGT,2022-04-03,5,0.1076,-0.0358,0.0218
TGT,2022-04-04,20,0.0448,0.1511,0.0503
TGT,2022-04-05,19,-0.1334,0.1417,-0.0036
TGT,2022-04-06,20,0.041,0.0063,0.0066
TGT,2022-04-07,20,0.2502,0.2747,0.089
TGT,2022-04-08,20,0.0074,0.253,0.1096
TGT,2022-04-09,16,0.0868,0.2136,0.0293
TGT,2022-04-10,12,0.0137,0.3453,0.0346
TGT,2022-04-11,20,0.0177,0.2063,0.082
TGT,2022-04-12,20,0.0651,0.2648,0.0194
TGT,2022-04-13,20,-0.0022,-0.0358,0.0066
TGT,2022-04-14,20,0.168,0.1712,0.103
TGT,2022-04-15,18,0.0677,0.2157,0.0449
TGT,2022-04-16,9,0.0924,0.463,0.0331
TGT,2022-04-17,8,0.048,0.3571,0.0721
TGT,2022-04-18,20,0.1325,0.3935,0.038
TGT,2022-04-19,20,0.1438,0.2821,0.0308
TGT,2022-04-20,20,-0.064,0.0303,0.0441
TGT,2022-04-21,20,0.2403,0.2425,0.0884
TGT,2022-04-22,20,-0.0296,0.0763,0.0517
TGT,2022-04-23,8,0.0604,0.0949,0.0302
TGT,2022-04-24,12,0.0529,0.1188,0.028
TGT,2022-04-25,20,0.0327,0.2071,-0.0283
TGT,2022-04-26,20,-0.0689,-0.0717,0.0322
TGT,2022-04-27,20,-0.1756,0.1089,0.0257
TGT,2022-04-28,17,0.0783,0.1162,-0.0556
TGT,2022-04-29,19,-0.0031,0.1795,0.0637
TGT,2022-04-30,6,0.0163,-0.0492,0.0247
TGT,2022-05-01,8,0.0764,0.123,0.0552
TGT,2022-05-02,16,-0.0626,0.0034,0.0101
TGT,2022-05-03,20,0.0581,0.1481,0.0119
TGT,2022-05-04,20,0.074,0.2747,0.0764
TGT,2022-05-05,20,-0.072,0.3173,0.0448
TGT,2022-05-06,15,-0.1088,0.0556,0.0447
TGT,2022-05-07,8,-0.118,0.0766,0.0954
TGT,2022-05-08,8,-0.0521,-0.0548,-0.0109
TGT,2022-05-09,20,0.0101,0.1709,0.0774
TGT,2022-05-10,20,0.1081,0.196,0.0597
TGT,2022-05-11,18,-0.151,0.1235,0.0404
TGT,2022-05-12,20,-0.1039,0.2456,0.0342
TGT,2022-05-13,20,0.1019,0.2603,0.0324
TGT,2022-05-14,9,0.0302,0.3693,0.014
TGT,2022-05-15,20,-0.1587,0.1016,-0.0374
TGT,2022-05-16,20,-0.0225,0.0998,0.0072
TGT,2022-05-17,20,-0.221,-0.0216,0.0528
TGT,2022-05-18,20,-0.2023,-0.064,0.0106
TGT,2022-05-19,20,-0.144,0.2481,-0.0467
TGT,2022-05-20,20,-0.264,0.0788,0.0557
TGT,2022-05-21,20,-0.235,-0.0383,-0.0595
TGT,2022-05-22,20,-0.2096,0.108,0.0143
TGT,2022-05-23,20,-0.3083,0.1129,0.0137
TGT,2022-05-24,20,-0.0728,0.1791,0.0536
TGT,2022-05-25,20,0.0868,0.3233,0.0019
TGT,2022-05-26,20,-0.0726,-0.0043,0.06
TGT,2022-05-27,20,0.0453,0.1336,0.0596
TGT,2022-05-28,20,-0.1622,-0.0517,0.035
TGT,2022-05-29,18,-0.0577,0.0599,0.0238
TGT,2022-05-30,20,0.0159,0.0777,0.0274
TGT,2022-05-31,20,-0.0255,0.2417,0.0064
TGT,2022-06-01,20,-0.2207,0.0714,-0.0388
TGT,2022-06-02,20,-0.115,0.0577,-0.0001
TGT,2022-06-03,20,-0.0135,0.1503,0.0349
TGT,2022-06-04,19,-0.0815,0.1304,0.0295
TGT,2022-06-05,10,-0.0183,0.1112,0.0634
TGT,2022-06-06,20,-0.142,0.2629,-0.0063
TGT,2022-06-07,20,-0.2747,-0.0652,-0.0806
TGT,2022-06-08,20,-0.2489,0.1228,0.013
TGT,2022-06-09,20,0.0031,0.278,-0.0285
TGT,2022-06-10,20,0.0021,0.1886,-0.0096
TGT,2022-06-11,20,-0.0428,0.0748,0.0364
TGT,2022-06-12,15,-0.0528,0.17,-0.0267
TGT,2022-06-13,20,0.034,0.073,0.0388
TGT,2022-06-14,20,-0.1359,0.1441,0.0128
TGT,2022-06-15,20,0.0351,0.3029,0.0389
TGT,2022-06-16,20,0.0858,0.3241,0.0368
TGT,2022-06-17,20,-0.0822,0.0596,0.0016
TGT,2022-06-18,17,-0.1242,-0.0351,0.0372
TGT,2022-06-19,8,-0.3131,-0.1341,-0.047
TGT,2022-06-20,13,0.0454,-0.1901,0.0503
TGT,2022-06-21,20,-0.1397,-0.0349,-0.0096
TGT,2022-06-22,20,-0.0938,0.1929,0.0422
TGT,2022-06-23,20,-0.0679,-0.0013,0.0928
TGT,2022-06-24,20,0.0673,0.1497,0.0122
TGT,2022-06-25,6,0.0732,0.4046,-0.0795
TGT,2022-06-26,7,0.1658,0.2725,0.0801
TGT,2022-06-27,20,0.1677,0.3844,0.0076
TGT,2022-06-28,20,-0.0705,0.02,0.0449
TGT,2022-06-29,20,-0.2676,-0.0439,-0.0058
TGT,2022-06-30,20,-0.0061,0.3489,0.0295
TGT,2022-07-01,16,-0.0835,0.0533,-0.0421
TGT,2022-07-02,9,0.1276,0.2741,0.0278
TGT,2022-07-03,11,0.079,0.2321,0.0479
TGT,2022-07-04,20,0.0738,0.2188,0.0819
TGT,2022-07-05,20,-0.0519,0.1814,0.0678
TGT,2022-07-06,20,0.0534,0.2502,0.0093
TGT,2022-07-07,20,0.2057,0.3723,0.0736
TGT,2022-07-08,11,0.1036,0.2649,0.0639
TGT,2022-07-09,13,0.1115,0.1784,0.0915
TGT,2022-07-10,8,0.1055,0.3047,0.0741
TGT,2022-07-11,17,0.1008,0.2917,0.0399
TGT,2022-07-12,18,0.1155,0.1881,0.0367
TGT,2022-07-13,20,-0.0913,0.1703,0.0084
TGT,2022-07-14,20,0.1763,0.271,0.1136
TGT,2022-07-15,20,-0.0467,0.2911,0.0305
TGT,2022-07-16,15,0.0937,0.3409,0.0812
TGT,2022-07-17,13,0.0249,0.2909,0.0524
TGT,2022-07-18,20,-0.0222,0.1032,0.0064
TGT,2022-07-19,20,0.1094,0.1497,0.0195
TGT,2022-07-20,19,0.0307,0.3558,0.0337
TGT,2022-07-21,20,0.0642,0.2978,0.0105
TGT,2022-07-22,20,-0.0331,0.1072,0.0569
TGT,2022-07-23,15,0.07,0.2087,0.0393
TGT,2022-07-24,5,0.4295,0.3254,0.0888
TGT,2022-07-25,20,-0.1958,-0.0452,0.0418
TGT,2022-07-26,20,-0.0513,-0.0002,0.1054
TGT,2022-07-27,20,0.1815,0.2721,0.0712
TGT,2022-07-28,20,-0.0566,-0.0985,0.0667
TGT,2022-07-29,20,0.0726,0.2169,0.064
TGT,2022-07-30,10,0.1322,0.2163,0.0378
TGT,2022-07-31,19,0.1722,0.432,0.0691
TGT,2022-08-01,20,-0.0282,0.0932,0.046
TGT,2022-08-02,20,-0.0163,0.1573,0.0302
TGT,2022-08-03,20,-0.04,0.1527,0.0178
TGT,2022-08-04,20,0.1536,0.2546,0.0828
TGT,2022-08-05,20,0.0962,0.4072,0.0268
TGT,2022-08-06,20,0.1471,0.2948,-0.0174
TGT,2022-08-07,13,0.0878,0.4158,-0.0215
TGT,2022-08-08,20,0.013,0.204,0.0376
TGT,2022-08-09,20,0.2182,0.26,0.0445
TGT,2022-08-10,20,0.0202,0.1162,0.0033
TGT,2022-08-11,20,0.0717,0.3347,0.0488
TGT,2022-08-12,20,0.0284,0.1461,0.0786
TGT,2022-08-13,18,0.0884,0.3737,0.056
TGT,2022-08-14,20,-0.0382,0.246,0.0183
TGT,2022-08-15,20,-0.2001,-0.0566,-0.0152
TGT,2022-08-16,20,-0.1013,0.1446,0.0097
TGT,2022-08-17,20,-0.1394,0.1699,-0.0366
TGT,2022-08-18,20,-0.1342,0.1385,-0.0394
TGT,2022-08-19,20,-0.0918,-0.0214,0.0443
TGT,2022-08-20,20,-0.1967,0.2112,-0.0092
TGT,2022-08-21,20,0.0046,0.1806,0.0899
TGT,2022-08-22,20,-0.1479,0.3021,-0.0036
TGT,2022-08-23,20,-0.1776,0.3363,-0.0334
TGT,2022-08-24,20,-0.0647,0.1961,-0.0195
TGT,2022-08-25,20,0.0363,0.3476,-0.0062
TGT,2022-08-26,20,-0.1013,0.0648,-0.0911
TGT,2022-08-27,15,-0.0632,0.1272,0.083
TGT,2022-08-28,9,0.0663,0.023,0.0448
TGT,2022-08-29,16,-0.1775,0.0841,0.046
TGT,2022-08-30,20,0.0785,0.0835,0.1054
TGT,2022-08-31,20,-0.1762,-0.0498,-0.0188
TGT,2022-09-01,20,-0.1566,0.1289,0.007
TGT,2022-09-02,20,-0.0515,0.1515,0.0362
TGT,2022-09-03,2,0.0144,0.3162,-0.0455
TGT,2022-09-04,14,0.1208,0.3819,0.0661
TGT,2022-09-05,11,0.2151,0.3302,0.0468
TGT,2022-09-06,20,-0.0763,0.1437,0.0516
TGT,2022-09-07,20,0.0717,0.1003,0.052
TGT,2022-09-08,20,-0.0826,0.2414,-0.0415
TGT,2022-09-09,20,0.0829,0.4529,0.0308
TGT,2022-09-10,5,-0.1017,-0.1655,0.1078
TGT,2022-09-11,8,0.0072,0.1644,0.0837
TGT,2022-09-12,20,-0.1154,0.1104,0.0941
TGT,2022-09-13,20,-0.0209,0.2703,0.0678
TGT,2022-09-14,20,-0.0758,0.2816,0.0486
TGT,2022-09-15,20,0.028,0.1281,0.0558
TGT,2022-09-16,20,-0.0349,0.1769,0.0049
TGT,2022-09-17,13,-0.2199,0.0612,-0.0
TGT,2022-09-18,8,-0.031,0.1622,0.1051
TGT,2022-09-19,20,-0.04,0.1182,0.0376
TGT,2022-09-20,20,-0.0794,0.0596,0.0363
TGT,2022-09-21,20,0.0797,0.3152,0.0876
TGT,2022-09-22,20,0.0853,0.0343,0.0776
TGT,2022-09-23,20,0.0726,0.1352,0.069
TGT,2022-09-24,8,0.0816,0.4293,0.1294
TGT,2022-09-25,11,0.0934,0.1095,0.0255
TGT,2022-09-26,20,-0.0628,0.1767,-0.0274
TGT,2022-09-27,20,0.0013,0.3238,0.0431
TGT,2022-09-28,20,-0.1303,0.0695,0.0602
TGT,2022-09-29,20,-0.1052,0.1882,0.0253
TGT,2022-09-30,16,-0.1298,0.0737,0.0452
TGT,2022-10-01,11,0.0509,0.258,0.0558
TGT,2022-10-02,11,-0.0547,0.1782,0.0571
TGT,2022-10-03,20,0.0571,0.127,0.081
TGT,2022-10-04,20,0.0304,0.1015,0.025
TGT,2022-10-05,20,0.0626,0.0955,0.0312
TGT,2022-10-06,11,0.017,0.0946,0.0305
TGT,2022-10-07,17,-0.0649,0.0652,-0.0041
TGT,2022-10-08,6,0.0695,0.1934,0.1078
TGT,2022-10-09,5,0.2215,0.463,-0.0394
TGT,2022-10-10,20,0.0096,0.0771,0.0232
TGT,2022-10-11,17,0.0044,0.1897,0.0199
TGT,2022-10-12,19,0.1104,0.2159,0.0455
TGT,2022-10-13,15,0.1303,0.2428,0.0917
TGT,2022-10-14,20,-0.1077,0.2394,0.0141
TGT,2022-10-15,7,0.118,0.1389,0.0411
TGT,2022-10-16,6,-0.0241,0.6516,0.1085
TGT,2022-10-17,20,-0.0333,0.1948,0.03
TGT,2022-10-18,20,0.1966,0.4199,0.0822
TGT,2022-10-19,20,0.1137,0.3206,0.0774
TGT,2022-10-20,20,0.1589,0.158,0.0233
TGT,2022-10-21,20,-0.0569,0.1368,0.0272
TGT,2022-10-22,15,0.1632,0.3538,0.081
TGT,2022-10-23,15,0.0651,0.1192,0.0385
TGT,2022-10-24,20,0.1582,0.2558,0.047
TGT,2022-10-25,18,0.1393,0.3133,0.0736
TGT,2022-10-26,20,0.133,0.1647,0.0799
TGT,2022-10-27,20,0.1392,0.1388,0.07
TGT,2022-10-28,10,-0.0606,0.1546,-0.0339
TGT,2022-10-29,6,0.2177,0.2204,0.0572
TGT,2022-10-30,4,0.0853,0.0442,0.1828
TGT,2022-10-31,16,-0.0566,0.1353,0.044
TGT,2022-11-01,20,0.0825,0.2772,0.0222
TGT,2022-11-02,10,0.0064,0.1184,0.0177
TGT,2022-11-03,16,0.144,0.3225,0.0558
TGT,2022-11-04,15,-0.0182,0.0738,0.0335
TGT,2022-11-05,6,0.0518,0.1429,0.0102
TGT,2022-11-06,5,0.0781,0.1633,-0.0038
TGT,2022-11-07,20,-0.0621,0.2558,0.0424
TGT,2022-11-08,18,0.1235,0.2677,0.0651
TGT,2022-11-09,20,0.0382,0.144,0.1032
TGT,2022-11-10,20,0.127,0.0809,0.0817
TGT,2022-11-11,20,0.1628,0.2308,0.0273
TGT,2022-11-12,15,0.0057,0.0785,0.0243
TGT,2022-11-13,20,0.0872,0.4547,0.0886
TGT,2022-11-14,20,0.0841,0.2896,0.0123
TGT,2022-11-15,20,-0.0382,0.2951,-0.0255
TGT,2022-11-16,20,-0.2252,0.0011,-0.0156
TGT,2022-11-17,20,-0.1008,-0.12,-0.0241
TGT,2022-11-18,20,-0.1077,0.0343,0.1057
TGT,2022-11-19,20,0.0064,0.0457,-0.1009
TGT,2022-11-20,11,0.1875,0.2105,-0.0137
TGT,2022-11-21,20,-0.1346,0.0874,0.0142
TGT,2022-11-22,20,-0.1175,0.0767,0.0562
TGT,2022-11-23,20,-0.0258,0.2134,0.0516
TGT,2022-11-24,11,-0.0935,0.228,0.0994
TGT,2022-11-25,20,-0.0149,0.2206,0.1436
TGT,2022-11-26,20,0.0855,0.1424,0.0347
TGT,2022-11-27,17,-0.0348,0.1565,0.0596
TGT,2022-11-28,20,-0.1527,0.2061,0.0278
TGT,2022-11-29,20,0.0173,0.07,0.027
TGT,2022-11-30,20,0.0688,0.116,0.0698
TGT,2022-12-01,20,-0.0889,0.0838,-0.0288
TGT,2022-12-02,20,0.0972,0.081,0.0936
TGT,2022-12-03,8,0.0167,-0.2572,0.0455
TGT,2022-12-04,4,-0.2007,0.2142,0.0188
TGT,2022-12-05,20,0.0019,0.088,-0.0304
TGT,2022-12-06,20,-0.0347,0.2133,0.0128
TGT,2022-12-07,20,-0.0105,0.1969,0.0691
TGT,2022-12-08,20,-0.0527,0.2857,0.0019
TGT,2022-12-09,18,-0.1281,0.3184,-0.0218
TGT,2022-12-10,7,0.1875,-0.1235,0.0271
TGT,2022-12-11,9,0.0491,0.2216,0.0534
TGT,2022-12-12,20,-0.1964,-0.0701,0.0268
TGT,2022-12-13,19,0.0634,0.1822,0.0864
TGT,2022-12-14,20,0.0739,0.0383,0.0024
TGT,2022-12-15,20,-0.2457,-0.0461,-0.0489
TGT,2022-12-16,18,0.0105,0.1836,0.0143
TGT,2022-12-17,7,0.1469,0.1462,0.0517
TGT,2022-12-18,11,-0.0466,0.0999,0.0038
TGT,2022-12-19,20,0.0354,0.0941,0.1126
TGT,2022-12-20,20,-0.1568,0.1055,0.0741
TGT,2022-12-21,20,-0.0715,0.238,0.0477
TGT,2022-12-22,20,-0.1815,0.1357,-0.0076
TGT,2022-12-23,20,-0.0252,0.2365,-0.0014
TGT,2022-12-24,5,-0.0284,0.1589,-0.0416
TGT,2022-12-25,6,-0.0006,0.1333,-0.0337
TGT,2022-12-26,15,0.318,0.1818,0.1518
TGT,2022-12-27,16,-0.0388,0.1262,0.0301
TGT,2022-12-28,16,0.0059,0.2337,0.0034
TGT,2022-12-29,18,0.1839,0.1584,0.0868
TGT,2022-12-30,17,-0.0786,0.1637,-0.0143
TGT,2022-12-31,5,-0.1315,0.0585,0.075
